setting,sample_id,roi_index,series,point_index,time_us,time_relative_to_peak_ms,cumulative_polarity_relative_events
Default,1,15436,raw,0,38554409.0,-6.955,0.0
Default,1,15436,raw,1,38554428.0,-6.936,1.0
Default,1,15436,raw,2,38554452.0,-6.912,2.0
Default,1,15436,raw,3,38554464.0,-6.9,3.0
Default,1,15436,raw,4,38554505.0,-6.859,4.0
Default,1,15436,raw,5,38554506.0,-6.8580000000000005,5.0
Default,1,15436,raw,6,38554534.0,-6.83,6.0
Default,1,15436,raw,7,38554547.0,-6.817,7.0
Default,1,15436,raw,8,38554568.0,-6.796,8.0
Default,1,15436,raw,9,38554617.0,-6.747,9.0
Default,1,15436,raw,10,38554667.0,-6.697,10.0
Default,1,15436,raw,11,38554713.0,-6.651,11.0
Default,1,15436,raw,12,38554714.0,-6.65,12.0
Default,1,15436,raw,13,38554732.0,-6.632000000000001,13.0
Default,1,15436,raw,14,38554757.0,-6.607,14.0
Default,1,15436,raw,15,38554814.0,-6.55,15.0
Default,1,15436,raw,16,38554957.0,-6.407,16.0
Default,1,15436,raw,17,38554974.0,-6.390000000000001,17.0
Default,1,15436,raw,18,38554989.0,-6.375,18.0
Default,1,15436,raw,19,38555057.0,-6.307,19.0
Default,1,15436,raw,20,38555113.0,-6.251,20.0
Default,1,15436,raw,21,38555246.0,-6.118,21.0
Default,1,15436,raw,22,38555302.0,-6.062,22.0
Default,1,15436,raw,23,38555303.0,-6.061,23.0
Default,1,15436,raw,24,38555353.0,-6.011,24.0
Default,1,15436,raw,25,38555404.0,-5.96,25.0
Default,1,15436,raw,26,38555442.0,-5.922,26.0
Default,1,15436,raw,27,38555455.0,-5.909,27.0
Default,1,15436,raw,28,38555467.0,-5.897,28.0
Default,1,15436,raw,29,38555511.0,-5.853,29.0
Default,1,15436,raw,30,38555541.0,-5.823,30.0
Default,1,15436,raw,31,38555542.0,-5.822,31.0
Default,1,15436,raw,32,38555585.0,-5.779,32.0
Default,1,15436,raw,33,38555605.0,-5.759,33.0
Default,1,15436,raw,34,38555630.0,-5.734,34.0
Default,1,15436,raw,35,38555685.0,-5.679,35.0
Default,1,15436,raw,36,38555716.0,-5.648,36.0
Default,1,15436,raw,37,38555730.0,-5.634,37.0
Default,1,15436,raw,38,38555762.0,-5.602,38.0
Default,1,15436,raw,39,38555764.0,-5.6000000000000005,39.0
Default,1,15436,raw,40,38555806.0,-5.558,40.0
Default,1,15436,raw,41,38555824.0,-5.54,41.0
Default,1,15436,raw,42,38555921.0,-5.4430000000000005,42.0
Default,1,15436,raw,43,38556096.0,-5.268,43.0
Default,1,15436,raw,44,38556099.0,-5.265,44.0
Default,1,15436,raw,45,38556153.0,-5.211,45.0
Default,1,15436,raw,46,38556306.0,-5.058,46.0
Default,1,15436,raw,47,38556312.0,-5.0520000000000005,47.0
Default,1,15436,raw,48,38556338.0,-5.026,48.0
Default,1,15436,raw,49,38556342.0,-5.022,49.0
Default,1,15436,raw,50,38556350.0,-5.014,50.0
Default,1,15436,raw,51,38556379.0,-4.985,51.0
Default,1,15436,raw,52,38556396.0,-4.968,52.0
Default,1,15436,raw,53,38556442.0,-4.922,53.0
Default,1,15436,raw,54,38556448.0,-4.916,54.0
Default,1,15436,raw,55,38556464.0,-4.9,55.0
Default,1,15436,raw,56,38556476.0,-4.888,56.0
Default,1,15436,raw,57,38556490.0,-4.874,57.0
Default,1,15436,raw,58,38556518.0,-4.846,58.0
Default,1,15436,raw,59,38556532.0,-4.832,59.0
Default,1,15436,raw,60,38556573.0,-4.791,60.0
Default,1,15436,raw,61,38556687.0,-4.6770000000000005,61.0
Default,1,15436,raw,62,38556808.0,-4.556,62.0
Default,1,15436,raw,63,38556851.0,-4.513,63.0
Default,1,15436,raw,64,38556857.0,-4.507,64.0
Default,1,15436,raw,65,38556919.0,-4.445,65.0
Default,1,15436,raw,66,38556971.0,-4.393,66.0
Default,1,15436,raw,67,38556987.0,-4.377,67.0
Default,1,15436,raw,68,38556991.0,-4.373,68.0
Default,1,15436,raw,69,38557061.0,-4.303,69.0
Default,1,15436,raw,70,38557067.0,-4.297,70.0
Default,1,15436,raw,71,38557104.0,-4.26,71.0
Default,1,15436,raw,72,38557116.0,-4.248,72.0
Default,1,15436,raw,73,38557119.0,-4.245,73.0
Default,1,15436,raw,74,38557178.0,-4.186,74.0
Default,1,15436,raw,75,38557192.0,-4.172,75.0
Default,1,15436,raw,76,38557228.0,-4.136,76.0
Default,1,15436,raw,77,38557253.0,-4.111,77.0
Default,1,15436,raw,78,38557309.0,-4.055,78.0
Default,1,15436,raw,79,38557342.0,-4.022,79.0
Default,1,15436,raw,80,38557391.0,-3.973,80.0
Default,1,15436,raw,81,38557464.0,-3.9,81.0
Default,1,15436,raw,82,38557487.0,-3.8770000000000002,82.0
Default,1,15436,raw,83,38557612.0,-3.7520000000000002,83.0
Default,1,15436,raw,84,38557631.0,-3.733,84.0
Default,1,15436,raw,85,38557798.0,-3.5660000000000003,85.0
Default,1,15436,raw,86,38557813.0,-3.551,86.0
Default,1,15436,raw,87,38557819.0,-3.545,87.0
Default,1,15436,raw,88,38557884.0,-3.48,88.0
Default,1,15436,raw,89,38557916.0,-3.448,89.0
Default,1,15436,raw,90,38557973.0,-3.391,90.0
Default,1,15436,raw,91,38557990.0,-3.374,91.0
Default,1,15436,raw,92,38558006.0,-3.358,92.0
Default,1,15436,raw,93,38558029.0,-3.335,93.0
Default,1,15436,raw,94,38558094.0,-3.27,94.0
Default,1,15436,raw,95,38558281.0,-3.083,95.0
Default,1,15436,raw,96,38558284.0,-3.08,96.0
Default,1,15436,raw,97,38558298.0,-3.0660000000000003,97.0
Default,1,15436,raw,98,38558320.0,-3.044,98.0
Default,1,15436,raw,99,38558394.0,-2.97,99.0
Default,1,15436,raw,100,38558416.0,-2.948,100.0
Default,1,15436,raw,101,38558449.0,-2.915,101.0
Default,1,15436,raw,102,38558501.0,-2.863,102.0
Default,1,15436,raw,103,38558528.0,-2.836,103.0
Default,1,15436,raw,104,38558659.0,-2.705,104.0
Default,1,15436,raw,105,38558660.0,-2.704,105.0
Default,1,15436,raw,106,38558745.0,-2.619,106.0
Default,1,15436,raw,107,38558908.0,-2.456,107.0
Default,1,15436,raw,108,38558974.0,-2.39,108.0
Default,1,15436,raw,109,38559039.0,-2.325,109.0
Default,1,15436,raw,110,38559072.0,-2.2920000000000003,110.0
Default,1,15436,raw,111,38559120.0,-2.244,111.0
Default,1,15436,raw,112,38559169.0,-2.195,112.0
Default,1,15436,raw,113,38559186.0,-2.178,113.0
Default,1,15436,raw,114,38559220.0,-2.144,114.0
Default,1,15436,raw,115,38559243.0,-2.121,115.0
Default,1,15436,raw,116,38559328.0,-2.036,116.0
Default,1,15436,raw,117,38559340.0,-2.024,117.0
Default,1,15436,raw,118,38559427.0,-1.937,118.0
Default,1,15436,raw,119,38559448.0,-1.9160000000000001,119.0
Default,1,15436,raw,120,38559541.0,-1.823,120.0
Default,1,15436,raw,121,38559559.0,-1.805,121.0
Default,1,15436,raw,122,38559595.0,-1.7690000000000001,122.0
Default,1,15436,raw,123,38559603.0,-1.7610000000000001,123.0
Default,1,15436,raw,124,38559726.0,-1.6380000000000001,124.0
Default,1,15436,raw,125,38559730.0,-1.6340000000000001,125.0
Default,1,15436,raw,126,38559772.0,-1.592,126.0
Default,1,15436,raw,127,38559827.0,-1.537,127.0
Default,1,15436,raw,128,38559886.0,-1.478,128.0
Default,1,15436,raw,129,38559929.0,-1.435,129.0
Default,1,15436,raw,130,38559953.0,-1.411,130.0
Default,1,15436,raw,131,38560129.0,-1.235,131.0
Default,1,15436,raw,132,38560143.0,-1.221,132.0
Default,1,15436,raw,133,38560163.0,-1.201,133.0
Default,1,15436,raw,134,38560258.0,-1.106,134.0
Default,1,15436,raw,135,38560259.0,-1.105,135.0
Default,1,15436,raw,136,38560363.0,-1.0010000000000001,136.0
Default,1,15436,raw,137,38560456.0,-0.908,137.0
Default,1,15436,raw,138,38560500.0,-0.864,138.0
Default,1,15436,raw,139,38560512.0,-0.852,139.0
Default,1,15436,raw,140,38560553.0,-0.811,140.0
Default,1,15436,raw,141,38560684.0,-0.68,141.0
Default,1,15436,raw,142,38560780.0,-0.584,142.0
Default,1,15436,raw,143,38560844.0,-0.52,143.0
Default,1,15436,raw,144,38560901.0,-0.463,144.0
Default,1,15436,raw,145,38560908.0,-0.456,145.0
Default,1,15436,raw,146,38561135.0,-0.229,146.0
Default,1,15436,raw,147,38561280.0,-0.084,147.0
Default,1,15436,raw,148,38561309.0,-0.055,148.0
Default,1,15436,raw,149,38561357.0,-0.007,149.0
Default,1,15436,raw,150,38562545.0,1.181,148.0
Default,1,15436,raw,151,38562599.0,1.235,147.0
Default,1,15436,raw,152,38562634.0,1.27,146.0
Default,1,15436,raw,153,38562766.0,1.4020000000000001,145.0
Default,1,15436,raw,154,38562831.0,1.467,144.0
Default,1,15436,raw,155,38562953.0,1.589,143.0
Default,1,15436,raw,156,38563073.0,1.709,142.0
Default,1,15436,raw,157,38563125.0,1.7610000000000001,141.0
Default,1,15436,raw,158,38563258.0,1.8940000000000001,140.0
Default,1,15436,raw,159,38563300.0,1.936,139.0
Default,1,15436,raw,160,38563318.0,1.954,138.0
Default,1,15436,raw,161,38563325.0,1.961,137.0
Default,1,15436,raw,162,38563396.0,2.032,136.0
Default,1,15436,raw,163,38563646.0,2.282,135.0
Default,1,15436,raw,164,38563761.0,2.3970000000000002,134.0
Default,1,15436,raw,165,38564168.0,2.8040000000000003,133.0
Default,1,15436,raw,166,38564192.0,2.828,132.0
Default,1,15436,raw,167,38564220.0,2.856,131.0
Default,1,15436,raw,168,38564251.0,2.887,130.0
Default,1,15436,raw,169,38564297.0,2.9330000000000003,129.0
Default,1,15436,raw,170,38564348.0,2.984,128.0
Default,1,15436,raw,171,38564399.0,3.035,127.0
Default,1,15436,raw,172,38564453.0,3.089,126.0
Default,1,15436,raw,173,38564643.0,3.279,125.0
Default,1,15436,raw,174,38564668.0,3.3040000000000003,124.0
Default,1,15436,raw,175,38564729.0,3.365,123.0
Default,1,15436,raw,176,38565000.0,3.636,122.0
Default,1,15436,raw,177,38565032.0,3.668,121.0
Default,1,15436,raw,178,38565113.0,3.749,120.0
Default,1,15436,raw,179,38565205.0,3.841,119.0
Default,1,15436,raw,180,38565281.0,3.9170000000000003,118.0
Default,1,15436,raw,181,38565341.0,3.977,117.0
Default,1,15436,raw,182,38565548.0,4.184,116.0
Default,1,15436,raw,183,38565592.0,4.228,115.0
Default,1,15436,raw,184,38565643.0,4.279,114.0
Default,1,15436,raw,185,38565824.0,4.46,113.0
Default,1,15436,raw,186,38565835.0,4.471,112.0
Default,1,15436,raw,187,38565885.0,4.521,111.0
Default,1,15436,raw,188,38565909.0,4.545,110.0
Default,1,15436,raw,189,38565926.0,4.562,109.0
Default,1,15436,raw,190,38565996.0,4.632,108.0
Default,1,15436,raw,191,38566108.0,4.744,107.0
Default,1,15436,raw,192,38566213.0,4.849,106.0
Default,1,15436,raw,193,38566216.0,4.852,105.0
Default,1,15436,raw,194,38566282.0,4.918,104.0
Default,1,15436,raw,195,38566330.0,4.966,103.0
Default,1,15436,raw,196,38566359.0,4.995,102.0
Default,1,15436,raw,197,38566446.0,5.082,101.0
Default,1,15436,raw,198,38566482.0,5.118,100.0
Default,1,15436,raw,199,38566637.0,5.273,99.0
Default,1,15436,raw,200,38566804.0,5.44,98.0
Default,1,15436,raw,201,38567120.0,5.756,97.0
Default,1,15436,raw,202,38567244.0,5.88,96.0
Default,1,15436,raw,203,38567290.0,5.926,95.0
Default,1,15436,raw,204,38567371.0,6.007000000000001,94.0
Default,1,15436,raw,205,38567754.0,6.390000000000001,93.0
Default,1,15436,raw,206,38567855.0,6.4910000000000005,92.0
Default,1,15436,raw,207,38567946.0,6.582,91.0
Default,1,15436,raw,208,38568100.0,6.736,90.0
Default,1,15436,raw,209,38568156.0,6.792,89.0
Default,1,15436,raw,210,38568167.0,6.803,88.0
Default,1,15436,interpolated,0,38554372.72286998,-6.991277130022645,-0.6595841822299917
Default,1,15436,interpolated,1,38554385.69461684,-6.978305383160711,-0.42373423928574994
Default,1,15436,interpolated,2,38554398.66636371,-6.965333636291326,-0.18788429620599345
Default,1,15436,interpolated,3,38554411.63811057,-6.95236188942939,0.1388479247689247
Default,1,15436,interpolated,4,38554424.60985743,-6.939390142567456,0.8215714438181294
Default,1,15436,interpolated,5,38554437.5816043,-6.926418395698071,1.3992335125803947
Default,1,15436,interpolated,6,38554450.553351164,-6.913446648836136,1.9397229651610814
Default,1,15436,interpolated,7,38554463.525098026,-6.900474901974201,2.960424835483309
Default,1,15436,interpolated,8,38554476.496844895,-6.887503155104816,3.30480109500445
Default,1,15436,interpolated,9,38554489.46859176,-6.8745314082428814,3.6211851648076845
Default,1,15436,interpolated,10,38554502.44033862,-6.861559661380947,3.9375692346111464
Default,1,15436,interpolated,11,38554515.41208549,-6.848587914511562,5.336145910301411
Default,1,15436,interpolated,12,38554528.38383235,-6.8356161676496265,5.799422583941805
Default,1,15436,interpolated,13,38554541.35557921,-6.822644420787692,6.5658137855621135
Default,1,15436,interpolated,14,38554554.32732608,-6.809672673918307,7.3489202896043935
Default,1,15436,interpolated,15,38554567.29907294,-6.7967009270563725,7.966622521125146
Default,1,15436,interpolated,16,38554580.270819806,-6.783729180194437,8.250424893991067
Default,1,15436,interpolated,17,38554593.242566675,-6.770757433325052,8.515154421937723
Default,1,15436,interpolated,18,38554606.21431354,-6.757785686463118,8.779883949732266
Default,1,15436,interpolated,19,38554619.1860604,-6.744813939601183,9.043721207976432
Default,1,15436,interpolated,20,38554632.15780727,-6.731842192731798,9.303156145364028
Default,1,15436,interpolated,21,38554645.12955413,-6.718870445869864,9.562591082602694
Default,1,15436,interpolated,22,38554658.10130099,-6.705898699007928,9.82202601984136
Default,1,15436,interpolated,23,38554671.07304786,-6.692926952138543,10.088544518727304
Default,1,15436,interpolated,24,38554684.04479472,-6.679955205276609,10.370539015725853
Default,1,15436,interpolated,25,38554697.016541585,-6.666983458414674,10.652533512724403
Default,1,15436,interpolated,26,38554709.988288455,-6.654011711545289,10.93452800988507
Default,1,15436,interpolated,27,38554722.96003532,-6.641039964683354,12.497779739813723
Default,1,15436,interpolated,28,38554735.93178218,-6.628068217821419,13.157271287143203
Default,1,15436,interpolated,29,38554748.90352905,-6.615096470952034,13.676141161918622
Default,1,15436,interpolated,30,38554761.87527591,-6.6021247240901,14.085531156314119
Default,1,15436,interpolated,31,38554774.84702277,-6.5891529772281645,14.313105662663702
Default,1,15436,interpolated,32,38554787.81876964,-6.576181230358779,14.540680169144252
Default,1,15436,interpolated,33,38554800.7905165,-6.563209483496845,14.768254675494063
Default,1,15436,interpolated,34,38554813.762263365,-6.5502377366349105,14.995829181843646
Default,1,15436,interpolated,35,38554826.734010234,-6.537265989765525,15.08904902261861
Default,1,15436,interpolated,36,38554839.7057571,-6.52429424290359,15.179760539135714
Default,1,15436,interpolated,37,38554852.67750396,-6.511322496041656,15.270472055652817
Default,1,15436,interpolated,38,38554865.64925083,-6.49835074917227,15.36118357222199
Default,1,15436,interpolated,39,38554878.62099769,-6.485379002310336,15.451895088738866
Default,1,15436,interpolated,40,38554891.59274455,-6.472407255448401,15.542606605255969
Default,1,15436,interpolated,41,38554904.56449142,-6.459435508579016,15.633318121825141
Default,1,15436,interpolated,42,38554917.53623828,-6.446463761717081,15.724029638342017
Default,1,15436,interpolated,43,38554930.507985145,-6.433492014855147,15.81474115485912
Default,1,15436,interpolated,44,38554943.479732014,-6.420520267985761,15.905452671428293
Default,1,15436,interpolated,45,38554956.451478876,-6.407548521123827,15.996164187945169
Default,1,15436,interpolated,46,38554969.42322574,-6.394576774261892,16.730777984594624
Default,1,15436,interpolated,47,38554982.39497261,-6.3816050273925065,17.559664840499636
Default,1,15436,interpolated,48,38554995.36671947,-6.368633280530572,18.093628227491536
Default,1,15436,interpolated,49,38555008.33846633,-6.355661533668638,18.284389210755307
Default,1,15436,interpolated,50,38555021.31021319,-6.3426897868067025,18.47515019401908
Default,1,15436,interpolated,51,38555034.28196006,-6.329718039937317,18.665911177392445
Default,1,15436,interpolated,52,38555047.253706925,-6.316746293075383,18.856672160656217
Default,1,15436,interpolated,53,38555060.22545379,-6.3037745462134485,19.057597389045668
Default,1,15436,interpolated,54,38555073.197200656,-6.290802799344063,19.28923572599888
Default,1,15436,interpolated,55,38555086.16894752,-6.277831052482128,19.520874062819075
Default,1,15436,interpolated,56,38555099.14069438,-6.2648593056201936,19.7525123996395
Default,1,15436,interpolated,57,38555112.11244125,-6.251887558750808,19.98415073659271
Default,1,15436,interpolated,58,38555125.08418811,-6.238915811888874,20.09085855722651
Default,1,15436,interpolated,59,38555138.05593497,-6.225944065026939,20.18839048851919
Default,1,15436,interpolated,60,38555151.02768184,-6.212972318157554,20.28592241986803
Default,1,15436,interpolated,61,38555163.999428704,-6.200000571295619,20.383454351160708
Default,1,15436,interpolated,62,38555176.97117557,-6.187028824433685,20.480986282453614
Default,1,15436,interpolated,63,38555189.942922436,-6.174057077564299,20.578518213802226
Default,1,15436,interpolated,64,38555202.9146693,-6.161085330702365,20.676050145094905
Default,1,15436,interpolated,65,38555215.88641616,-6.14811358384043,20.77358207638781
Default,1,15436,interpolated,66,38555228.85816303,-6.135141836971044,20.871114007736423
Default,1,15436,interpolated,67,38555241.82990989,-6.12217009010911,20.96864593902933
Default,1,15436,interpolated,68,38555254.80165675,-6.109198343247176,21.157172442014826
Default,1,15436,interpolated,69,38555267.77340362,-6.09622659637779,21.388810778968036
Default,1,15436,interpolated,70,38555280.745150484,-6.083254849515855,21.620449115788233
Default,1,15436,interpolated,71,38555293.716897346,-6.070283102653921,21.852087452608657
Default,1,15436,interpolated,72,38555306.688644215,-6.0573113557845355,23.073772884309392
Default,1,15436,interpolated,73,38555319.66039108,-6.044339608922601,23.333207821548058
Default,1,15436,interpolated,74,38555332.63213794,-6.031367862060666,23.592642758786724
Default,1,15436,interpolated,75,38555345.60388481,-6.018396115191281,23.85207769617432
Default,1,15436,interpolated,76,38555358.57563167,-6.005424368329346,24.109326111189375
Default,1,15436,interpolated,77,38555371.54737853,-5.992452621467412,24.363674088874177
Default,1,15436,interpolated,78,38555384.5191254,-5.979480874598027,24.618022066705407
Default,1,15436,interpolated,79,38555397.490872264,-5.966509127736091,24.872370044390436
Default,1,15436,interpolated,80,38555410.462619126,-5.953537380874157,25.170068924364386
Default,1,15436,interpolated,81,38555423.434365995,-5.940565634004772,25.51143068408487
Default,1,15436,interpolated,82,38555436.40611286,-5.927593887142837,25.852792443609587
Default,1,15436,interpolated,83,38555449.37785972,-5.914622140280903,26.567527670699747
Default,1,15436,interpolated,84,38555462.34960659,-5.901650393411518,27.61246721570683
Default,1,15436,interpolated,85,38555475.32135345,-5.888678646549582,28.189121669327733
Default,1,15436,interpolated,86,38555488.29310031,-5.875706899687648,28.48393409800792
Default,1,15436,interpolated,87,38555501.26484718,-5.862735152818263,28.77874652685773
Default,1,15436,interpolated,88,38555514.23659404,-5.849763405956328,29.107886468122388
Default,1,15436,interpolated,89,38555527.208340906,-5.836791659094393,29.540278030186983
Default,1,15436,interpolated,90,38555540.180087775,-5.823819912225008,29.972669592499642
Default,1,15436,interpolated,91,38555553.15183464,-5.8108481653630735,31.259344991556418
Default,1,15436,interpolated,92,38555566.1235815,-5.797876418501139,31.56101352322935
Default,1,15436,interpolated,93,38555579.09532837,-5.784904671631754,31.86268205507554
Default,1,15436,interpolated,94,38555592.06707523,-5.771932924769819,32.35335376150897
Default,1,15436,interpolated,95,38555605.03882209,-5.758961177907884,33.00155288368455
Default,1,15436,interpolated,96,38555618.01056896,-5.745989431038499,33.52042275845997
Default,1,15436,interpolated,97,38555630.98231582,-5.7330176841765645,34.017860287698795
Default,1,15436,interpolated,98,38555643.954062685,-5.720045937314629,34.25371023064304
Default,1,15436,interpolated,99,38555656.92580955,-5.707074190452695,34.48956017358728
Default,1,15436,interpolated,100,38555669.89755642,-5.69410244358331,34.725410116667035
Default,1,15436,interpolated,101,38555682.86930328,-5.681130696721375,34.96126005961128
Default,1,15436,interpolated,102,38555695.84105014,-5.66815894985944,35.34971129485666
Default,1,15436,interpolated,103,38555708.81279701,-5.655187202990056,35.76815474225623
Default,1,15436,interpolated,104,38555721.78454387,-5.64221545612812,36.41318170513432
Default,1,15436,interpolated,105,38555734.756290734,-5.629243709266186,37.148634085431695
Default,1,15436,interpolated,106,38555747.7280376,-5.616271962396801,37.554001175099984
Default,1,15436,interpolated,107,38555760.699784465,-5.603300215534866,37.95936826453544
Default,1,15436,interpolated,108,38555773.67153133,-5.590328468672931,39.23027455540637
Default,1,15436,interpolated,109,38555786.6432782,-5.577356721803546,39.53912567134421
Default,1,15436,interpolated,110,38555799.61502506,-5.564384974941611,39.84797678710447
Default,1,15436,interpolated,111,38555812.58677192,-5.551413228079677,40.36593177335135
Default,1,15436,interpolated,112,38555825.55851879,-5.538441481210292,41.016067204017645
Default,1,15436,interpolated,113,38555838.53026565,-5.5254697343483565,41.14979655310981
Default,1,15436,interpolated,114,38555851.50201251,-5.512497987486422,41.283525902201745
Default,1,15436,interpolated,115,38555864.47375938,-5.499526240617037,41.41725525137076
Default,1,15436,interpolated,116,38555877.445506245,-5.4865544937551025,41.550984600462925
Default,1,15436,interpolated,117,38555890.41725311,-5.473582746893167,41.68471394955486
Default,1,15436,interpolated,118,38555903.388999976,-5.460611000023782,41.81844329872388
Default,1,15436,interpolated,119,38555916.36074684,-5.447639253161848,41.95217264781604
Default,1,15436,interpolated,120,38555929.3324937,-5.434667506299913,42.0476142497148
Default,1,15436,interpolated,121,38555942.30424057,-5.421695759430528,42.121738517539825
Default,1,15436,interpolated,122,38555955.27598743,-5.408724012568593,42.19586278532233
Default,1,15436,interpolated,123,38555968.24773429,-5.395752265706658,42.26998705310484
Default,1,15436,interpolated,124,38555981.21948116,-5.382780518837273,42.34411132092987
Default,1,15436,interpolated,125,38555994.191228025,-5.369808771975339,42.41823558871238
Default,1,15436,interpolated,126,38556007.16297489,-5.356837025113404,42.492359856494886
Default,1,15436,interpolated,127,38556020.134721756,-5.343865278244019,42.56648412431991
Default,1,15436,interpolated,128,38556033.10646862,-5.330893531382084,42.64060839210242
Default,1,15436,interpolated,129,38556046.07821548,-5.317921784520149,42.71473265988493
Default,1,15436,interpolated,130,38556059.04996235,-5.304950037650764,42.78885692770996
Default,1,15436,interpolated,131,38556072.02170921,-5.29197829078883,42.862981195492466
Default,1,15436,interpolated,132,38556084.99345607,-5.2790065439268945,42.937105463274975
Default,1,15436,interpolated,133,38556097.96520294,-5.266034797057509,43.655067647496935
Default,1,15436,interpolated,134,38556110.936949804,-5.253063050195575,44.2210546260078
Default,1,15436,interpolated,135,38556123.90869667,-5.2400913033336405,44.46127216048808
Default,1,15436,interpolated,136,38556136.880443536,-5.227119556464255,44.701489695106375
Default,1,15436,interpolated,137,38556149.8521904,-5.21414780960232,44.941707229586655
Default,1,15436,interpolated,138,38556162.82393726,-5.201176062740386,45.06420874025889
Default,1,15436,interpolated,139,38556175.79568413,-5.188204315871,45.148991399536044
Default,1,15436,interpolated,140,38556188.76743099,-5.175232569009066,45.23377405876431
Default,1,15436,interpolated,141,38556201.73917785,-5.162260822147131,45.31855671799258
Default,1,15436,interpolated,142,38556214.71092472,-5.149289075277746,45.40333937726973
Default,1,15436,interpolated,143,38556227.682671584,-5.136317328415811,45.488122036498
Default,1,15436,interpolated,144,38556240.654418446,-5.123345581553877,45.572904695726265
Default,1,15436,interpolated,145,38556253.626165316,-5.110373834684491,45.65768735500342
Default,1,15436,interpolated,146,38556266.59791218,-5.097402087822557,45.742470014231685
Default,1,15436,interpolated,147,38556279.56965904,-5.084430340960622,45.82725267345995
Default,1,15436,interpolated,148,38556292.54140591,-5.0714585940912364,45.912035332737105
Default,1,15436,interpolated,149,38556305.51315277,-5.058486847229302,45.99681799196537
Default,1,15436,interpolated,150,38556318.48489963,-5.045515100367368,47.24941921663981
Default,1,15436,interpolated,151,38556331.456646495,-5.0325433535054325,47.74833255748331
Default,1,15436,interpolated,152,38556344.428393364,-5.019571606636047,49.30354917049408
Default,1,15436,interpolated,153,38556357.400140226,-5.006599859774113,50.25517724916858
Default,1,15436,interpolated,154,38556370.37188709,-4.9936281129121785,50.70247886509742
Default,1,15436,interpolated,155,38556383.34363396,-4.980656366042793,51.255507879835704
Default,1,15436,interpolated,156,38556396.31538082,-4.967684619180858,52.00685610476398
Default,1,15436,interpolated,157,38556409.28712768,-4.9547128723189235,52.28885060176253
Default,1,15436,interpolated,158,38556422.25887455,-4.941741125449538,52.57084509892297
Default,1,15436,interpolated,159,38556435.23062141,-4.928769378587604,52.85283959592175
Default,1,15436,interpolated,160,38556448.202368274,-4.915797631725669,54.01264801714569
Default,1,15436,interpolated,161,38556461.17411514,-4.902825884856283,54.82338219648227
Default,1,15436,interpolated,162,38556474.145862006,-4.889854137994349,55.84548850047099
Default,1,15436,interpolated,163,38556487.11760887,-4.876882391132415,56.794114919113326
Default,1,15436,interpolated,164,38556500.08935574,-4.863910644263029,57.36033413346331
Default,1,15436,interpolated,165,38556513.0611026,-4.850938897401095,57.823610807103705
Default,1,15436,interpolated,166,38556526.03284946,-4.83796715053916,58.57377496148865
Default,1,15436,interpolated,167,38556539.00459633,-4.824995403669774,59.17084381293239
Default,1,15436,interpolated,168,38556551.97634319,-4.81202365680784,59.487227882735624
Default,1,15436,interpolated,169,38556564.948090054,-4.799051909945906,59.80361195253886
Default,1,15436,interpolated,170,38556577.91983692,-4.78608016307652,60.043156464241065
Default,1,15436,interpolated,171,38556590.891583785,-4.773108416214585,60.15694371741597
Default,1,15436,interpolated,172,38556603.86333065,-4.760136669352651,60.270730970590876
Default,1,15436,interpolated,173,38556616.83507752,-4.7471649224832655,60.38451822383104
Default,1,15436,interpolated,174,38556629.80682438,-4.734193175621331,60.49830547700594
Default,1,15436,interpolated,175,38556642.77857124,-4.721221428759396,60.61209273018085
Default,1,15436,interpolated,176,38556655.75031811,-4.708249681890011,60.72587998342101
Default,1,15436,interpolated,177,38556668.72206497,-4.695277935028076,60.839667236595915
Default,1,15436,interpolated,178,38556681.693811834,-4.682306188166142,60.95345448977059
Default,1,15436,interpolated,179,38556694.6655587,-4.669334441296757,61.06335172482022
Default,1,15436,interpolated,180,38556707.637305565,-4.656362694434821,61.17055624434033
Default,1,15436,interpolated,181,38556720.60905243,-4.643390947572887,61.27776076386044
Default,1,15436,interpolated,182,38556733.5807993,-4.630419200703502,61.38496528344217
Default,1,15436,interpolated,183,38556746.55254616,-4.617447453841567,61.49216980296228
Default,1,15436,interpolated,184,38556759.52429302,-4.604475706979632,61.59937432248239
Default,1,15436,interpolated,185,38556772.49603989,-4.591503960110248,61.70657884206412
Default,1,15436,interpolated,186,38556785.46778675,-4.578532213248312,61.81378336158423
Default,1,15436,interpolated,187,38556798.43953361,-4.565560466386378,61.92098788110434
Default,1,15436,interpolated,188,38556811.41128048,-4.552588719516993,62.07933210425608
Default,1,15436,interpolated,189,38556824.383027345,-4.539616972655058,62.381000635928785
Default,1,15436,interpolated,190,38556837.35477421,-4.526645225793123,62.682669167601716
Default,1,15436,interpolated,191,38556850.326521076,-4.513673478923738,62.984337699447906
Default,1,15436,interpolated,192,38556863.29826794,-4.5007017320618035,64.10158496674512
Default,1,15436,interpolated,193,38556876.2700148,-4.487729985199869,64.31080669032463
Default,1,15436,interpolated,194,38556889.24176167,-4.474758238330484,64.52002841402441
Default,1,15436,interpolated,195,38556902.21350853,-4.4617864914685486,64.72925013760414
Default,1,15436,interpolated,196,38556915.18525539,-4.448814744606614,64.93847186118364
Default,1,15436,interpolated,197,38556928.15700226,-4.435842997737229,65.17609619736095
Default,1,15436,interpolated,198,38556941.128749125,-4.4228712508752945,65.4255528677827
Default,1,15436,interpolated,199,38556954.10049599,-4.409899504013359,65.67500953820468
Default,1,15436,interpolated,200,38556967.072242856,-4.396927757143974,65.92446620876967
Default,1,15436,interpolated,201,38556980.04398972,-4.38395601028204,66.56524935737252
Default,1,15436,interpolated,202,38556993.01573658,-4.370984263420105,68.02879623685567
Default,1,15436,interpolated,203,38557005.98748344,-4.35801251655817,68.21410690631183
Default,1,15436,interpolated,204,38557018.95923031,-4.345040769688786,68.3994175758744
Default,1,15436,interpolated,205,38557031.93097717,-4.33206902282685,68.58472824533078
Default,1,15436,interpolated,206,38557044.902724035,-4.319097275964916,68.77003891478694
Default,1,15436,interpolated,207,38557057.874470904,-4.306125529095531,68.9553495843495
Default,1,15436,interpolated,208,38557070.84621777,-4.293153782233596,70.10395183152445
Default,1,15436,interpolated,209,38557083.81796463,-4.280182035371661,70.4545395845496
Default,1,15436,interpolated,210,38557096.7897115,-4.267210288502276,70.80512733777641
Default,1,15436,interpolated,211,38557109.76145836,-4.254238541640341,71.48012152997148
Default,1,15436,interpolated,212,38557122.73320522,-4.241266794778407,73.06327466477273
Default,1,15436,interpolated,213,38557135.70495209,-4.228295047909022,73.28313478120299
Default,1,15436,interpolated,214,38557148.67669895,-4.2153233010470865,73.50299489750705
Default,1,15436,interpolated,215,38557161.648445815,-4.202351554185152,73.72285501381089
Default,1,15436,interpolated,216,38557174.620192684,-4.189379807315767,73.94271513024114
Default,1,15436,interpolated,217,38557187.591939546,-4.1764080604538325,74.68513853901209
Default,1,15436,interpolated,218,38557200.56368641,-4.163436313591897,75.2378801780028
Default,1,15436,interpolated,219,38557213.53543328,-4.150464566722512,75.59820647993024
Default,1,15436,interpolated,220,38557226.50718014,-4.137492819860578,75.95853278165055
Default,1,15436,interpolated,221,38557239.478927,-4.124521072998643,76.45915708005418
Default,1,15436,interpolated,222,38557252.45067387,-4.111549326129258,76.9780269548296
Default,1,15436,interpolated,223,38557265.42242073,-4.098577579267323,77.22182894165485
Default,1,15436,interpolated,224,38557278.394167595,-4.085605832405388,77.45346727847527
Default,1,15436,interpolated,225,38557291.365914464,-4.072634085536003,77.68510561542848
Default,1,15436,interpolated,226,38557304.337661326,-4.059662338674069,77.91674395224868
Default,1,15436,interpolated,227,38557317.30940819,-4.046690591812134,78.2518002481172
Default,1,15436,interpolated,228,38557330.28115506,-4.033718844942749,78.64488348658347
Default,1,15436,interpolated,229,38557343.25290192,-4.020747098080814,79.02556942692217
Default,1,15436,interpolated,230,38557356.22464878,-4.007775351218879,79.29029895471672
Default,1,15436,interpolated,231,38557369.19639565,-3.994803604349494,79.55502848266337
Default,1,15436,interpolated,232,38557382.16814251,-3.9818318574875593,79.81975801045792
Default,1,15436,interpolated,233,38557395.139889374,-3.968860110625625,80.05671081334754
Default,1,15436,interpolated,234,38557408.111636244,-3.9558883637562396,80.23440597594185
Default,1,15436,interpolated,235,38557421.083383106,-3.942916616894305,80.41210113843408
Default,1,15436,interpolated,236,38557434.05512997,-3.92994487003237,80.58979630092654
Default,1,15436,interpolated,237,38557447.02687684,-3.9169731231629847,80.76749146352086
Default,1,15436,interpolated,238,38557459.9986237,-3.9040013763010504,80.94518662601308
Default,1,15436,interpolated,239,38557472.97037056,-3.8910296294391156,81.3900161113429
Default,1,15436,interpolated,240,38557485.94211743,-3.8780578825697303,81.95400510566401
Default,1,15436,interpolated,241,38557498.91386429,-3.865086135707796,82.09531091433769
Default,1,15436,interpolated,242,38557511.885611154,-3.852114388845861,82.19908488923306
Default,1,15436,interpolated,243,38557524.85735802,-3.839142641976476,82.30285886418824
Default,1,15436,interpolated,244,38557537.829104885,-3.826170895114541,82.40663283908361
Default,1,15436,interpolated,245,38557550.80085175,-3.8131991482526066,82.51040681397922
Default,1,15436,interpolated,246,38557563.77259862,-3.8002274013832213,82.61418078893416
Default,1,15436,interpolated,247,38557576.74434548,-3.7872556545212865,82.71795476382977
Default,1,15436,interpolated,248,38557589.71609234,-3.7742839076593517,82.82172873872514
Default,1,15436,interpolated,249,38557602.68783921,-3.7613121607899664,82.92550271368032
Default,1,15436,interpolated,250,38557615.65958607,-3.748340413928032,83.19260979326145
Default,1,15436,interpolated,251,38557628.631332934,-3.7353686670660973,83.87533331231066
Default,1,15436,interpolated,252,38557641.603079796,-3.7223969202041625,84.06349149578341
Default,1,15436,interpolated,253,38557654.574826665,-3.7094251733347776,84.14116662673791
Default,1,15436,interpolated,254,38557667.54657353,-3.696453426472843,84.21884175764762
Default,1,15436,interpolated,255,38557680.51832039,-3.683481679610908,84.29651688855733
Default,1,15436,interpolated,256,38557693.49006726,-3.6705099327415227,84.37419201951184
Default,1,15436,interpolated,257,38557706.46181412,-3.6575381858795883,84.45186715042155
Default,1,15436,interpolated,258,38557719.43356098,-3.6445664390176535,84.52954228133149
Default,1,15436,interpolated,259,38557732.40530785,-3.6315946921482682,84.60721741228576
Default,1,15436,interpolated,260,38557745.37705471,-3.6186229452863334,84.6848925431957
Default,1,15436,interpolated,261,38557758.348801576,-3.605651198424399,84.76256767410541
Default,1,15436,interpolated,262,38557771.320548445,-3.592679451555014,84.84024280505969
Default,1,15436,interpolated,263,38557784.29229531,-3.579707704693079,84.91791793596963
Default,1,15436,interpolated,264,38557797.26404217,-3.5667359578311446,84.99559306687934
Default,1,15436,interpolated,265,38557810.23578904,-3.5537642109617593,85.81571926921606
Default,1,15436,interpolated,266,38557823.2075359,-3.5407924640998245,87.0647313215411
Default,1,15436,interpolated,267,38557836.17928276,-3.5278207172378897,87.26429665787873
Default,1,15436,interpolated,268,38557849.15102963,-3.5148489703685044,87.46386199433073
Default,1,15436,interpolated,269,38557862.12277649,-3.50187722350657,87.66342733066813
Default,1,15436,interpolated,270,38557875.094523355,-3.4889054766446352,87.86299266700553
Default,1,15436,interpolated,271,38557888.066270225,-3.47593372977525,88.12707094452344
Default,1,15436,interpolated,272,38557901.03801709,-3.4629619829133156,88.5324380339589
Default,1,15436,interpolated,273,38557914.00976395,-3.4499902360513808,88.93780512339436
Default,1,15436,interpolated,274,38557926.98151082,-3.4370184891819955,89.19265808452633
Default,1,15436,interpolated,275,38557939.95325768,-3.4240467423200607,89.42023259087614
Default,1,15436,interpolated,276,38557952.92500454,-3.4110749954581263,89.64780709722595
Default,1,15436,interpolated,277,38557965.89675141,-3.398103248588741,89.87538160370627
Default,1,15436,interpolated,278,38557978.86849827,-3.385131501726806,90.34520578077604
Default,1,15436,interpolated,279,38557991.840245135,-3.3721597548648714,91.11501532094553
Default,1,15436,interpolated,280,38558004.811992005,-3.359188007995486,91.92574950028211
Default,1,15436,interpolated,281,38558017.78373887,-3.3462162611335518,92.51233647245431
Default,1,15436,interpolated,282,38558030.75548573,-3.333244514271617,93.02700747274434
Default,1,15436,interpolated,283,38558043.7272326,-3.3202727674022317,93.22657280919634
Default,1,15436,interpolated,284,38558056.69897946,-3.3073010205402973,93.42613814553397
Default,1,15436,interpolated,285,38558069.67072632,-3.2943292736783625,93.62570348187137
Default,1,15436,interpolated,286,38558082.64247319,-3.281357526808977,93.82526881832337
Default,1,15436,interpolated,287,38558095.61422005,-3.2683857799470424,94.00863219279654
Default,1,15436,interpolated,288,38558108.585966915,-3.255414033085108,94.07799982307438
Default,1,15436,interpolated,289,38558121.557713784,-3.2424422862157227,94.14736745339178
Default,1,15436,interpolated,290,38558134.529460646,-3.229470539353788,94.21673508366962
Default,1,15436,interpolated,291,38558147.50120751,-3.216498792491853,94.28610271394723
Default,1,15436,interpolated,292,38558160.47295438,-3.2035270456224683,94.35547034426486
Default,1,15436,interpolated,293,38558173.44470124,-3.1905552987605335,94.4248379745427
Default,1,15436,interpolated,294,38558186.4164481,-3.1775835518985986,94.49420560482031
Default,1,15436,interpolated,295,38558199.38819497,-3.1646118050292134,94.56357323513794
Default,1,15436,interpolated,296,38558212.35994183,-3.151640058167279,94.63294086541555
Default,1,15436,interpolated,297,38558225.331688695,-3.138668311305344,94.70230849569339
Default,1,15436,interpolated,298,38558238.303435564,-3.125696564435959,94.77167612601102
Default,1,15436,interpolated,299,38558251.275182426,-3.112724817574024,94.84104375628863
Default,1,15436,interpolated,300,38558264.24692929,-3.0997530707120897,94.91041138656647
Default,1,15436,interpolated,301,38558277.21867616,-3.0867813238427044,94.97977901688387
Default,1,15436,interpolated,302,38558290.19042302,-3.0738095769807696,96.44217307280223
Default,1,15436,interpolated,303,38558303.16216988,-3.0608378301188353,97.2346440855074
Default,1,15436,interpolated,304,38558316.13391674,-3.0478660832569004,97.82426894286823
Default,1,15436,interpolated,305,38558329.10566361,-3.034894336387515,98.12304950827684
Default,1,15436,interpolated,306,38558342.077410474,-3.0219225895255803,98.2983433847894
Default,1,15436,interpolated,307,38558355.04915734,-3.008950842663646,98.47363726130197
Default,1,15436,interpolated,308,38558368.020904206,-2.9959790957942607,98.6489311379155
Default,1,15436,interpolated,309,38558380.99265107,-2.983007348932326,98.82422501442807
Default,1,15436,interpolated,310,38558393.96439793,-2.970035602070391,98.99951889094064
Default,1,15436,interpolated,311,38558406.9361448,-2.957063855201006,99.58800658177256
Default,1,15436,interpolated,312,38558419.90789166,-2.9440921083390714,100.11842095942211
Default,1,15436,interpolated,313,38558432.87963852,-2.9311203614771366,100.51150419766259
Default,1,15436,interpolated,314,38558445.85138539,-2.9181486146077513,100.90458743612885
Default,1,15436,interpolated,315,38558458.823132254,-2.905176867745817,101.18890638950347
Default,1,15436,interpolated,316,38558471.794879116,-2.892205120883882,101.43836305992545
Default,1,15436,interpolated,317,38558484.766625986,-2.879233374014497,101.68781973049045
Default,1,15436,interpolated,318,38558497.73837285,-2.866261627152562,101.9372764009122
Default,1,15436,interpolated,319,38558510.71011971,-2.8532898802906277,102.35963406331007
Default,1,15436,interpolated,320,38558523.68186658,-2.8403181334212424,102.84006913254666
Default,1,15436,interpolated,321,38558536.65361344,-2.8273463865593076,103.0660581178679
Default,1,15436,interpolated,322,38558549.6253603,-2.814374639697373,103.16507908627955
Default,1,15436,interpolated,323,38558562.59710717,-2.801402892827988,103.26410005474827
Default,1,15436,interpolated,324,38558575.568854034,-2.788431145966053,103.36312102315992
Default,1,15436,interpolated,325,38558588.540600896,-2.7754593991041183,103.46214199157157
Default,1,15436,interpolated,326,38558601.512347765,-2.762487652234733,103.56116296004029
Default,1,15436,interpolated,327,38558614.48409463,-2.7495159053727987,103.66018392845194
Default,1,15436,interpolated,328,38558627.45584149,-2.736544158510864,103.7592048968636
Default,1,15436,interpolated,329,38558640.42758836,-2.7235724116414786,103.85822586533232
Default,1,15436,interpolated,330,38558653.39933522,-2.7106006647795438,103.95724683374397
Default,1,15436,interpolated,331,38558666.37108208,-2.6976289179176094,105.07495390685176
Default,1,15436,interpolated,332,38558679.34282895,-2.684657171048224,105.22756269355023
Default,1,15436,interpolated,333,38558692.31457581,-2.6716854241862893,105.38017148016138
Default,1,15436,interpolated,334,38558705.286322676,-2.6587136773243545,105.5327802667723
Default,1,15436,interpolated,335,38558718.258069545,-2.6457419304549696,105.685389053471
Default,1,15436,interpolated,336,38558731.22981641,-2.632770183593035,105.83799784008193
Default,1,15436,interpolated,337,38558744.20156327,-2.6197984367311,105.99060662669285
Default,1,15436,interpolated,338,38558757.17331014,-2.6068266898617147,106.0746828842839
Default,1,15436,interpolated,339,38558770.145057,-2.5938549429997804,106.1542641533756
Default,1,15436,interpolated,340,38558783.11680386,-2.5808831961378456,106.23384542246731
Default,1,15436,interpolated,341,38558796.08855073,-2.5679114492684603,106.31342669160449
Default,1,15436,interpolated,342,38558809.06029759,-2.5549397024065255,106.3930079606962
Default,1,15436,interpolated,343,38558822.032044455,-2.541967955544591,106.47258922978767
Default,1,15436,interpolated,344,38558835.003791325,-2.528996208675206,106.55217049892508
Default,1,15436,interpolated,345,38558847.97553819,-2.516024461813271,106.63175176801678
Default,1,15436,interpolated,346,38558860.94728505,-2.5030527149513366,106.71133303710826
Default,1,15436,interpolated,347,38558873.91903192,-2.4900809680819513,106.79091430624567
Default,1,15436,interpolated,348,38558886.89077878,-2.4771092212200165,106.87049557533737
Default,1,15436,interpolated,349,38558899.86252564,-2.4641374743580817,106.95007684442885
Default,1,15436,interpolated,350,38558912.83427251,-2.4511657274886964,107.07324655320167
Default,1,15436,interpolated,351,38558925.80601937,-2.438193980626762,107.2697881723218
Default,1,15436,interpolated,352,38558938.777766235,-2.4252222337648273,107.46632979144192
Default,1,15436,interpolated,353,38558951.749513105,-2.412250486895442,107.66287141067505
Default,1,15436,interpolated,354,38558964.72125997,-2.3992787400335076,107.8594130297954
Default,1,15436,interpolated,355,38558977.69300683,-2.386306993171573,108.05681548966822
Default,1,15436,interpolated,356,38558990.66475369,-2.373335246309638,108.25638082600562
Default,1,15436,interpolated,357,38559003.63650056,-2.3603634994402527,108.45594616245762
Default,1,15436,interpolated,358,38559016.60824742,-2.3473917525783183,108.65551149879502
Default,1,15436,interpolated,359,38559029.57999428,-2.3344200057163835,108.85507683513265
Default,1,15436,interpolated,360,38559042.55174115,-2.3214482588469982,109.10762851978802
Default,1,15436,interpolated,361,38559055.523488015,-2.3084765119850634,109.50071175802827
Default,1,15436,interpolated,362,38559068.49523488,-2.295504765123129,109.89379499626875
Default,1,15436,interpolated,363,38559081.466981746,-2.2825330182537438,110.19722878638026
Default,1,15436,interpolated,364,38559094.43872861,-2.269561271391809,110.46747351267072
Default,1,15436,interpolated,365,38559107.41047547,-2.256589524529874,110.73771823896095
Default,1,15436,interpolated,366,38559120.38222234,-2.2436177776604893,111.00780045590841
Default,1,15436,interpolated,367,38559133.3539692,-2.2306460307985545,111.27252998370295
Default,1,15436,interpolated,368,38559146.32571606,-2.2176742839366197,111.5372595114975
Default,1,15436,interpolated,369,38559159.29746293,-2.2047025370672344,111.80198903944415
Default,1,15436,interpolated,370,38559172.269209795,-2.1917307902053,112.19230645851167
Default,1,15436,interpolated,371,38559185.24095666,-2.1787590433433652,112.95535039156675
Default,1,15436,interpolated,372,38559198.212703526,-2.16578729647398,113.35919716253011
Default,1,15436,interpolated,373,38559211.18445039,-2.152815549612045,113.74071912905742
Default,1,15436,interpolated,374,38559224.15619725,-2.1398438027501108,114.18070422825599
Default,1,15436,interpolated,375,38559237.12794412,-2.1268720558807255,114.7446932225771
Default,1,15436,interpolated,376,38559250.09969098,-2.1139003090187907,115.08352577624942
Default,1,15436,interpolated,377,38559263.07143784,-2.1009285621568563,115.23613456286057
Default,1,15436,interpolated,378,38559276.04318471,-2.087956815287471,115.38874334955926
Default,1,15436,interpolated,379,38559289.014931574,-2.074985068425536,115.54135213617019
Default,1,15436,interpolated,380,38559301.98667844,-2.0620133215636014,115.69396092278112
Default,1,15436,interpolated,381,38559314.958425306,-2.049041574694216,115.84656970947981
Default,1,15436,interpolated,382,38559327.93017217,-2.0360698278322817,115.99917849609074
Default,1,15436,interpolated,383,38559340.90191903,-2.023098080970347,117.0103668853983
Default,1,15436,interpolated,384,38559353.8736659,-2.0101263341009616,117.15946742412689
Default,1,15436,interpolated,385,38559366.84541276,-1.997154587239027,117.30856796276976
Default,1,15436,interpolated,386,38559379.81715962,-1.9841828403770925,117.45766850141263
Default,1,15436,interpolated,387,38559392.78890649,-1.9712110935077072,117.60676904014122
Default,1,15436,interpolated,388,38559405.760653354,-1.9582393466457726,117.75586957878431
Default,1,15436,interpolated,389,38559418.732400216,-1.9452675997838378,117.90497011742718
Default,1,15436,interpolated,390,38559431.704147086,-1.9322958529144525,118.22400700407366
Default,1,15436,interpolated,391,38559444.67589395,-1.919324106052518,118.84170923559441
Default,1,15436,interpolated,392,38559457.64764081,-1.9063523591905833,119.10373807321957
Default,1,15436,interpolated,393,38559470.61938768,-1.893380612321198,119.24321922235276
Default,1,15436,interpolated,394,38559483.59113454,-1.8804088654592634,119.38270037140569
Default,1,15436,interpolated,395,38559496.5628814,-1.8674371185973286,119.52218152045884
Default,1,15436,interpolated,396,38559509.53462827,-1.8544653717279436,119.66166266959203
Default,1,15436,interpolated,397,38559522.506375134,-1.8414936248660088,119.80114381864496
Default,1,15436,interpolated,398,38559535.478121996,-1.8285218780040742,119.94062496769811
Default,1,15436,interpolated,399,38559548.449868865,-1.8155501311346889,120.4138816036284
Default,1,15436,interpolated,400,38559561.42161573,-1.8025783842727543,121.0672671035345
Default,1,15436,interpolated,401,38559574.39336259,-1.7896066374108195,121.42759340525504
Default,1,15436,interpolated,402,38559587.36510946,-1.7766348905414344,121.78791970718248
Default,1,15436,interpolated,403,38559600.33685632,-1.7636631436794996,122.66710704006255
Default,1,15436,interpolated,404,38559613.30860318,-1.750691396817565,123.08380978197101
Default,1,15436,interpolated,405,38559626.280350044,-1.7377196499556304,123.18927113857217
Default,1,15436,interpolated,406,38559639.252096914,-1.7247479030862451,123.2947324952338
Default,1,15436,interpolated,407,38559652.223843776,-1.7117761562243103,123.40019385183496
Default,1,15436,interpolated,408,38559665.19559064,-1.6988044093623758,123.50565520843588
Default,1,15436,interpolated,409,38559678.16733751,-1.6858326624929905,123.61111656509775
Default,1,15436,interpolated,410,38559691.13908437,-1.6728609156310559,123.71657792169867
Default,1,15436,interpolated,411,38559704.11083123,-1.6598891687691213,123.82203927829983
Default,1,15436,interpolated,412,38559717.0825781,-1.646917421899736,123.92750063496146
Default,1,15436,interpolated,413,38559730.05432496,-1.6339456750378012,125.00129345148093
Default,1,15436,interpolated,414,38559743.026071824,-1.6209739281758666,125.3101445672412
Default,1,15436,interpolated,415,38559755.99781869,-1.6080021813064813,125.61899568317904
Default,1,15436,interpolated,416,38559768.969565555,-1.5950304344445467,125.9278467989393
Default,1,15436,interpolated,417,38559781.94131242,-1.5820586875826121,126.18075113486157
Default,1,15436,interpolated,418,38559794.91305929,-1.5690869407132269,126.41660107794132
Default,1,15436,interpolated,419,38559807.88480615,-1.5561151938512923,126.65245102088556
Default,1,15436,interpolated,420,38559820.85655301,-1.5431434469893575,126.8883009638298
Default,1,15436,interpolated,421,38559833.82829988,-1.5301717001199722,127.11573389627165
Default,1,15436,interpolated,422,38559846.80004674,-1.5171999532580376,127.33559401257571
Default,1,15436,interpolated,423,38559859.771793604,-1.504228206396103,127.55545412887955
Default,1,15436,interpolated,424,38559872.74354047,-1.4912564595267177,127.7753142453098
Default,1,15436,interpolated,425,38559885.715287335,-1.4782847126647831,127.99517436161386
Default,1,15436,interpolated,426,38559898.6870342,-1.4653129658028483,128.29504730691042
Default,1,15436,interpolated,427,38559911.65878107,-1.452341218933463,128.5967158387566
Default,1,15436,interpolated,428,38559924.63052793,-1.4393694720715284,128.89838437042954
Default,1,15436,interpolated,429,38559937.60227479,-1.4263977252095938,129.35842811626685
Default,1,15436,interpolated,430,38559950.57402166,-1.4134259783402086,129.8989175691579
Default,1,15436,interpolated,431,38559963.54576852,-1.400454231478274,130.05991913932803
Default,1,15436,interpolated,432,38559976.51751538,-1.3874824846163392,130.13362224649813
Default,1,15436,interpolated,433,38559989.48926225,-1.374510737746954,130.20732535371053
Default,1,15436,interpolated,434,38560002.461009115,-1.3615389908850193,130.28102846088063
Default,1,15436,interpolated,435,38560015.43275598,-1.3485672440230847,130.35473156805074
Default,1,15436,interpolated,436,38560028.40450285,-1.3355954971536994,130.42843467526313
Default,1,15436,interpolated,437,38560041.37624971,-1.3226237502917648,130.50213778243324
Default,1,15436,interpolated,438,38560054.34799657,-1.30965200342983,130.57584088960334
Default,1,15436,interpolated,439,38560067.31974344,-1.296680256560445,130.64954399681574
Default,1,15436,interpolated,440,38560080.2914903,-1.2837085096985101,130.72324710398584
Default,1,15436,interpolated,441,38560093.26323716,-1.2707367628365756,130.79695021115572
Default,1,15436,interpolated,442,38560106.23498403,-1.2577650159671903,130.87065331836834
Default,1,15436,interpolated,443,38560119.206730895,-1.2447932691052557,130.94435642553822
Default,1,15436,interpolated,444,38560132.17847776,-1.2318215222433209,131.22703412547708
Default,1,15436,interpolated,445,38560145.150224626,-1.2188497753739358,132.1075112313033
Default,1,15436,interpolated,446,38560158.12197149,-1.205878028512001,132.75609857439986
Default,1,15436,interpolated,447,38560171.09371835,-1.1929062816500664,133.08519703526235
Default,1,15436,interpolated,448,38560184.06546522,-1.179934534780681,133.22174173915073
Default,1,15436,interpolated,449,38560197.03721208,-1.1669627879187465,133.35828644296066
Default,1,15436,interpolated,450,38560210.00895894,-1.153991041056812,133.49483114677037
Default,1,15436,interpolated,451,38560222.98070581,-1.1410192941874266,133.63137585065874
Default,1,15436,interpolated,452,38560235.952452675,-1.1280475473254918,133.76792055446845
Default,1,15436,interpolated,453,38560248.92419954,-1.1150758004635573,133.90446525827838
Default,1,15436,interpolated,454,38560261.895946406,-1.102104053594172,135.02784563851765
Default,1,15436,interpolated,455,38560274.86769327,-1.0891323067322374,135.15257397372852
Default,1,15436,interpolated,456,38560287.83944013,-1.0761605598703028,135.2773023089394
Default,1,15436,interpolated,457,38560300.81118699,-1.063188813008368,135.40203064415027
Default,1,15436,interpolated,458,38560313.78293386,-1.0502170661389827,135.52675897943277
Default,1,15436,interpolated,459,38560326.75468072,-1.037245319277048,135.65148731464387
Default,1,15436,interpolated,460,38560339.726427585,-1.0242735724151135,135.77621564985475
Default,1,15436,interpolated,461,38560352.698174454,-1.0113018255457282,135.90094398513725
Default,1,15436,interpolated,462,38560365.669921316,-0.9983300786837935,136.0287088313571
Default,1,15436,interpolated,463,38560378.64166818,-0.985358331821859,136.16818998041003
Default,1,15436,interpolated,464,38560391.61341505,-0.9723865849524737,136.30767112954322
Default,1,15436,interpolated,465,38560404.58516191,-0.959414838090539,136.44715227859638
Default,1,15436,interpolated,466,38560417.55690877,-0.9464430912286044,136.5866334276493
Default,1,15436,interpolated,467,38560430.52865564,-0.9334713443592191,136.7261145767825
Default,1,15436,interpolated,468,38560443.5004025,-0.9204995974972844,136.86559572583565
Default,1,15436,interpolated,469,38560456.472149365,-0.9075278506353498,137.0107306673783
Default,1,15436,interpolated,470,38560469.443896234,-0.8945561037659645,137.30554309622812
Default,1,15436,interpolated,471,38560482.415643096,-0.8815843569040299,137.6003555249083
Default,1,15436,interpolated,472,38560495.38738996,-0.8686126100420952,137.89516795358873
Default,1,15436,interpolated,473,38560508.35913683,-0.8556408631727099,138.6965947356075
Default,1,15436,interpolated,474,38560521.33088369,-0.8426691163107753,139.22758252900553
Default,1,15436,interpolated,475,38560534.30263055,-0.8296973694488406,139.54396659880877
Default,1,15436,interpolated,476,38560547.27437742,-0.8167256225794554,139.86035066879367
Default,1,15436,interpolated,477,38560560.24612428,-0.8037538757175208,140.05531392582043
Default,1,15436,interpolated,478,38560573.217871144,-0.7907821288555861,140.15433489423208
Default,1,15436,interpolated,479,38560586.189618014,-0.7778103819862008,140.2533558627008
Default,1,15436,interpolated,480,38560599.161364876,-0.7648386351242662,140.35237683111245
Default,1,15436,interpolated,481,38560612.13311174,-0.7518668882623315,140.4513977995241
Default,1,15436,interpolated,482,38560625.10485861,-0.7388951413929462,140.55041876799282
Default,1,15436,interpolated,483,38560638.07660547,-0.7259233945310116,140.64943973640447
Default,1,15436,interpolated,484,38560651.04835233,-0.7129516476690769,140.74846070481613
Default,1,15436,interpolated,485,38560664.0200992,-0.6999799007996917,140.84748167328485
Default,1,15436,interpolated,486,38560676.99184606,-0.687008153937757,140.9465026416965
Default,1,15436,interpolated,487,38560689.963592924,-0.6740364070758224,141.06212075962685
Default,1,15436,interpolated,488,38560702.93533979,-0.6610646602064372,141.1972431228496
Default,1,15436,interpolated,489,38560715.907086655,-0.6480929133445025,141.33236548599484
Default,1,15436,interpolated,490,38560728.87883352,-0.6351211664825678,141.46748784913984
Default,1,15436,interpolated,491,38560741.85058039,-0.6221494196131826,141.6026102123626
Default,1,15436,interpolated,492,38560754.82232725,-0.6091776727512479,141.73773257550783
Default,1,15436,interpolated,493,38560767.79407411,-0.5962059258893132,141.87285493865306
Default,1,15436,interpolated,494,38560780.76582098,-0.583234179019928,142.01196595281363
Default,1,15436,interpolated,495,38560793.73756784,-0.5702624321579933,142.21464949753135
Default,1,15436,interpolated,496,38560806.709314704,-0.5572906852960586,142.41733304224908
Default,1,15436,interpolated,497,38560819.68106157,-0.5443189384266734,142.62001658708323
Default,1,15436,interpolated,498,38560832.652808435,-0.5313471915647388,142.82270013180096
Default,1,15436,interpolated,499,38560845.6245553,-0.5183754447028041,143.0285009701263
Default,1,15436,interpolated,500,38560858.59630217,-0.5054036978334189,143.2560754766066
Default,1,15436,interpolated,501,38560871.56804903,-0.4924319509714842,143.48364998295642
Default,1,15436,interpolated,502,38560884.53979589,-0.47946020410954954,143.71122448930623
Default,1,15436,interpolated,503,38560897.51154276,-0.4664884572401643,143.93879899578656
Default,1,15436,interpolated,504,38560910.48328962,-0.4535167103782296,145.01093960185813
Default,1,15436,interpolated,505,38560923.45503648,-0.44054496351629496,145.06808386116177
Default,1,15436,interpolated,506,38560936.42678335,-0.4275732166469097,145.12522812049815
Default,1,15436,interpolated,507,38560949.398530215,-0.4146014697849751,145.1823723798018
Default,1,15436,interpolated,508,38560962.37027708,-0.4016297229230404,145.23951663910566
Default,1,15436,interpolated,509,38560975.34202394,-0.38865797606110575,145.2966608984093
Default,1,15436,interpolated,510,38560988.31377081,-0.3756862291917205,145.35380515774568
Default,1,15436,interpolated,511,38561001.28551767,-0.3627144823297858,145.41094941704932
Default,1,15436,interpolated,512,38561014.25726453,-0.3497427354678512,145.4680936763532
Default,1,15436,interpolated,513,38561027.2290114,-0.33677098859846594,145.52523793568957
Default,1,15436,interpolated,514,38561040.20075826,-0.32379924173653124,145.58238219499322
Default,1,15436,interpolated,515,38561053.172505125,-0.3108274948745966,145.63952645429686
Default,1,15436,interpolated,516,38561066.144251995,-0.29785574800521136,145.69667071363347
Default,1,15436,interpolated,517,38561079.11599886,-0.2848840011432767,145.7538149729371
Default,1,15436,interpolated,518,38561092.08774572,-0.271912254281342,145.81095923224075
Default,1,15436,interpolated,519,38561105.05949259,-0.2589405074119568,145.86810349157736
Default,1,15436,interpolated,520,38561118.03123945,-0.24596876055002212,145.925247750881
Default,1,15436,interpolated,521,38561131.00298631,-0.23299701368808748,145.98239201018464
Default,1,15436,interpolated,522,38561143.97473318,-0.22002526681870221,146.0618947115952
Default,1,15436,interpolated,523,38561156.94648004,-0.20705351995676757,146.15135503478086
Default,1,15436,interpolated,524,38561169.918226905,-0.1940817730948329,146.24081535796677
Default,1,15436,interpolated,525,38561182.889973775,-0.18111002622544767,146.33027568120383
Default,1,15436,interpolated,526,38561195.86172064,-0.168138279363513,146.4197360043895
Default,1,15436,interpolated,527,38561208.8334675,-0.15516653250157833,146.5091963275754
Default,1,15436,interpolated,528,38561221.80521437,-0.1421947856321931,146.59865665081247
Default,1,15436,interpolated,529,38561234.77696123,-0.12922303877025842,146.68811697399815
Default,1,15436,interpolated,530,38561247.74870809,-0.11625129190832377,146.77757729718405
Default,1,15436,interpolated,531,38561260.72045496,-0.10327954503893852,146.86703762042112
Default,1,15436,interpolated,532,38561273.69220182,-0.09030779817700386,146.9564979436068
Default,1,15436,interpolated,533,38561286.663948685,-0.0773360513150692,147.22979133396302
Default,1,15436,interpolated,534,38561299.635695554,-0.06436430444568396,147.6770929501488
Default,1,15436,interpolated,535,38561312.607442416,-0.0513925575837493,148.07515505033848
Default,1,15436,interpolated,536,38561325.57918928,-0.038420810721814636,148.34539977662894
Default,1,15436,interpolated,537,38561338.55093615,-0.025449063852429392,148.61564450307446
Default,1,15436,interpolated,538,38561351.52268301,-0.012477316990494728,148.8858892293647
Default,1,15436,interpolated,539,38561364.49442987,0.0004944298714399338,148.99369155734735
Default,1,15436,interpolated,540,38561377.46617674,0.013466176740825177,148.982772578501
Default,1,15436,interpolated,541,38561390.4379236,0.026437923602759837,148.97185359966102
Default,1,15436,interpolated,542,38561403.409670465,0.0394096704646945,148.96093462082104
Default,1,15436,interpolated,543,38561416.381417334,0.05238141733407974,148.9500156419747
Default,1,15436,interpolated,544,38561429.353164196,0.0653531641960144,148.9390966631347
Default,1,15436,interpolated,545,38561442.32491106,0.07832491105794907,148.92817768429472
Default,1,15436,interpolated,546,38561455.29665793,0.09129665792733431,148.91725870544838
Default,1,15436,interpolated,547,38561468.26840479,0.10426840478926898,148.9063397266084
Default,1,15436,interpolated,548,38561481.24015165,0.11724015165120363,148.8954207477684
Default,1,15436,interpolated,549,38561494.21189852,0.13021189852058887,148.88450176892206
Default,1,15436,interpolated,550,38561507.18364538,0.14318364538252354,148.87358279008208
Default,1,15436,interpolated,551,38561520.155392244,0.1561553922444582,148.8626638112421
Default,1,15436,interpolated,552,38561533.127139114,0.16912713911384344,148.85174483239575
Default,1,15436,interpolated,553,38561546.098885976,0.1820988859757781,148.84082585355577
Default,1,15436,interpolated,554,38561559.07063284,0.19507063283771278,148.8299068747158
Default,1,15436,interpolated,555,38561572.04237971,0.20804237970709802,148.81898789586944
Default,1,15436,interpolated,556,38561585.01412657,0.2210141265690327,148.80806891702946
Default,1,15436,interpolated,557,38561597.98587343,0.23398587343096733,148.79714993818948
Default,1,15436,interpolated,558,38561610.95762029,0.246957620292902,148.7862309593495
Default,1,15436,interpolated,559,38561623.92936716,0.25992936716228726,148.77531198050315
Default,1,15436,interpolated,560,38561636.901114024,0.2729011140242219,148.76439300166317
Default,1,15436,interpolated,561,38561649.872860886,0.28587286088615654,148.75347402282318
Default,1,15436,interpolated,562,38561662.844607756,0.2988446077555418,148.74255504397684
Default,1,15436,interpolated,563,38561675.81635462,0.3118163546174765,148.73163606513685
Default,1,15436,interpolated,564,38561688.78810148,0.3247881014794111,148.72071708629687
Default,1,15436,interpolated,565,38561701.75984835,0.33775984834879635,148.70979810745052
Default,1,15436,interpolated,566,38561714.73159521,0.35073159521073105,148.69887912861054
Default,1,15436,interpolated,567,38561727.70334207,0.3637033420726657,148.68796014977056
Default,1,15436,interpolated,568,38561740.67508894,0.37667508894205093,148.6770411709242
Default,1,15436,interpolated,569,38561753.646835804,0.3896468358039856,148.66612219208423
Default,1,15436,interpolated,570,38561766.618582666,0.40261858266592027,148.65520321324425
Default,1,15436,interpolated,571,38561779.590329535,0.4155903295353055,148.6442842343979
Default,1,15436,interpolated,572,38561792.5620764,0.42856207639724014,148.63336525555792
Default,1,15436,interpolated,573,38561805.53382326,0.44153382325917484,148.62244627671794
Default,1,15436,interpolated,574,38561818.50557013,0.4545055701285601,148.6115272978716
Default,1,15436,interpolated,575,38561831.47731699,0.4674773169904947,148.6006083190316
Default,1,15436,interpolated,576,38561844.44906385,0.4804490638524294,148.58968934019163
Default,1,15436,interpolated,577,38561857.42081072,0.49342081072181465,148.57877036134528
Default,1,15436,interpolated,578,38561870.392557584,0.5063925575837493,148.5678513825053
Default,1,15436,interpolated,579,38561883.364304446,0.5193643044456839,148.55693240366531
Default,1,15436,interpolated,580,38561896.336051315,0.5323360513150692,148.54601342481897
Default,1,15436,interpolated,581,38561909.30779818,0.5453077981770039,148.53509444597898
Default,1,15436,interpolated,582,38561922.27954504,0.5582795450389385,148.524175467139
Default,1,15436,interpolated,583,38561935.25129191,0.5712512919083238,148.51325648829265
Default,1,15436,interpolated,584,38561948.22303877,0.5842230387702584,148.50233750945267
Default,1,15436,interpolated,585,38561961.19478563,0.5971947856321931,148.4914185306127
Default,1,15436,interpolated,586,38561974.1665325,0.6101665325015784,148.48049955176634
Default,1,15436,interpolated,587,38561987.13827936,0.623138279363513,148.46958057292636
Default,1,15436,interpolated,588,38562000.110026225,0.6361100262254477,148.45866159408638
Default,1,15436,interpolated,589,38562013.081773095,0.649081773094833,148.44774261524003
Default,1,15436,interpolated,590,38562026.05351996,0.6620535199567675,148.43682363640005
Default,1,15436,interpolated,591,38562039.02526682,0.6750252668187022,148.42590465756007
Default,1,15436,interpolated,592,38562051.99701369,0.6879970136880875,148.41498567871372
Default,1,15436,interpolated,593,38562064.96876055,0.7009687605500221,148.40406669987374
Default,1,15436,interpolated,594,38562077.94050741,0.7139405074119568,148.39314772103376
Default,1,15436,interpolated,595,38562090.91225428,0.7269122542813421,148.3822287421874
Default,1,15436,interpolated,596,38562103.88400114,0.7398840011432767,148.37130976334743
Default,1,15436,interpolated,597,38562116.855748005,0.7528557480052114,148.36039078450744
Default,1,15436,interpolated,598,38562129.827494875,0.7658274948745966,148.3494718056611
Default,1,15436,interpolated,599,38562142.79924174,0.7787992417365313,148.33855282682111
Default,1,15436,interpolated,600,38562155.7709886,0.791770988598466,148.32763384798113
Default,1,15436,interpolated,601,38562168.74273547,0.8047427354678511,148.31671486913478
Default,1,15436,interpolated,602,38562181.71448233,0.8177144823297858,148.3057958902948
Default,1,15436,interpolated,603,38562194.68622919,0.8306862291917205,148.29487691145482
Default,1,15436,interpolated,604,38562207.65797606,0.8436579760611057,148.28395793260847
Default,1,15436,interpolated,605,38562220.62972292,0.8566297229230404,148.2730389537685
Default,1,15436,interpolated,606,38562233.601469785,0.8696014697849751,148.2621199749285
Default,1,15436,interpolated,607,38562246.573216654,0.8825732166543603,148.25120099608216
Default,1,15436,interpolated,608,38562259.54496352,0.895544963516295,148.24028201724218
Default,1,15436,interpolated,609,38562272.51671038,0.9085167103782297,148.2293630384022
Default,1,15436,interpolated,610,38562285.48845724,0.9214884572401643,148.21844405956222
Default,1,15436,interpolated,611,38562298.46020411,0.9344602041095496,148.20752508071587
Default,1,15436,interpolated,612,38562311.43195097,0.9474319509714842,148.1966061018759
Default,1,15436,interpolated,613,38562324.40369783,0.9604036978334188,148.1856871230359
Default,1,15436,interpolated,614,38562337.3754447,0.9733754447028041,148.17476814418956
Default,1,15436,interpolated,615,38562350.347191565,0.9863471915647388,148.16384916534957
Default,1,15436,interpolated,616,38562363.31893843,0.9993189384266734,148.1529301865096
Default,1,15436,interpolated,617,38562376.290685296,1.0122906852960587,148.14201120766324
Default,1,15436,interpolated,618,38562389.26243216,1.0252624321579933,148.13109222882326
Default,1,15436,interpolated,619,38562402.23417902,1.038234179019928,148.12017324998328
Default,1,15436,interpolated,620,38562415.20592589,1.0512059258893132,148.10925427113693
Default,1,15436,interpolated,621,38562428.17767275,1.064177672751248,148.09833529229695
Default,1,15436,interpolated,622,38562441.14941961,1.0771494196131826,148.08741631345697
Default,1,15436,interpolated,623,38562454.12116648,1.0901211664825678,148.07649733461062
Default,1,15436,interpolated,624,38562467.092913345,1.1030929133445024,148.06557835577064
Default,1,15436,interpolated,625,38562480.06466021,1.1160646602064372,148.05465937693066
Default,1,15436,interpolated,626,38562493.036407076,1.1290364070758223,148.0437403980843
Default,1,15436,interpolated,627,38562506.00815394,1.1420081539377571,148.03282141924433
Default,1,15436,interpolated,628,38562518.9799008,1.1549799007996917,148.02190244040435
Default,1,15436,interpolated,629,38562531.95164767,1.167951647669077,148.010983461558
Default,1,15436,interpolated,630,38562544.92339453,1.1809233945310116,148.00006448271802
Default,1,15436,interpolated,631,38562557.89514139,1.1938951413929462,147.76120108531586
Default,1,15436,interpolated,632,38562570.86688826,1.2068668882623315,147.52098355069757
Default,1,15436,interpolated,633,38562583.838635124,1.2198386351242663,147.28076601621729
Default,1,15436,interpolated,634,38562596.810381986,1.2328103819862009,147.040548481737
Default,1,15436,interpolated,635,38562609.782128856,1.2457821288555861,146.69193917555458
Default,1,15436,interpolated,636,38562622.75387572,1.2587538757175207,146.32131783664227
Default,1,15436,interpolated,637,38562635.72562258,1.2717256225794553,145.98692710167074
Default,1,15436,interpolated,638,38562648.69736945,1.2846973694488406,145.8886562920543
Default,1,15436,interpolated,639,38562661.66911631,1.2976691163107754,145.79038548249423
Default,1,15436,interpolated,640,38562674.64086317,1.31064086317271,145.69211467293394
Default,1,15436,interpolated,641,38562687.61261004,1.3236126100420953,145.5938438633175
Default,1,15436,interpolated,642,38562700.584356904,1.3365843569040299,145.49557305375743
Default,1,15436,interpolated,643,38562713.556103766,1.3495561037659645,145.39730224419714
Default,1,15436,interpolated,644,38562726.527850635,1.3625278506353498,145.29903143458068
Default,1,15436,interpolated,645,38562739.4995975,1.3754995974972843,145.20076062502062
Default,1,15436,interpolated,646,38562752.47134436,1.3884713443592192,145.10248981546056
Default,1,15436,interpolated,647,38562765.44309123,1.4014430912286044,145.00421900584388
Default,1,15436,interpolated,648,38562778.41483809,1.414414838090539,144.80900249091474
Default,1,15436,interpolated,649,38562791.38658495,1.4273865849524736,144.60943715457734
Default,1,15436,interpolated,650,38562804.35833182,1.440358331821859,144.40987181812534
Default,1,15436,interpolated,651,38562817.330078684,1.4533300786837935,144.2103064817877
Default,1,15436,interpolated,652,38562830.301825546,1.4663018255457283,144.0107411454503
Default,1,15436,interpolated,653,38562843.273572415,1.4792735724151134,143.89939694741702
Default,1,15436,interpolated,654,38562856.24531928,1.4922453192770482,143.79307115346683
Default,1,15436,interpolated,655,38562869.21706614,1.5052170661389828,143.68674535951664
Default,1,15436,interpolated,656,38562882.18881301,1.518188813008368,143.58041956550528
Default,1,15436,interpolated,657,38562895.16055987,1.5311605598703026,143.47409377155486
Default,1,15436,interpolated,658,38562908.13230673,1.5441323067322374,143.36776797760467
Default,1,15436,interpolated,659,38562921.104053594,1.557104053594172,143.26144218365425
Default,1,15436,interpolated,660,38562934.07580046,1.5700758004635573,143.1551163896429
Default,1,15436,interpolated,661,38562947.047547325,1.583047547325492,143.0487905956927
Default,1,15436,interpolated,662,38562960.01929419,1.5960192941874265,142.9415058817715
Default,1,15436,interpolated,663,38562972.99104106,1.6089910410568118,142.83340799119333
Default,1,15436,interpolated,664,38562985.96278792,1.6219627879187466,142.725310100677
Default,1,15436,interpolated,665,38562998.93453478,1.6349345347806812,142.61721221016091
Default,1,15436,interpolated,666,38563011.90628165,1.6479062816500665,142.50911431958275
Default,1,15436,interpolated,667,38563024.87802851,1.660878028512001,142.40101642906666
Default,1,15436,interpolated,668,38563037.849775374,1.6738497753739356,142.29291853855057
Default,1,15436,interpolated,669,38563050.82152224,1.686821522243321,142.1848206479724
Default,1,15436,interpolated,670,38563063.793269105,1.6997932691052557,142.0767227574563
Default,1,15436,interpolated,671,38563076.76501597,1.7127650159671903,141.9275958467847
Default,1,15436,interpolated,672,38563089.73676284,1.7257367628365756,141.6781391762197
Default,1,15436,interpolated,673,38563102.7085097,1.7387085096985102,141.42868250579795
Default,1,15436,interpolated,674,38563115.68025656,1.7516802565604448,141.17922583537597
Default,1,15436,interpolated,675,38563128.65200343,1.76465200342983,140.9725413275953
Default,1,15436,interpolated,676,38563141.62375029,1.7776237502917647,140.87500939630263
Default,1,15436,interpolated,677,38563154.59549715,1.7905954971536995,140.77747746500972
Default,1,15436,interpolated,678,38563167.56724402,1.8035672440230848,140.6799455336611
Default,1,15436,interpolated,679,38563180.538990885,1.8165389908850194,140.5824136023682
Default,1,15436,interpolated,680,38563193.51073775,1.829510737746954,140.48488167107553
Default,1,15436,interpolated,681,38563206.48248462,1.8424824846163392,140.3873497397267
Default,1,15436,interpolated,682,38563219.45423148,1.8554542314782738,140.289817808434
Default,1,15436,interpolated,683,38563232.42597834,1.8684259783402086,140.19228587714133
Default,1,15436,interpolated,684,38563245.39772521,1.881397725209594,140.0947539457925
Default,1,15436,interpolated,685,38563258.36947207,1.8943694720715285,139.99120304591588
Default,1,15436,interpolated,686,38563271.34121893,1.907341218933463,139.68235193015562
Default,1,15436,interpolated,687,38563284.3129658,1.9203129658028484,139.373500814218
Default,1,15436,interpolated,688,38563297.284712665,1.933284712664783,139.06464969845752
Default,1,15436,interpolated,689,38563310.25645953,1.9462564595267178,138.43019669296018
Default,1,15436,interpolated,690,38563323.228206396,1.9592282063961028,137.25311337198536
Default,1,15436,interpolated,691,38563336.19995326,1.9721999532580377,136.84225417946436
Default,1,15436,interpolated,692,38563349.17170012,1.9851717001199722,136.65955351943694
Default,1,15436,interpolated,693,38563362.14344699,1.9981434469893575,136.47685285930493
Default,1,15436,interpolated,694,38563375.11519385,2.011115193851292,136.2941521992775
Default,1,15436,interpolated,695,38563388.08694071,2.024086940713227,136.1114515392503
Default,1,15436,interpolated,696,38563401.05868758,2.037058687582612,135.97976524966953
Default,1,15436,interpolated,697,38563414.030434445,2.0500304344445466,135.92787826222184
Default,1,15436,interpolated,698,38563427.00218131,2.0630021813064814,135.87599127477415
Default,1,15436,interpolated,699,38563439.973928176,2.0759739281758667,135.82410428729645
Default,1,15436,interpolated,700,38563452.94567504,2.0889456750378015,135.77221729984876
Default,1,15436,interpolated,701,38563465.9174219,2.101917421899736,135.72033031240107
Default,1,15436,interpolated,702,38563478.88916877,2.114889168769121,135.6684433249236
Default,1,15436,interpolated,703,38563491.86091563,2.127860915631056,135.61655633747569
Default,1,15436,interpolated,704,38563504.83266249,2.1408326624929908,135.564669350028
Default,1,15436,interpolated,705,38563517.80440936,2.1538044093623756,135.51278236255052
Default,1,15436,interpolated,706,38563530.776156224,2.1667761562243104,135.46089537510284
Default,1,15436,interpolated,707,38563543.747903086,2.179747903086245,135.40900838765492
Default,1,15436,interpolated,708,38563556.719649956,2.1927196499556305,135.35712140017745
Default,1,15436,interpolated,709,38563569.69139682,2.205691396817565,135.30523441272976
Default,1,15436,interpolated,710,38563582.66314368,2.2186631436794997,135.25334742528207
Default,1,15436,interpolated,711,38563595.63489054,2.2316348905414345,135.20146043783416
Default,1,15436,interpolated,712,38563608.60663741,2.24460663741082,135.14957345035668
Default,1,15436,interpolated,713,38563621.57838427,2.257578384272754,135.097686462909
Default,1,15436,interpolated,714,38563634.550131135,2.270550131134689,135.0457994754613
Default,1,15436,interpolated,715,38563647.521878004,2.2835218780040742,134.98676627822533
Default,1,15436,interpolated,716,38563660.493624866,2.2964936248660086,134.8739684794259
Default,1,15436,interpolated,717,38563673.46537173,2.3094653717279434,134.7611706806265
Default,1,15436,interpolated,718,38563686.4371186,2.3224371185973287,134.64837288176227
Default,1,15436,interpolated,719,38563699.40886546,2.3354088654592635,134.53557508296285
Default,1,15436,interpolated,720,38563712.38061232,2.348380612321198,134.42277728416343
Default,1,15436,interpolated,721,38563725.35235919,2.361352359190583,134.3099794852992
Default,1,15436,interpolated,722,38563738.32410605,2.374324106052518,134.1971816864998
Default,1,15436,interpolated,723,38563751.295852914,2.387295852914453,134.08438388770037
Default,1,15436,interpolated,724,38563764.267599784,2.4002675997838376,133.9919714993025
Default,1,15436,interpolated,725,38563777.239346646,2.4132393466457724,133.96009988539117
Default,1,15436,interpolated,726,38563790.21109351,2.4262110935077073,133.92822827147984
Default,1,15436,interpolated,727,38563803.18284038,2.4391828403770925,133.8963566575501
Default,1,15436,interpolated,728,38563816.15458724,2.452154587239027,133.86448504363875
Default,1,15436,interpolated,729,38563829.1263341,2.4651263341009617,133.83261342972742
Default,1,15436,interpolated,730,38563842.09808097,2.478098080970347,133.80074181579766
Default,1,15436,interpolated,731,38563855.06982783,2.491069827832282,133.76887020188633
Default,1,15436,interpolated,732,38563868.041574694,2.504041574694216,133.736998587975
Default,1,15436,interpolated,733,38563881.01332156,2.5170133215636015,133.70512697404524
Default,1,15436,interpolated,734,38563893.985068426,2.5299850684255363,133.6732553601339
Default,1,15436,interpolated,735,38563906.95681529,2.542956815287471,133.64138374622235
Default,1,15436,interpolated,736,38563919.92856216,2.555928562156856,133.60951213229282
Default,1,15436,interpolated,737,38563932.90030902,2.5689003090187907,133.57764051838126
Default,1,15436,interpolated,738,38563945.87205588,2.5818720558807255,133.54576890446992
Default,1,15436,interpolated,739,38563958.84380275,2.594843802750111,133.51389729054017
Default,1,15436,interpolated,740,38563971.81554961,2.607815549612045,133.48202567662884
Default,1,15436,interpolated,741,38563984.787296474,2.62078729647398,133.4501540627175
Default,1,15436,interpolated,742,38563997.75904334,2.6337590433433653,133.41828244878775
Default,1,15436,interpolated,743,38564010.730790205,2.6467307902053,133.38641083487641
Default,1,15436,interpolated,744,38564023.70253707,2.6597025370672345,133.35453922096508
Default,1,15436,interpolated,745,38564036.67428394,2.6726742839366198,133.32266760703533
Default,1,15436,interpolated,746,38564049.6460308,2.6856460307985546,133.290795993124
Default,1,15436,interpolated,747,38564062.61777766,2.698617777660489,133.25892437921266
Default,1,15436,interpolated,748,38564075.58952453,2.7115895245298742,133.2270527652829
Default,1,15436,interpolated,749,38564088.56127139,2.724561271391809,133.19518115137157
Default,1,15436,interpolated,750,38564101.533018254,2.737533018253744,133.16330953746
Default,1,15436,interpolated,751,38564114.50476512,2.750504765123129,133.13143792353048
Default,1,15436,interpolated,752,38564127.476511985,2.7634765119850635,133.09956630961892
Default,1,15436,interpolated,753,38564140.44825885,2.7764482588469983,133.0676946957076
Default,1,15436,interpolated,754,38564153.42000572,2.7894200057163836,133.03582308177783
Default,1,15436,interpolated,755,38564166.39175258,2.802391752578318,133.0039514678665
Default,1,15436,interpolated,756,38564179.36349944,2.8153634994402528,132.52652085665613
Default,1,15436,interpolated,757,38564192.33524631,2.828335246309638,131.98802691751303
Default,1,15436,interpolated,758,38564205.30699317,2.841306993171573,131.5247502438724
Default,1,15436,interpolated,759,38564218.27874003,2.8542787400335072,131.06147357023178
Default,1,15436,interpolated,760,38564231.250486895,2.867250486895442,130.63708106788886
Default,1,15436,interpolated,761,38564244.222233765,2.8802222337648273,130.21863762048952
Default,1,15436,interpolated,762,38564257.19398063,2.893193980626762,129.86534824724436
Default,1,15436,interpolated,763,38564270.16572749,2.9061657274886965,129.5833537502458
Default,1,15436,interpolated,764,38564283.13747436,2.919137474358082,129.30135925308514
Default,1,15436,interpolated,765,38564296.10922122,2.9321092212200166,129.0193647560866
Default,1,15436,interpolated,766,38564309.08096808,2.9450809680819514,128.76311827290283
Default,1,15436,interpolated,767,38564322.05271495,2.9580527149513363,128.50877029507183
Default,1,15436,interpolated,768,38564335.02446181,2.971024461813271,128.2544223173868
Default,1,15436,interpolated,769,38564347.996208675,2.983996208675206,128.00007433970177
Default,1,15436,interpolated,770,38564360.967955545,2.996967955544591,127.74572636187077
Default,1,15436,interpolated,771,38564373.93970241,3.0099397024065255,127.49137838418574
Default,1,15436,interpolated,772,38564386.91144927,3.0229114492684603,127.23703040650071
Default,1,15436,interpolated,773,38564399.88319614,3.0358831961378456,126.9836445159658
Default,1,15436,interpolated,774,38564412.854943,3.0488549429997804,126.74342698148553
Default,1,15436,interpolated,775,38564425.82668986,3.061826689861715,126.50320944700525
Default,1,15436,interpolated,776,38564438.79843673,3.0747984367311,126.26299191238695
Default,1,15436,interpolated,777,38564451.77018359,3.087770183593035,126.02277437790667
Default,1,15436,interpolated,778,38564464.741930455,3.1007419304549693,125.93820036602642
Default,1,15436,interpolated,779,38564477.713677324,3.1137136773243546,125.86992801408223
Default,1,15436,interpolated,780,38564490.68542419,3.1266854241862894,125.80165566217738
Default,1,15436,interpolated,781,38564503.65717105,3.139657171048224,125.73338331027253
Default,1,15436,interpolated,782,38564516.62891792,3.1526289179176095,125.66511095832834
Default,1,15436,interpolated,783,38564529.60066478,3.165600664779544,125.59683860642349
Default,1,15436,interpolated,784,38564542.57241164,3.1785724116414786,125.52856625451864
Default,1,15436,interpolated,785,38564555.54415851,3.191544158510864,125.46029390257445
Default,1,15436,interpolated,786,38564568.51590537,3.2045159053727983,125.39202155066937
Default,1,15436,interpolated,787,38564581.487652235,3.217487652234733,125.32374919876452
Default,1,15436,interpolated,788,38564594.459399104,3.2304593991041184,125.25547684682033
Default,1,15436,interpolated,789,38564607.431145966,3.243431145966053,125.18720449491548
Default,1,15436,interpolated,790,38564620.40289283,3.2564028928279876,125.11893214301062
Default,1,15436,interpolated,791,38564633.3746397,3.269374639697373,125.05065979106644
Default,1,15436,interpolated,792,38564646.34638656,3.2823463865593077,124.86614453762763
Default,1,15436,interpolated,793,38564659.31813342,3.2953181334212425,124.3472746631503
Default,1,15436,interpolated,794,38564672.28988029,3.3082898802906278,123.9296740935963
Default,1,15436,interpolated,795,38564685.26162715,3.321261627152562,123.7170225056957
Default,1,15436,interpolated,796,38564698.233374014,3.334233374014497,123.50437091779509
Default,1,15436,interpolated,797,38564711.205120884,3.3472051208838822,123.29171932977238
Default,1,15436,interpolated,798,38564724.176867746,3.3601768677458166,123.07906774187177
Default,1,15436,interpolated,799,38564737.14861461,3.3731486146077514,122.96993131141062
Default,1,15436,interpolated,800,38564750.12036148,3.3861203614771367,122.92206508680033
Default,1,15436,interpolated,801,38564763.09210834,3.3990921083390715,122.87419886221755
Default,1,15436,interpolated,802,38564776.0638552,3.412063855201006,122.82633263763478
Default,1,15436,interpolated,803,38564789.03560207,3.425035602070391,122.77846641302449
Default,1,15436,interpolated,804,38564802.00734893,3.438007348932326,122.73060018844171
Default,1,15436,interpolated,805,38564814.979095794,3.4509790957942608,122.68273396385871
Default,1,15436,interpolated,806,38564827.95084266,3.4639508426636456,122.63486773924865
Default,1,15436,interpolated,807,38564840.922589526,3.4769225895255804,122.58700151466564
Default,1,15436,interpolated,808,38564853.89433639,3.4898943363875152,122.53913529008287
Default,1,15436,interpolated,809,38564866.86608326,3.5028660832569005,122.49126906547258
Default,1,15436,interpolated,810,38564879.83783012,3.515837830118835,122.4434028408898
Default,1,15436,interpolated,811,38564892.80957698,3.5288095769807697,122.39553661630703
Default,1,15436,interpolated,812,38564905.78132384,3.5417813238427045,122.34767039172425
Default,1,15436,interpolated,813,38564918.75307071,3.55475307071209,122.29980416711396
Default,1,15436,interpolated,814,38564931.724817574,3.567724817574024,122.25193794253119
Default,1,15436,interpolated,815,38564944.696564436,3.580696564435959,122.20407171794841
Default,1,15436,interpolated,816,38564957.668311305,3.5936683113053443,122.15620549333812
Default,1,15436,interpolated,817,38564970.64005817,3.606640058167279,122.10833926875534
Default,1,15436,interpolated,818,38564983.61180503,3.6196118050292134,122.06047304417257
Default,1,15436,interpolated,819,38564996.5835519,3.6325835518985987,122.01260681956228
Default,1,15436,interpolated,820,38565009.55529876,3.6455552987605335,121.70139691373333
Default,1,15436,interpolated,821,38565022.52704562,3.658527045622468,121.29602982429788
Default,1,15436,interpolated,822,38565035.49879249,3.671498792491853,120.95680503096469
Default,1,15436,interpolated,823,38565048.470539354,3.684470539353788,120.79666000797783
Default,1,15436,interpolated,824,38565061.442286216,3.697442286215723,120.63651498499098
Default,1,15436,interpolated,825,38565074.414033085,3.710414033085108,120.47636996191227
Default,1,15436,interpolated,826,38565087.38577995,3.7233857799470425,120.31622493892542
Default,1,15436,interpolated,827,38565100.35752681,3.7363575268089773,120.15607991593856
Default,1,15436,interpolated,828,38565113.32927368,3.7493292736783626,119.99642093827856
Default,1,15436,interpolated,829,38565126.30102054,3.762301020540297,119.8554236897794
Default,1,15436,interpolated,830,38565139.2727674,3.7752727674022317,119.71442644128001
Default,1,15436,interpolated,831,38565152.24451427,3.788244514271617,119.5734291926999
Default,1,15436,interpolated,832,38565165.21626113,3.801216261133552,119.43243194420052
Default,1,15436,interpolated,833,38565178.188007995,3.814188007995486,119.29143469570113
Default,1,15436,interpolated,834,38565191.159754865,3.8271597548648715,119.15043744712102
Default,1,15436,interpolated,835,38565204.13150173,3.8401315017268063,119.00944019862163
Default,1,15436,interpolated,836,38565217.10324859,3.853103248588741,118.8407467290956
Default,1,15436,interpolated,837,38565230.07499546,3.866074995458126,118.67006584923524
Default,1,15436,interpolated,838,38565243.04674232,3.8790467423200607,118.49938496947289
Default,1,15436,interpolated,839,38565256.01848918,3.8920184891819956,118.32870408971053
Default,1,15436,interpolated,840,38565268.99023605,3.904990236051381,118.15802320985017
Default,1,15436,interpolated,841,38565281.96198291,3.917961982913315,117.9839669514447
Default,1,15436,interpolated,842,38565294.933729775,3.93093372977525,117.76777117041252
Default,1,15436,interpolated,843,38565307.905476645,3.9439054766446353,117.55157538925619
Default,1,15436,interpolated,844,38565320.87722351,3.95687722350657,117.33537960822377
Default,1,15436,interpolated,845,38565333.84897037,3.9698489703685045,117.11918382719159
Default,1,15436,interpolated,846,38565346.82071724,3.9828207172378898,116.97188059305358
Default,1,15436,interpolated,847,38565359.7924641,3.9957924640998246,116.90921514927618
Default,1,15436,interpolated,848,38565372.76421096,4.008764210961759,116.84654970549877
Default,1,15436,interpolated,849,38565385.73595783,4.021735957831145,116.78388426168522
Default,1,15436,interpolated,850,38565398.70770469,4.034707704693079,116.72121881790781
Default,1,15436,interpolated,851,38565411.679451555,4.047679451555013,116.6585533741304
Default,1,15436,interpolated,852,38565424.651198424,4.060651198424399,116.59588793031685
Default,1,15436,interpolated,853,38565437.62294529,4.073622945286334,116.53322248653944
Default,1,15436,interpolated,854,38565450.59469215,4.086594692148268,116.47055704276204
Default,1,15436,interpolated,855,38565463.56643902,4.099566439017654,116.40789159894848
Default,1,15436,interpolated,856,38565476.53818588,4.112538185879588,116.34522615517108
Default,1,15436,interpolated,857,38565489.50993274,4.125509932741523,116.28256071139367
Default,1,15436,interpolated,858,38565502.48167961,4.1384816796109085,116.21989526758011
Default,1,15436,interpolated,859,38565515.45342647,4.151453426472843,116.15722982380271
Default,1,15436,interpolated,860,38565528.425173335,4.164425173334777,116.0945643800253
Default,1,15436,interpolated,861,38565541.396920204,4.1773969202041625,116.03189893621175
Default,1,15436,interpolated,862,38565554.368667066,4.190368667066098,115.85525756667971
Default,1,15436,interpolated,863,38565567.34041393,4.203340413928032,115.5604451379993
Default,1,15436,interpolated,864,38565580.31216079,4.2163121607899665,115.26563270931888
Default,1,15436,interpolated,865,38565593.28390766,4.229283907659352,114.97482534001279
Default,1,15436,interpolated,866,38565606.25565452,4.242255654521286,114.72047736232776
Default,1,15436,interpolated,867,38565619.22740138,4.255227401383221,114.46612938464273
Default,1,15436,interpolated,868,38565632.19914825,4.268199148252607,114.21178140681172
Default,1,15436,interpolated,869,38565645.170895115,4.281170895114541,113.98800610433955
Default,1,15436,interpolated,870,38565658.14264198,4.294142641976475,113.91633899460521
Default,1,15436,interpolated,871,38565671.114388846,4.307114388845861,113.8446718848295
Default,1,15436,interpolated,872,38565684.08613571,4.320086135707796,113.77300477509516
Default,1,15436,interpolated,873,38565697.05788257,4.33305788256973,113.7013376653606
Default,1,15436,interpolated,874,38565710.02962944,4.346029629439116,113.62967055558511
Default,1,15436,interpolated,875,38565723.0013763,4.35900137630105,113.55800344585055
Default,1,15436,interpolated,876,38565735.97312316,4.371973123162985,113.48633633611621
Default,1,15436,interpolated,877,38565748.94487003,4.3849448700323705,113.4146692263405
Default,1,15436,interpolated,878,38565761.916616894,4.397916616894305,113.34300211660616
Default,1,15436,interpolated,879,38565774.888363756,4.410888363756239,113.2713350068716
Default,1,15436,interpolated,880,38565787.860110626,4.423860110625625,113.1996678970961
Default,1,15436,interpolated,881,38565800.83185749,4.43683185748756,113.12800078736154
Default,1,15436,interpolated,882,38565813.80360435,4.449803604349494,113.05633367762721
Default,1,15436,interpolated,883,38565826.77535122,4.4627753512188795,112.74769534373831
Default,1,15436,interpolated,884,38565839.74709808,4.475747098080814,111.90505803838369
Default,1,15436,interpolated,885,38565852.71884494,4.488718844942748,111.64562310114502
Default,1,15436,interpolated,886,38565865.69059181,4.5016905918121335,111.38618816375742
Default,1,15436,interpolated,887,38565878.662338674,4.514662338674069,111.12675322651853
Default,1,15436,interpolated,888,38565891.634085536,4.527634085536003,110.72357976933313
Default,1,15436,interpolated,889,38565904.605832405,4.540605832405388,110.18309031644208
Default,1,15436,interpolated,890,38565917.57757927,4.553577579267323,109.49543651368685
Default,1,15436,interpolated,891,38565930.54932613,4.566549326129258,108.93500962672488
Default,1,15436,interpolated,892,38565943.521073,4.579521072998643,108.74969895716231
Default,1,15436,interpolated,893,38565956.49281986,4.592492819860578,108.56438828770592
Default,1,15436,interpolated,894,38565969.46456672,4.605464566722512,108.37907761824977
Default,1,15436,interpolated,895,38565982.43631359,4.618436313591897,108.1937669486872
Default,1,15436,interpolated,896,38565995.408060454,4.631408060453833,108.00845627923104
Default,1,15436,interpolated,897,38566008.379807316,4.644379807315767,107.88946600610916
Default,1,15436,interpolated,898,38566021.351554185,4.657351554185152,107.77364683763267
Default,1,15436,interpolated,899,38566034.32330105,4.670323301047087,107.65782766922234
Default,1,15436,interpolated,900,38566047.29504791,4.683295047909022,107.54200850081224
Default,1,15436,interpolated,901,38566060.26679478,4.696266794778407,107.42618933233575
Default,1,15436,interpolated,902,38566073.23854164,4.7092385416403415,107.31037016392543
Default,1,15436,interpolated,903,38566086.2102885,4.722210288502276,107.19455099551533
Default,1,15436,interpolated,904,38566099.18203537,4.735182035371661,107.07873182703884
Default,1,15436,interpolated,905,38566112.15378223,4.7481537822335955,106.96044016920382
Default,1,15436,interpolated,906,38566125.125529096,4.761125529095531,106.83689972289972
Default,1,15436,interpolated,907,38566138.097275965,4.774097275964916,106.71335927652467
Default,1,15436,interpolated,908,38566151.06902283,4.78706902282685,106.58981883022057
Default,1,15436,interpolated,909,38566164.04076969,4.800040769688785,106.46627838391623
Default,1,15436,interpolated,910,38566177.01251656,4.81301251655817,106.34273793754119
Default,1,15436,interpolated,911,38566189.98426342,4.825984263420105,106.21919749123708
Default,1,15436,interpolated,912,38566202.95601028,4.83895601028204,106.09565704493298
Default,1,15436,interpolated,913,38566215.927757144,4.851927757143974,105.02408095200849
Default,1,15436,interpolated,914,38566228.89950401,4.864899504013359,104.80455296949458
Default,1,15436,interpolated,915,38566241.871250875,4.877871250875295,104.60801135037423
Default,1,15436,interpolated,916,38566254.84299774,4.890842997737229,104.4114697312541
Default,1,15436,interpolated,917,38566267.81474461,4.903814744606614,104.21492811202097
Default,1,15436,interpolated,918,38566280.78649147,4.916786491468549,104.01838649290085
Default,1,15436,interpolated,919,38566293.75823833,4.929758238330484,103.75503670144826
Default,1,15436,interpolated,920,38566306.7299852,4.942729985199869,103.48479197500274
Default,1,15436,interpolated,921,38566319.70173206,4.9557017320618035,103.2145472487125
Default,1,15436,interpolated,922,38566332.673478924,4.968673478923738,102.90781107159523
Default,1,15436,interpolated,923,38566345.64522579,4.981645225793123,102.46050945540946
Default,1,15436,interpolated,924,38566358.616972655,4.994616972655058,102.01320783948086
Default,1,15436,interpolated,925,38566371.58871952,5.007588719516993,101.85530207451734
Default,1,15436,interpolated,926,38566384.56046639,5.020560466386378,101.70620153578875
Default,1,15436,interpolated,927,38566397.53221325,5.0335322132483125,101.55710099714588
Default,1,15436,interpolated,928,38566410.50396011,5.046503960110247,101.40800045850301
Default,1,15436,interpolated,929,38566423.47570698,5.059475706979632,101.25889991977442
Default,1,15436,interpolated,930,38566436.44745384,5.072447453841567,101.10979938113132
Default,1,15436,interpolated,931,38566449.4192007,5.085419200703502,100.90502220268058
Default,1,15436,interpolated,932,38566462.39094757,5.098390947572887,100.54469590075314
Default,1,15436,interpolated,933,38566475.362694435,5.111362694434821,100.18436959903283
Default,1,15436,interpolated,934,38566488.3344413,5.124334441296757,99.95913263679518
Default,1,15436,interpolated,935,38566501.306188166,5.137306188166142,99.87544394731526
Default,1,15436,interpolated,936,38566514.27793503,5.150277935028076,99.79175525788332
Default,1,15436,interpolated,937,38566527.24968189,5.163249681890011,99.70806656845161
Default,1,15436,interpolated,938,38566540.22142876,5.176221428759396,99.6243778789717
Default,1,15436,interpolated,939,38566553.19317562,5.189193175621331,99.54068918953976
Default,1,15436,interpolated,940,38566566.16492248,5.202164922483266,99.45700050010805
Default,1,15436,interpolated,941,38566579.13666935,5.215136669352651,99.37331181062814
Default,1,15436,interpolated,942,38566592.108416215,5.228108416214585,99.2896231211962
Default,1,15436,interpolated,943,38566605.08016308,5.2410801630765205,99.20593443176449
Default,1,15436,interpolated,944,38566618.051909946,5.254051909945905,99.12224574228458
Default,1,15436,interpolated,945,38566631.02365681,5.26702365680784,99.03855705285264
Default,1,15436,interpolated,946,38566643.99540367,5.2799954036697745,98.95811135527083
Default,1,15436,interpolated,947,38566656.96715054,5.29296715053916,98.88043622431633
Default,1,15436,interpolated,948,38566669.9388974,5.305938897401094,98.80276109340662
Default,1,15436,interpolated,949,38566682.91064426,5.318910644263029,98.7250859624969
Default,1,15436,interpolated,950,38566695.88239113,5.331882391132415,98.6474108315424
Default,1,15436,interpolated,951,38566708.854137994,5.344854137994349,98.56973570063269
Default,1,15436,interpolated,952,38566721.82588486,5.357825884856283,98.49206056972275
Default,1,15436,interpolated,953,38566734.797631726,5.370797631725669,98.41438543876848
Default,1,15436,interpolated,954,38566747.76937859,5.383769378587604,98.33671030785877
Default,1,15436,interpolated,955,38566760.74112545,5.396741125449538,98.25903517694883
Default,1,15436,interpolated,956,38566773.71287232,5.409712872318924,98.18136004599455
Default,1,15436,interpolated,957,38566786.68461918,5.422684619180858,98.10368491508461
Default,1,15436,interpolated,958,38566799.65636604,5.435656366042793,98.0260097841749
Default,1,15436,interpolated,959,38566812.62811291,5.4486281129121785,97.97269584521473
Default,1,15436,interpolated,960,38566825.599859774,5.461599859774113,97.93164601337298
Default,1,15436,interpolated,961,38566838.571606636,5.474571606636047,97.89059618153146
Default,1,15436,interpolated,962,38566851.543353505,5.4875433535054325,97.8495463496663
Default,1,15436,interpolated,963,38566864.51510037,5.500515100367368,97.80849651782478
Default,1,15436,interpolated,964,38566877.48684723,5.513486847229302,97.76744668598326
Default,1,15436,interpolated,965,38566890.45859409,5.5264585940912365,97.72639685414174
Default,1,15436,interpolated,966,38566903.43034096,5.539430340960622,97.68534702227657
Default,1,15436,interpolated,967,38566916.40208782,5.552402087822556,97.64429719043505
Default,1,15436,interpolated,968,38566929.373834684,5.565373834684491,97.60324735859331
Default,1,15436,interpolated,969,38566942.345581554,5.578345581553877,97.56219752672814
Default,1,15436,interpolated,970,38566955.317328416,5.591317328415811,97.52114769488662
Default,1,15436,interpolated,971,38566968.28907528,5.6042890752777454,97.4800978630451
Default,1,15436,interpolated,972,38566981.26082215,5.617260822147131,97.43904803117994
Default,1,15436,interpolated,973,38566994.23256901,5.630232569009066,97.39799819933842
Default,1,15436,interpolated,974,38567007.20431587,5.643204315871,97.3569483674969
Default,1,15436,interpolated,975,38567020.17606274,5.656176062740386,97.31589853563173
Default,1,15436,interpolated,976,38567033.1478096,5.66914780960232,97.27484870379021
Default,1,15436,interpolated,977,38567046.119556464,5.682119556464255,97.23379887194847
Default,1,15436,interpolated,978,38567059.09130333,5.6950913033336406,97.19274904008353
Default,1,15436,interpolated,979,38567072.063050196,5.708063050195575,97.15169920824178
Default,1,15436,interpolated,980,38567085.03479706,5.721034797057509,97.11064937640026
Default,1,15436,interpolated,981,38567098.00654393,5.734006543926895,97.0695995445351
Default,1,15436,interpolated,982,38567110.97829079,5.74697829078883,97.02854971269358
Default,1,15436,interpolated,983,38567123.95003765,5.759950037650764,96.96814485765503
Default,1,15436,interpolated,984,38567136.92178452,5.7729217845201495,96.86353399580526
Default,1,15436,interpolated,985,38567149.89353138,5.785893531382084,96.7589231340155
Default,1,15436,interpolated,986,38567162.865278244,5.798865278244019,96.65431227222575
Default,1,15436,interpolated,987,38567175.83702511,5.8118370251134035,96.54970141037575
Default,1,15436,interpolated,988,38567188.808771975,5.824808771975339,96.445090548586
Default,1,15436,interpolated,989,38567201.78051884,5.837780518837273,96.34047968679624
Default,1,15436,interpolated,990,38567214.75226571,5.850752265706658,96.23586882494624
Default,1,15436,interpolated,991,38567227.72401257,5.863724012568593,96.13125796315649
Default,1,15436,interpolated,992,38567240.69575943,5.876695759430528,96.02664710136673
Default,1,15436,interpolated,993,38567253.6675063,5.889667506299913,95.7898368195672
Default,1,15436,interpolated,994,38567266.63925316,5.902639253161848,95.50784232256842
Default,1,15436,interpolated,995,38567279.611000024,5.915611000023782,95.22584782556987
Default,1,15436,interpolated,996,38567292.58274689,5.928582746893167,94.96811423588679
Default,1,15436,interpolated,997,38567305.554493755,5.941554493755103,94.80796921289993
Default,1,15436,interpolated,998,38567318.52624062,5.954526240617037,94.64782418991308
Default,1,15436,interpolated,999,38567331.49798749,5.967497987486422,94.48767916683437
Default,1,15436,interpolated,1000,38567344.46973435,5.980469734348357,94.32753414384752
Default,1,15436,interpolated,1001,38567357.44148121,5.993441481210292,94.16738912086066
Default,1,15436,interpolated,1002,38567370.41322808,6.006413228079677,94.00724409778172
Default,1,15436,interpolated,1003,38567383.38497494,6.0193849749416115,93.96766325080512
Default,1,15436,interpolated,1004,38567396.3567218,6.032356721803546,93.93379446004292
Default,1,15436,interpolated,1005,38567409.32846867,6.045328468672931,93.89992566926117
Default,1,15436,interpolated,1006,38567422.300215535,6.058300215534866,93.86605687849897
Default,1,15436,interpolated,1007,38567435.2719624,6.071271962396801,93.83218808773677
Default,1,15436,interpolated,1008,38567448.243709266,6.084243709266186,93.79831929695524
Default,1,15436,interpolated,1009,38567461.21545613,6.09721545612812,93.76445050619282
Default,1,15436,interpolated,1010,38567474.18720299,6.110187202990055,93.73058171543062
Default,1,15436,interpolated,1011,38567487.15894986,6.12315894985944,93.69671292464909
Default,1,15436,interpolated,1012,38567500.13069672,6.136130696721375,93.66284413388667
Default,1,15436,interpolated,1013,38567513.10244358,6.14910244358331,93.62897534312447
Default,1,15436,interpolated,1014,38567526.07419045,6.162074190452695,93.59510655234294
Default,1,15436,interpolated,1015,38567539.045937315,6.175045937314629,93.56123776158051
Default,1,15436,interpolated,1016,38567552.01768418,6.188017684176565,93.52736897081832
Default,1,15436,interpolated,1017,38567564.98943104,6.200989431038499,93.49350018005612
Default,1,15436,interpolated,1018,38567577.96117791,6.213961177907884,93.45963138927436
Default,1,15436,interpolated,1019,38567590.93292477,6.226932924769819,93.42576259851216
Default,1,15436,interpolated,1020,38567603.90467163,6.239904671631754,93.39189380774997
Default,1,15436,interpolated,1021,38567616.8764185,6.252876418501139,93.35802501696821
Default,1,15436,interpolated,1022,38567629.84816536,6.2658481653630735,93.32415622620601
Default,1,15436,interpolated,1023,38567642.819912225,6.278819912225008,93.29028743544382
Default,1,15436,interpolated,1024,38567655.791659094,6.291791659094393,93.25641864466206
Default,1,15436,interpolated,1025,38567668.76340596,6.3047634059563284,93.22254985389986
Default,1,15436,interpolated,1026,38567681.73515282,6.317735152818263,93.18868106313766
Default,1,15436,interpolated,1027,38567694.70689969,6.330706899687648,93.15481227235591
Default,1,15436,interpolated,1028,38567707.67864655,6.3436786465495825,93.12094348159371
Default,1,15436,interpolated,1029,38567720.65039341,6.356650393411518,93.08707469083151
Default,1,15436,interpolated,1030,38567733.62214028,6.369622140280902,93.05320590004976
Default,1,15436,interpolated,1031,38567746.59388714,6.382593887142837,93.01933710928756
Default,1,15436,interpolated,1032,38567759.565634005,6.395565634004772,92.94489471282395
Default,1,15436,interpolated,1033,38567772.537380874,6.408537380874157,92.81646157550335
Default,1,15436,interpolated,1034,38567785.509127736,6.421509127736091,92.68802843825642
Default,1,15436,interpolated,1035,38567798.4808746,6.434480874598027,92.55959530100972
Default,1,15436,interpolated,1036,38567811.45262147,6.447452621467412,92.4311621636889
Default,1,15436,interpolated,1037,38567824.42436833,6.460424368329346,92.3027290264422
Default,1,15436,interpolated,1038,38567837.39611519,6.473396115191281,92.17429588919526
Default,1,15436,interpolated,1039,38567850.36786206,6.486367862060666,92.04586275187467
Default,1,15436,interpolated,1040,38567863.33960892,6.499339608922601,91.90835594590544
Default,1,15436,interpolated,1041,38567876.311355785,6.512311355784536,91.76580927709301
Default,1,15436,interpolated,1042,38567889.283102654,6.525283102653921,91.62326260819873
Default,1,15436,interpolated,1043,38567902.254849516,6.538254849515855,91.4807159393863
Default,1,15436,interpolated,1044,38567915.22659638,6.5512265963777905,91.33816927057364
Default,1,15436,interpolated,1045,38567928.19834325,6.564198343247176,91.19562260167936
Default,1,15436,interpolated,1046,38567941.17009011,6.57717009010911,91.05307593286693
Default,1,15436,interpolated,1047,38567954.14183697,6.5901418369710445,90.9471309287594
Default,1,15436,interpolated,1048,38567967.11358384,6.60311358384043,90.86289880623099
Default,1,15436,interpolated,1049,38567980.0853307,6.616085330702364,90.77866668375077
Default,1,15436,interpolated,1050,38567993.057077564,6.629057077564299,90.69443456127078
Default,1,15436,interpolated,1051,38568006.02882443,6.642028824433685,90.61020243874236
Default,1,15436,interpolated,1052,38568019.000571296,6.655000571295619,90.52597031626215
Default,1,15436,interpolated,1053,38568031.97231816,6.667972318157553,90.44173819378216
Default,1,15436,interpolated,1054,38568044.94406503,6.680944065026939,90.35750607125374
Default,1,15436,interpolated,1055,38568057.91581189,6.693915811888874,90.27327394877352
Default,1,15436,interpolated,1056,38568070.88755875,6.706887558750808,90.18904182629353
Default,1,15436,interpolated,1057,38568083.85930562,6.719859305620194,90.10480970376489
Default,1,15436,interpolated,1058,38568096.83105248,6.732831052482128,90.0205775812849
Default,1,15436,interpolated,1059,38568109.802799344,6.745802799344063,89.8249500117131
Default,1,15436,interpolated,1060,38568122.77454621,6.7587745462134485,89.59331167475989
Default,1,15436,interpolated,1061,38568135.746293075,6.771746293075383,89.36167333793969
Default,1,15436,interpolated,1062,38568148.71803994,6.784718039937317,89.13003500111927
Default,1,15436,interpolated,1063,38568161.68978681,6.7976897868067025,88.48274665393615
Default,1,15436,interpolated,1064,38568174.66153367,6.810661533668638,87.96130538551188
Default,1,15436,interpolated,1065,38568187.63328053,6.823633280530572,87.89579151247176
Default,1,15436,interpolated,1066,38568200.60502739,6.8366050273925065,87.83027763943187
Default,1,15436,interpolated,1067,38568213.57677426,6.849576774261892,87.76476376635401
Default,1,15436,interpolated,1068,38568226.548521124,6.862548521123827,87.69924989331412
Default,1,15436,interpolated,1069,38568239.520267986,6.875520267985761,87.633736020274
Default,1,15436,interpolated,1070,38568252.492014855,6.888492014855147,87.56822214719614
Default,1,15436,interpolated,1071,38568265.46376172,6.901463761717081,87.50270827415625
Default,1,15436,interpolated,1072,38568278.43550858,6.9144355085790155,87.43719440111613
Default,1,15436,interpolated,1073,38568291.40725545,6.927407255448401,87.37168052803827
Default,1,15436,interpolated,1074,38568304.37900231,6.940379002310336,87.30616665499838
Default,1,15436,interpolated,1075,38568317.35074917,6.95335074917227,87.24065278195826
Default,1,15436,interpolated,1076,38568330.32249604,6.966322496041656,87.17513890888063
Default,1,15436,interpolated,1077,38568343.2942429,6.97929424290359,87.10962503584051
Default,1,15436,interpolated,1078,38568356.265989766,6.992265989765525,87.04411116280039
Default,2,13733,raw,0,34294450.0,-6.965,0.0
Default,2,13733,raw,1,34294464.0,-6.9510000000000005,1.0
Default,2,13733,raw,2,34294497.0,-6.918,2.0
Default,2,13733,raw,3,34294511.0,-6.904,3.0
Default,2,13733,raw,4,34294517.0,-6.898000000000001,4.0
Default,2,13733,raw,5,34294534.0,-6.881,5.0
Default,2,13733,raw,6,34294588.0,-6.827,6.0
Default,2,13733,raw,7,34294620.0,-6.795,7.0
Default,2,13733,raw,8,34294641.0,-6.774,8.0
Default,2,13733,raw,9,34294762.0,-6.6530000000000005,9.0
Default,2,13733,raw,10,34294833.0,-6.582,10.0
Default,2,13733,raw,11,34294878.0,-6.537,11.0
Default,2,13733,raw,12,34294879.0,-6.5360000000000005,12.0
Default,2,13733,raw,13,34294885.0,-6.53,13.0
Default,2,13733,raw,14,34294889.0,-6.526,14.0
Default,2,13733,raw,15,34294904.0,-6.511,15.0
Default,2,13733,raw,16,34294966.0,-6.449,16.0
Default,2,13733,raw,17,34294978.0,-6.437,17.0
Default,2,13733,raw,18,34294996.0,-6.4190000000000005,18.0
Default,2,13733,raw,19,34295033.0,-6.382000000000001,19.0
Default,2,13733,raw,20,34295055.0,-6.36,20.0
Default,2,13733,raw,21,34295057.0,-6.3580000000000005,21.0
Default,2,13733,raw,22,34295088.0,-6.327,22.0
Default,2,13733,raw,23,34295096.0,-6.319,23.0
Default,2,13733,raw,24,34295165.0,-6.25,24.0
Default,2,13733,raw,25,34295169.0,-6.246,25.0
Default,2,13733,raw,26,34295174.0,-6.2410000000000005,26.0
Default,2,13733,raw,27,34295198.0,-6.2170000000000005,27.0
Default,2,13733,raw,28,34295236.0,-6.179,28.0
Default,2,13733,raw,29,34295254.0,-6.1610000000000005,29.0
Default,2,13733,raw,30,34295274.0,-6.141,30.0
Default,2,13733,raw,31,34295280.0,-6.135,31.0
Default,2,13733,raw,32,34295285.0,-6.13,32.0
Default,2,13733,raw,33,34295337.0,-6.078,33.0
Default,2,13733,raw,34,34295363.0,-6.0520000000000005,34.0
Default,2,13733,raw,35,34295389.0,-6.026,35.0
Default,2,13733,raw,36,34295452.0,-5.963,36.0
Default,2,13733,raw,37,34295456.0,-5.9590000000000005,37.0
Default,2,13733,raw,38,34295474.0,-5.941,38.0
Default,2,13733,raw,39,34295475.0,-5.94,39.0
Default,2,13733,raw,40,34295497.0,-5.918,40.0
Default,2,13733,raw,41,34295512.0,-5.9030000000000005,41.0
Default,2,13733,raw,42,34295534.0,-5.881,42.0
Default,2,13733,raw,43,34295539.0,-5.876,43.0
Default,2,13733,raw,44,34295620.0,-5.795,44.0
Default,2,13733,raw,45,34295676.0,-5.739,45.0
Default,2,13733,raw,46,34295701.0,-5.714,46.0
Default,2,13733,raw,47,34295730.0,-5.6850000000000005,47.0
Default,2,13733,raw,48,34295753.0,-5.662,48.0
Default,2,13733,raw,49,34295789.0,-5.626,49.0
Default,2,13733,raw,50,34295816.0,-5.599,50.0
Default,2,13733,raw,51,34295849.0,-5.566,51.0
Default,2,13733,raw,52,34295871.0,-5.5440000000000005,52.0
Default,2,13733,raw,53,34295896.0,-5.519,53.0
Default,2,13733,raw,54,34295906.0,-5.509,54.0
Default,2,13733,raw,55,34295909.0,-5.506,55.0
Default,2,13733,raw,56,34295942.0,-5.473,56.0
Default,2,13733,raw,57,34296008.0,-5.407,57.0
Default,2,13733,raw,58,34296026.0,-5.389,58.0
Default,2,13733,raw,59,34296132.0,-5.283,59.0
Default,2,13733,raw,60,34296137.0,-5.2780000000000005,60.0
Default,2,13733,raw,61,34296144.0,-5.271,61.0
Default,2,13733,raw,62,34296159.0,-5.256,62.0
Default,2,13733,raw,63,34296191.0,-5.224,63.0
Default,2,13733,raw,64,34296202.0,-5.213,64.0
Default,2,13733,raw,65,34296229.0,-5.186,65.0
Default,2,13733,raw,66,34296235.0,-5.18,66.0
Default,2,13733,raw,67,34296275.0,-5.14,67.0
Default,2,13733,raw,68,34296282.0,-5.133,68.0
Default,2,13733,raw,69,34296317.0,-5.098,69.0
Default,2,13733,raw,70,34296440.0,-4.9750000000000005,70.0
Default,2,13733,raw,71,34296451.0,-4.964,71.0
Default,2,13733,raw,72,34296470.0,-4.945,72.0
Default,2,13733,raw,73,34296544.0,-4.871,73.0
Default,2,13733,raw,74,34296552.0,-4.863,74.0
Default,2,13733,raw,75,34296573.0,-4.8420000000000005,75.0
Default,2,13733,raw,76,34296578.0,-4.837,76.0
Default,2,13733,raw,77,34296600.0,-4.815,77.0
Default,2,13733,raw,78,34296662.0,-4.753,78.0
Default,2,13733,raw,79,34296717.0,-4.698,79.0
Default,2,13733,raw,80,34296734.0,-4.681,80.0
Default,2,13733,raw,81,34296738.0,-4.6770000000000005,81.0
Default,2,13733,raw,82,34296752.0,-4.663,82.0
Default,2,13733,raw,83,34296757.0,-4.658,83.0
Default,2,13733,raw,84,34296768.0,-4.647,84.0
Default,2,13733,raw,85,34296776.0,-4.639,85.0
Default,2,13733,raw,86,34296812.0,-4.603,86.0
Default,2,13733,raw,87,34296834.0,-4.581,87.0
Default,2,13733,raw,88,34296838.0,-4.577,88.0
Default,2,13733,raw,89,34296842.0,-4.573,89.0
Default,2,13733,raw,90,34296844.0,-4.571,90.0
Default,2,13733,raw,91,34296850.0,-4.565,91.0
Default,2,13733,raw,92,34296883.0,-4.532,92.0
Default,2,13733,raw,93,34296907.0,-4.508,93.0
Default,2,13733,raw,94,34296956.0,-4.4590000000000005,94.0
Default,2,13733,raw,95,34297083.0,-4.332,95.0
Default,2,13733,raw,96,34297094.0,-4.321,96.0
Default,2,13733,raw,97,34297121.0,-4.2940000000000005,97.0
Default,2,13733,raw,98,34297128.0,-4.287,98.0
Default,2,13733,raw,99,34297189.0,-4.226,99.0
Default,2,13733,raw,100,34297210.0,-4.205,100.0
Default,2,13733,raw,101,34297211.0,-4.204,101.0
Default,2,13733,raw,102,34297270.0,-4.1450000000000005,102.0
Default,2,13733,raw,103,34297297.0,-4.118,103.0
Default,2,13733,raw,104,34297326.0,-4.089,104.0
Default,2,13733,raw,105,34297397.0,-4.018,105.0
Default,2,13733,raw,106,34297467.0,-3.948,106.0
Default,2,13733,raw,107,34297512.0,-3.903,107.0
Default,2,13733,raw,108,34297520.0,-3.895,108.0
Default,2,13733,raw,109,34297587.0,-3.8280000000000003,109.0
Default,2,13733,raw,110,34297613.0,-3.802,110.0
Default,2,13733,raw,111,34297630.0,-3.785,111.0
Default,2,13733,raw,112,34297687.0,-3.728,112.0
Default,2,13733,raw,113,34297760.0,-3.6550000000000002,113.0
Default,2,13733,raw,114,34297797.0,-3.618,114.0
Default,2,13733,raw,115,34297816.0,-3.599,115.0
Default,2,13733,raw,116,34297909.0,-3.5060000000000002,116.0
Default,2,13733,raw,117,34297918.0,-3.497,117.0
Default,2,13733,raw,118,34297939.0,-3.476,118.0
Default,2,13733,raw,119,34298011.0,-3.404,119.0
Default,2,13733,raw,120,34298016.0,-3.399,120.0
Default,2,13733,raw,121,34298080.0,-3.335,121.0
Default,2,13733,raw,122,34298086.0,-3.329,122.0
Default,2,13733,raw,123,34298120.0,-3.295,123.0
Default,2,13733,raw,124,34298224.0,-3.1910000000000003,124.0
Default,2,13733,raw,125,34298234.0,-3.181,125.0
Default,2,13733,raw,126,34298252.0,-3.1630000000000003,126.0
Default,2,13733,raw,127,34298320.0,-3.095,127.0
Default,2,13733,raw,128,34298347.0,-3.068,128.0
Default,2,13733,raw,129,34298356.0,-3.059,129.0
Default,2,13733,raw,130,34298358.0,-3.057,130.0
Default,2,13733,raw,131,34298361.0,-3.0540000000000003,131.0
Default,2,13733,raw,132,34298381.0,-3.0340000000000003,132.0
Default,2,13733,raw,133,34298403.0,-3.012,133.0
Default,2,13733,raw,134,34298439.0,-2.976,134.0
Default,2,13733,raw,135,34298452.0,-2.963,135.0
Default,2,13733,raw,136,34298469.0,-2.946,136.0
Default,2,13733,raw,137,34298489.0,-2.926,137.0
Default,2,13733,raw,138,34298511.0,-2.904,138.0
Default,2,13733,raw,139,34298524.0,-2.891,139.0
Default,2,13733,raw,140,34298570.0,-2.845,140.0
Default,2,13733,raw,141,34298676.0,-2.739,141.0
Default,2,13733,raw,142,34298701.0,-2.714,142.0
Default,2,13733,raw,143,34298710.0,-2.705,143.0
Default,2,13733,raw,144,34298723.0,-2.692,144.0
Default,2,13733,raw,145,34298756.0,-2.6590000000000003,145.0
Default,2,13733,raw,146,34298790.0,-2.625,146.0
Default,2,13733,raw,147,34298844.0,-2.571,147.0
Default,2,13733,raw,148,34298899.0,-2.516,148.0
Default,2,13733,raw,149,34298906.0,-2.509,149.0
Default,2,13733,raw,150,34298931.0,-2.484,150.0
Default,2,13733,raw,151,34299114.0,-2.301,151.0
Default,2,13733,raw,152,34299124.0,-2.291,152.0
Default,2,13733,raw,153,34299131.0,-2.2840000000000003,153.0
Default,2,13733,raw,154,34299212.0,-2.203,154.0
Default,2,13733,raw,155,34299213.0,-2.202,155.0
Default,2,13733,raw,156,34299347.0,-2.068,156.0
Default,2,13733,raw,157,34299374.0,-2.041,157.0
Default,2,13733,raw,158,34299395.0,-2.02,158.0
Default,2,13733,raw,159,34299438.0,-1.977,159.0
Default,2,13733,raw,160,34299527.0,-1.8880000000000001,160.0
Default,2,13733,raw,161,34299636.0,-1.7790000000000001,161.0
Default,2,13733,raw,162,34299647.0,-1.768,162.0
Default,2,13733,raw,163,34299704.0,-1.711,163.0
Default,2,13733,raw,164,34299708.0,-1.707,164.0
Default,2,13733,raw,165,34299753.0,-1.6620000000000001,165.0
Default,2,13733,raw,166,34299914.0,-1.5010000000000001,166.0
Default,2,13733,raw,167,34299918.0,-1.497,167.0
Default,2,13733,raw,168,34299921.0,-1.494,168.0
Default,2,13733,raw,169,34299946.0,-1.469,169.0
Default,2,13733,raw,170,34299954.0,-1.461,170.0
Default,2,13733,raw,171,34299991.0,-1.424,171.0
Default,2,13733,raw,172,34300161.0,-1.254,172.0
Default,2,13733,raw,173,34300162.0,-1.2530000000000001,173.0
Default,2,13733,raw,174,34300211.0,-1.204,174.0
Default,2,13733,raw,175,34300253.0,-1.162,175.0
Default,2,13733,raw,176,34300259.0,-1.156,176.0
Default,2,13733,raw,177,34300272.0,-1.143,177.0
Default,2,13733,raw,178,34300284.0,-1.131,178.0
Default,2,13733,raw,179,34300377.0,-1.038,179.0
Default,2,13733,raw,180,34300407.0,-1.008,180.0
Default,2,13733,raw,181,34300423.0,-0.992,181.0
Default,2,13733,raw,182,34300435.0,-0.98,182.0
Default,2,13733,raw,183,34300498.0,-0.917,183.0
Default,2,13733,raw,184,34300499.0,-0.916,184.0
Default,2,13733,raw,185,34300624.0,-0.791,185.0
Default,2,13733,raw,186,34300649.0,-0.766,186.0
Default,2,13733,raw,187,34300760.0,-0.655,187.0
Default,2,13733,raw,188,34300850.0,-0.5650000000000001,188.0
Default,2,13733,raw,189,34300958.0,-0.457,189.0
Default,2,13733,raw,190,34300981.0,-0.434,190.0
Default,2,13733,raw,191,34301056.0,-0.359,191.0
Default,2,13733,raw,192,34301062.0,-0.353,192.0
Default,2,13733,raw,193,34301106.0,-0.309,193.0
Default,2,13733,raw,194,34301111.0,-0.304,194.0
Default,2,13733,raw,195,34301177.0,-0.23800000000000002,195.0
Default,2,13733,raw,196,34301215.0,-0.2,196.0
Default,2,13733,raw,197,34301394.0,-0.021,197.0
Default,2,13733,raw,198,34301411.0,-0.004,198.0
Default,2,13733,raw,199,34302150.0,0.735,197.0
Default,2,13733,raw,200,34302251.0,0.836,196.0
Default,2,13733,raw,201,34302332.0,0.917,195.0
Default,2,13733,raw,202,34302463.0,1.048,194.0
Default,2,13733,raw,203,34302531.0,1.116,193.0
Default,2,13733,raw,204,34302561.0,1.1460000000000001,192.0
Default,2,13733,raw,205,34302578.0,1.163,191.0
Default,2,13733,raw,206,34302581.0,1.166,190.0
Default,2,13733,raw,207,34302641.0,1.226,189.0
Default,2,13733,raw,208,34302752.0,1.337,188.0
Default,2,13733,raw,209,34303004.0,1.589,187.0
Default,2,13733,raw,210,34303017.0,1.602,186.0
Default,2,13733,raw,211,34303026.0,1.611,185.0
Default,2,13733,raw,212,34303155.0,1.74,184.0
Default,2,13733,raw,213,34303162.0,1.747,183.0
Default,2,13733,raw,214,34303398.0,1.983,182.0
Default,2,13733,raw,215,34303417.0,2.0020000000000002,181.0
Default,2,13733,raw,216,34303454.0,2.039,180.0
Default,2,13733,raw,217,34303512.0,2.097,179.0
Default,2,13733,raw,218,34303528.0,2.113,178.0
Default,2,13733,raw,219,34303543.0,2.128,177.0
Default,2,13733,raw,220,34303550.0,2.1350000000000002,176.0
Default,2,13733,raw,221,34303593.0,2.178,175.0
Default,2,13733,raw,222,34303603.0,2.188,174.0
Default,2,13733,raw,223,34303773.0,2.358,173.0
Default,2,13733,raw,224,34303882.0,2.467,172.0
Default,2,13733,raw,225,34303888.0,2.473,171.0
Default,2,13733,raw,226,34303959.0,2.544,170.0
Default,2,13733,raw,227,34304095.0,2.68,169.0
Default,2,13733,raw,228,34304120.0,2.705,168.0
Default,2,13733,raw,229,34304168.0,2.753,167.0
Default,2,13733,raw,230,34304257.0,2.842,166.0
Default,2,13733,raw,231,34304287.0,2.872,165.0
Default,2,13733,raw,232,34304408.0,2.993,164.0
Default,2,13733,raw,233,34304458.0,3.043,163.0
Default,2,13733,raw,234,34304579.0,3.164,162.0
Default,2,13733,raw,235,34304616.0,3.201,161.0
Default,2,13733,raw,236,34304651.0,3.236,160.0
Default,2,13733,raw,237,34304677.0,3.262,159.0
Default,2,13733,raw,238,34304705.0,3.29,158.0
Default,2,13733,raw,239,34304720.0,3.305,157.0
Default,2,13733,raw,240,34304743.0,3.3280000000000003,156.0
Default,2,13733,raw,241,34304866.0,3.451,155.0
Default,2,13733,raw,242,34304979.0,3.564,154.0
Default,2,13733,raw,243,34305022.0,3.607,153.0
Default,2,13733,raw,244,34305061.0,3.646,152.0
Default,2,13733,raw,245,34305122.0,3.7070000000000003,151.0
Default,2,13733,raw,246,34305169.0,3.754,150.0
Default,2,13733,raw,247,34305170.0,3.755,149.0
Default,2,13733,raw,248,34305192.0,3.777,148.0
Default,2,13733,raw,249,34305404.0,3.989,147.0
Default,2,13733,raw,250,34305414.0,3.999,146.0
Default,2,13733,raw,251,34305442.0,4.027,145.0
Default,2,13733,raw,252,34305480.0,4.065,144.0
Default,2,13733,raw,253,34305484.0,4.069,143.0
Default,2,13733,raw,254,34305500.0,4.085,142.0
Default,2,13733,raw,255,34305534.0,4.119,141.0
Default,2,13733,raw,256,34305601.0,4.186,140.0
Default,2,13733,raw,257,34305636.0,4.221,139.0
Default,2,13733,raw,258,34305679.0,4.264,138.0
Default,2,13733,raw,259,34305761.0,4.346,137.0
Default,2,13733,raw,260,34305874.0,4.4590000000000005,136.0
Default,2,13733,raw,261,34305875.0,4.46,135.0
Default,2,13733,raw,262,34306006.0,4.591,134.0
Default,2,13733,raw,263,34306136.0,4.721,133.0
Default,2,13733,raw,264,34306253.0,4.838,132.0
Default,2,13733,raw,265,34306276.0,4.861,131.0
Default,2,13733,raw,266,34306283.0,4.868,130.0
Default,2,13733,raw,267,34306294.0,4.8790000000000004,129.0
Default,2,13733,raw,268,34306379.0,4.964,128.0
Default,2,13733,raw,269,34306599.0,5.184,127.0
Default,2,13733,raw,270,34306612.0,5.197,126.0
Default,2,13733,raw,271,34306888.0,5.473,125.0
Default,2,13733,raw,272,34306954.0,5.539,124.0
Default,2,13733,raw,273,34307072.0,5.657,123.0
Default,2,13733,raw,274,34307264.0,5.849,122.0
Default,2,13733,raw,275,34307304.0,5.889,121.0
Default,2,13733,raw,276,34307313.0,5.898,120.0
Default,2,13733,raw,277,34307398.0,5.9830000000000005,119.0
Default,2,13733,raw,278,34307492.0,6.077,118.0
Default,2,13733,raw,279,34307576.0,6.1610000000000005,117.0
Default,2,13733,raw,280,34307599.0,6.184,116.0
Default,2,13733,raw,281,34307763.0,6.348,115.0
Default,2,13733,raw,282,34307819.0,6.404,114.0
Default,2,13733,raw,283,34307975.0,6.5600000000000005,113.0
Default,2,13733,raw,284,34308002.0,6.587,112.0
Default,2,13733,raw,285,34308198.0,6.783,111.0
Default,2,13733,raw,286,34308238.0,6.823,110.0
Default,2,13733,raw,287,34308256.0,6.841,109.0
Default,2,13733,raw,288,34308304.0,6.889,108.0
Default,2,13733,raw,289,34308306.0,6.891,107.0
Default,2,13733,interpolated,0,34294422.947271444,-6.9920527285560965,-0.36070304741451764
Default,2,13733,interpolated,1,34294433.29442696,-6.981705573037267,-0.22274097383024127
Default,2,13733,interpolated,2,34294443.641582474,-6.971358417525888,-0.08477890034509983
Default,2,13733,interpolated,3,34294453.98873799,-6.961011262007058,0.2849098566387056
Default,2,13733,interpolated,4,34294464.335893504,-6.950664106495679,1.0101785910401304
Default,2,13733,interpolated,5,34294474.68304902,-6.9403169509768485,1.3237287582774115
Default,2,13733,interpolated,6,34294485.030204535,-6.929969795465469,1.6372789252889106
Default,2,13733,interpolated,7,34294495.37736005,-6.91962263994664,1.9508290925259644
Default,2,13733,interpolated,8,34294505.724515565,-6.909275484435261,2.623179683195758
Default,2,13733,interpolated,9,34294516.07167108,-6.898928328916431,3.8452785139281787
Default,2,13733,interpolated,10,34294526.418826595,-6.8885811734050515,4.554048623232347
Default,2,13733,interpolated,11,34294536.765982114,-6.878234017886221,5.051221890995976
Default,2,13733,interpolated,12,34294547.113137625,-6.867886862374842,5.242835881947258
Default,2,13733,interpolated,13,34294557.460293144,-6.857539706856013,5.434449873036783
Default,2,13733,interpolated,14,34294567.807448655,-6.847192551344634,5.626063863988293
Default,2,13733,interpolated,15,34294578.154604174,-6.8368453958258035,5.817677855077818
Default,2,13733,interpolated,16,34294588.501759686,-6.826498240314424,6.015679990174249
Default,2,13733,interpolated,17,34294598.848915204,-6.816151084795594,6.339028600137681
Default,2,13733,interpolated,18,34294609.196070716,-6.805803929284215,6.662377209868282
Default,2,13733,interpolated,19,34294619.543226235,-6.795456773765386,6.985725819831714
Default,2,13733,interpolated,20,34294629.890381746,-6.7851096182540065,7.4709705593329545
Default,2,13733,interpolated,21,34294640.237537265,-6.774762462735176,7.96369225070589
Default,2,13733,interpolated,22,34294650.584692776,-6.764415307223797,8.07921233699335
Default,2,13733,interpolated,23,34294660.931848295,-6.754068151704967,8.164726018967258
Default,2,13733,interpolated,24,34294671.27900381,-6.743720996193588,8.250239700879547
Default,2,13733,interpolated,25,34294681.626159325,-6.7333738406747585,8.335753382853227
Default,2,13733,interpolated,26,34294691.97331484,-6.723026685163378,8.421267064765516
Default,2,13733,interpolated,27,34294702.320470355,-6.712679529644549,8.506780746739196
Default,2,13733,interpolated,28,34294712.66762587,-6.70233237413317,8.592294428651485
Default,2,13733,interpolated,29,34294723.014781386,-6.69198521861434,8.677808110625392
Default,2,13733,interpolated,30,34294733.3619369,-6.681638063102961,8.763321792537454
Default,2,13733,interpolated,31,34294743.709092416,-6.671290907584131,8.848835474511361
Default,2,13733,interpolated,32,34294754.05624793,-6.660943752072751,8.93434915642365
Default,2,13733,interpolated,33,34294764.403403446,-6.650596596553922,9.033850752761737
Default,2,13733,interpolated,34,34294774.75055896,-6.640249441042543,9.179585337428989
Default,2,13733,interpolated,35,34294785.09771448,-6.629902285523713,9.325319922201288
Default,2,13733,interpolated,36,34294795.44486999,-6.619555130012333,9.47105450686854
Default,2,13733,interpolated,37,34294805.79202551,-6.609207974493503,9.61678909164084
Default,2,13733,interpolated,38,34294816.13918102,-6.598860818982124,9.762523676308092
Default,2,13733,interpolated,39,34294826.48633654,-6.588513663463295,9.908258261080391
Default,2,13733,interpolated,40,34294836.83349205,-6.578166507951916,10.085188712179615
Default,2,13733,interpolated,41,34294847.18064757,-6.5678193524330855,10.315125501487046
Default,2,13733,interpolated,42,34294857.52780308,-6.557472196921706,10.54506229062872
Default,2,13733,interpolated,43,34294867.8749586,-6.547125041402876,10.774999079936151
Default,2,13733,interpolated,44,34294878.22211411,-6.536777885891497,11.222114108502865
Default,2,13733,interpolated,45,34294888.56926963,-6.526430730372668,13.892317406833172
Default,2,13733,interpolated,46,34294898.91642514,-6.516083574861288,14.661095009247447
Default,2,13733,interpolated,47,34294909.26358066,-6.505736419342458,15.084896462218467
Default,2,13733,interpolated,48,34294919.61073617,-6.495389263831079,15.251786067240573
Default,2,13733,interpolated,49,34294929.95789169,-6.485042108312249,15.418675672383188
Default,2,13733,interpolated,50,34294940.3050472,-6.47469495280087,15.585565277405294
Default,2,13733,interpolated,51,34294950.65220272,-6.4643477972820405,15.752454882547681
Default,2,13733,interpolated,52,34294960.99935823,-6.454000641770661,15.919344487570015
Default,2,13733,interpolated,53,34294971.34651375,-6.443653486251831,16.445542812347412
Default,2,13733,interpolated,54,34294981.69366926,-6.433306330740452,17.205203847752728
Default,2,13733,interpolated,55,34294992.04082478,-6.422959175221622,17.780045821021076
Default,2,13733,interpolated,56,34295002.38798029,-6.4126120197102425,18.17264811593941
Default,2,13733,interpolated,57,34295012.73513581,-6.402264864191413,18.4523009677996
Default,2,13733,interpolated,58,34295023.08229132,-6.391917708680034,18.731953819458568
Default,2,13733,interpolated,59,34295033.42944684,-6.381570553161204,19.019520310854432
Default,2,13733,interpolated,60,34295043.77660235,-6.371223397649825,19.489845561371567
Default,2,13733,interpolated,61,34295054.12375787,-6.360876242130995,19.96017081222749
Default,2,13733,interpolated,62,34295064.47091338,-6.350529086619615,21.240997205818758
Default,2,13733,interpolated,63,34295074.8180689,-6.340181931100786,21.57477641610376
Default,2,13733,interpolated,64,34295085.16522441,-6.329834775589407,21.9085556261482
Default,2,13733,interpolated,65,34295095.51237993,-6.319487620070577,22.939047491177917
Default,2,13733,interpolated,66,34295105.85953544,-6.3091404645591975,23.142891817982672
Default,2,13733,interpolated,67,34295116.20669096,-6.298793309040367,23.292850593617914
Default,2,13733,interpolated,68,34295126.55384647,-6.288446153528988,23.442809369145152
Default,2,13733,interpolated,69,34295136.90100199,-6.278098998010159,23.592768144780393
Default,2,13733,interpolated,70,34295147.2481575,-6.26775184249878,23.742726920307632
Default,2,13733,interpolated,71,34295157.59531302,-6.25740468697995,23.892685695942873
Default,2,13733,interpolated,72,34295167.94246853,-6.24705753146857,24.735617132857442
Default,2,13733,interpolated,73,34295178.28962405,-6.23671037594974,26.178734335427407
Default,2,13733,interpolated,74,34295188.63677956,-6.226363220438361,26.60986581506836
Default,2,13733,interpolated,75,34295198.98393508,-6.216016064919532,27.025893028433302
Default,2,13733,interpolated,76,34295209.33109059,-6.2056689094081525,27.29818659452235
Default,2,13733,interpolated,77,34295219.67824611,-6.195321753889322,27.570480160807392
Default,2,13733,interpolated,78,34295230.02540162,-6.184974598377943,27.842773726896212
Default,2,13733,interpolated,79,34295240.37255714,-6.174627442859113,28.2429198411603
Default,2,13733,interpolated,80,34295250.71971265,-6.164280287347734,28.81776181401483
Default,2,13733,interpolated,81,34295261.06686817,-6.153933131828905,29.353343408554792
Default,2,13733,interpolated,82,34295271.41402368,-6.143585976317525,29.870701184123845
Default,2,13733,interpolated,83,34295281.7611792,-6.133238820798695,31.352235840261073
Default,2,13733,interpolated,84,34295292.10833471,-6.122891665287316,32.13669874447464
Default,2,13733,interpolated,85,34295302.45549023,-6.112544509768486,32.33568250445228
Default,2,13733,interpolated,86,34295312.80264574,-6.102197354257107,32.53466626428644
Default,2,13733,interpolated,87,34295323.14980126,-6.091850198738277,32.73365002426385
Default,2,13733,interpolated,88,34295333.49695677,-6.081503043226898,32.932633784098016
Default,2,13733,interpolated,89,34295343.84411229,-6.071155887708068,33.263235088151305
Default,2,13733,interpolated,90,34295354.1912678,-6.060808732196689,33.66120260781963
Default,2,13733,interpolated,91,34295364.53842332,-6.050461576677859,34.05917012777468
Default,2,13733,interpolated,92,34295374.88557883,-6.0401144211664795,34.457137647443005
Default,2,13733,interpolated,93,34295385.23273435,-6.02976726564765,34.85510516739805
Default,2,13733,interpolated,94,34295395.579889864,-6.019420110136271,35.104442696249635
Default,2,13733,interpolated,95,34295405.92704538,-6.009072954617441,35.26868326004069
Default,2,13733,interpolated,96,34295416.274200894,-5.998725799106062,35.43292382371328
Default,2,13733,interpolated,97,34295426.62135641,-5.9883786435872315,35.597164387504336
Default,2,13733,interpolated,98,34295436.968511924,-5.978031488075852,35.76140495117693
Default,2,13733,interpolated,99,34295447.31566744,-5.967684332557023,35.92564551496798
Default,2,13733,interpolated,100,34295457.662822954,-5.957337177045644,37.09237905301984
Default,2,13733,interpolated,101,34295468.00997847,-5.946990021526814,37.66722102628819
Default,2,13733,interpolated,102,34295478.357133985,-5.9366428660154344,39.15259699929834
Default,2,13733,interpolated,103,34295488.7042895,-5.926295710496604,39.62292225015426
Default,2,13733,interpolated,104,34295499.051445015,-5.915948554985225,40.136763000984956
Default,2,13733,interpolated,105,34295509.39860053,-5.905601399466396,40.82657336890702
Default,2,13733,interpolated,106,34295519.745756045,-5.895254243955017,41.352079820226436
Default,2,13733,interpolated,107,34295530.09291156,-5.884907088443637,41.8224050707438
Default,2,13733,interpolated,108,34295540.440067075,-5.874559932924807,43.017778605866624
Default,2,13733,interpolated,109,34295550.78722259,-5.864212777413428,43.145521266500964
Default,2,13733,interpolated,110,34295561.134378105,-5.853865621894598,43.27326392722716
Default,2,13733,interpolated,111,34295571.48153362,-5.843518466383219,43.4010065878615
Default,2,13733,interpolated,112,34295581.828689136,-5.8331713108643894,43.5287492485877
Default,2,13733,interpolated,113,34295592.17584465,-5.82282415535301,43.65649190922204
Default,2,13733,interpolated,114,34295602.523000166,-5.81247699983418,43.78423456994847
Default,2,13733,interpolated,115,34295612.87015568,-5.802129844322801,43.911977230582806
Default,2,13733,interpolated,116,34295623.217311196,-5.791782688803971,44.05745198564341
Default,2,13733,interpolated,117,34295633.56446671,-5.7814355332925915,44.24222261977525
Default,2,13733,interpolated,118,34295643.911622226,-5.771088377773762,44.42699325403987
Default,2,13733,interpolated,119,34295654.25877774,-5.760741222262383,44.61176388817171
Default,2,13733,interpolated,120,34295664.60593326,-5.750394066743553,44.79653452243656
Default,2,13733,interpolated,121,34295674.95308877,-5.740046911232174,44.981305156568396
Default,2,13733,interpolated,122,34295685.30024429,-5.729699755713344,45.37200977146631
Default,2,13733,interpolated,123,34295695.6473998,-5.719352600201964,45.78589599192151
Default,2,13733,interpolated,124,34295705.99455532,-5.709005444683135,46.17222604540916
Default,2,13733,interpolated,125,34295716.34171083,-5.698658289171756,46.52902451131877
Default,2,13733,interpolated,126,34295726.68886635,-5.688311133652926,46.885822977485304
Default,2,13733,interpolated,127,34295737.03602186,-5.6779639781415465,47.30591399384571
Default,2,13733,interpolated,128,34295747.38317738,-5.667616822622716,47.75579032075143
Default,2,13733,interpolated,129,34295757.73033289,-5.657269667111337,48.13139813579619
Default,2,13733,interpolated,130,34295768.07748841,-5.646922511592508,48.41881912243025
Default,2,13733,interpolated,131,34295778.42464392,-5.636575356081128,48.70624010885763
Default,2,13733,interpolated,132,34295788.77179944,-5.6262282005622986,48.99366109549169
Default,2,13733,interpolated,133,34295799.11895495,-5.615881045050919,49.374776109225195
Default,2,13733,interpolated,134,34295809.46611047,-5.605533889532089,49.75800409140402
Default,2,13733,interpolated,135,34295819.81326598,-5.59518673402071,50.11555351452398
Default,2,13733,interpolated,136,34295830.1604215,-5.58483957850188,50.42910368176126
Default,2,13733,interpolated,137,34295840.50757701,-5.574492422990501,50.74265384877276
Default,2,13733,interpolated,138,34295850.85473253,-5.564145267471671,51.08430602401495
Default,2,13733,interpolated,139,34295861.20188804,-5.553798111960292,51.554631274532085
Default,2,13733,interpolated,140,34295871.54904356,-5.543450956441462,52.021961742341546
Default,2,13733,interpolated,141,34295881.89619907,-5.533103800930083,52.43584796279674
Default,2,13733,interpolated,142,34295892.24335459,-5.522756645411253,52.8497341835498
Default,2,13733,interpolated,143,34295902.5905101,-5.5124094898998734,53.65905101001272
Default,2,13733,interpolated,144,34295912.93766562,-5.502062334381044,55.1193232005744
Default,2,13733,interpolated,145,34295923.28482113,-5.491715178869665,55.4328733675859
Default,2,13733,interpolated,146,34295933.63197665,-5.481368023350835,55.74642353482318
Default,2,13733,interpolated,147,34295943.97913216,-5.471020867839456,56.02998685091734
Default,2,13733,interpolated,148,34295954.32628768,-5.4606737123206255,56.18676193453598
Default,2,13733,interpolated,149,34295964.67344319,-5.450326556809246,56.343537018041616
Default,2,13733,interpolated,150,34295975.02059871,-5.439979401290417,56.500312101660256
Default,2,13733,interpolated,151,34295985.36775422,-5.429632245779038,56.65708718516612
Default,2,13733,interpolated,152,34295995.71490974,-5.419285090260208,56.81386226878476
Default,2,13733,interpolated,153,34296006.06206525,-5.4089379347488284,56.970637352290396
Default,2,13733,interpolated,154,34296016.40922077,-5.398590779229998,57.467178931666695
Default,2,13733,interpolated,155,34296026.75637628,-5.388243623718619,58.00713562529609
Default,2,13733,interpolated,156,34296037.1035318,-5.37789646819979,58.104750300002024
Default,2,13733,interpolated,157,34296047.45068731,-5.367549312688411,58.2023649746377
Default,2,13733,interpolated,158,34296057.79784283,-5.3572021571695805,58.29997964934364
Default,2,13733,interpolated,159,34296068.14499834,-5.346855001658201,58.39759432397932
Default,2,13733,interpolated,160,34296078.49215386,-5.336507846139371,58.49520899868526
Default,2,13733,interpolated,161,34296088.83930937,-5.326160690627992,58.592823673320936
Default,2,13733,interpolated,162,34296099.18646489,-5.315813535109163,58.69043834802687
Default,2,13733,interpolated,163,34296109.5336204,-5.305466379597783,58.788053022662325
Default,2,13733,interpolated,164,34296119.88077592,-5.295119224078953,58.88566769736826
Default,2,13733,interpolated,165,34296130.22793143,-5.284772068567574,58.98328237200394
Default,2,13733,interpolated,166,34296140.57508695,-5.274424913048744,60.51072670732219
Default,2,13733,interpolated,167,34296150.92224246,-5.264077757537365,61.46148283084244
Default,2,13733,interpolated,168,34296161.26939798,-5.2537306020185355,62.07091868692078
Default,2,13733,interpolated,169,34296171.61655349,-5.243383446507156,62.39426729665138
Default,2,13733,interpolated,170,34296181.96370901,-5.233036290988326,62.71761590661481
Default,2,13733,interpolated,171,34296192.31086452,-5.222689135476947,63.1191695020957
Default,2,13733,interpolated,172,34296202.65802004,-5.212341979958117,64.02437111266227
Default,2,13733,interpolated,173,34296213.00517555,-5.2019948244467376,64.40759909456528
Default,2,13733,interpolated,174,34296223.35233107,-5.191647668927908,64.79082707674411
Default,2,13733,interpolated,175,34296233.69948658,-5.181300513416529,65.78324776391196
Default,2,13733,interpolated,176,34296244.0466421,-5.170953357897699,66.22616605255757
Default,2,13733,interpolated,177,34296254.39379761,-5.16060620238632,66.4848449403421
Default,2,13733,interpolated,178,34296264.74095313,-5.15025904686749,66.74352382831285
Default,2,13733,interpolated,179,34296275.088108644,-5.13991189135611,67.01258694912713
Default,2,13733,interpolated,180,34296285.43526416,-5.129564735837281,68.09815040464923
Default,2,13733,interpolated,181,34296295.782419674,-5.119217580325902,68.39378341925999
Default,2,13733,interpolated,182,34296306.12957519,-5.108870424807072,68.68941643408357
Default,2,13733,interpolated,183,34296316.476730704,-5.0985232692956926,68.98504944869455
Default,2,13733,interpolated,184,34296326.82388622,-5.088176113776862,69.07986899368393
Default,2,13733,interpolated,185,34296337.171041735,-5.077828958265483,69.1639922092238
Default,2,13733,interpolated,186,34296347.51819725,-5.067481802746654,69.24811542482394
Default,2,13733,interpolated,187,34296357.865352765,-5.057134647235275,69.33223864036358
Default,2,13733,interpolated,188,34296368.21250828,-5.046787491716445,69.41636185596394
Default,2,13733,interpolated,189,34296378.559663795,-5.036440336205065,69.50048507150359
Default,2,13733,interpolated,190,34296388.906819314,-5.026093180686235,69.58460828710372
Default,2,13733,interpolated,191,34296399.253974825,-5.015746025174856,69.66873150264337
Default,2,13733,interpolated,192,34296409.601130344,-5.005398869656027,69.75285471824373
Default,2,13733,interpolated,193,34296419.948285855,-4.9950517141446475,69.83697793378337
Default,2,13733,interpolated,194,34296430.295441374,-4.984704558625817,69.9211011493835
Default,2,13733,interpolated,195,34296440.642596886,-4.974357403114438,70.05841789868737
Default,2,13733,interpolated,196,34296450.989752404,-4.964010247595608,70.99906840039921
Default,2,13733,interpolated,197,34296461.336907916,-4.953663092084229,71.54404778504068
Default,2,13733,interpolated,198,34296471.684063435,-4.9433159365654,72.02275761398118
Default,2,13733,interpolated,199,34296482.031218946,-4.93296878105402,72.16258403981055
Default,2,13733,interpolated,200,34296492.378374465,-4.92262162553519,72.30241046574065
Default,2,13733,interpolated,201,34296502.725529976,-4.912274470023811,72.44223689157002
Default,2,13733,interpolated,202,34296513.072685495,-4.901927314504981,72.58206331750034
Default,2,13733,interpolated,203,34296523.41984101,-4.891580158993602,72.72188974332971
Default,2,13733,interpolated,204,34296533.766996525,-4.881233003474772,72.86171616925981
Default,2,13733,interpolated,205,34296544.11415204,-4.870885847963393,73.01426900457591
Default,2,13733,interpolated,206,34296554.461307555,-4.860538692444563,74.11720512168745
Default,2,13733,interpolated,207,34296564.80846307,-4.850191536933184,74.60992681270545
Default,2,13733,interpolated,208,34296575.155618586,-4.839844381414354,75.43112371712914
Default,2,13733,interpolated,209,34296585.5027741,-4.8294972259029745,76.34103518622851
Default,2,13733,interpolated,210,34296595.849929616,-4.819150070384145,76.81136043708443
Default,2,13733,interpolated,211,34296606.19708513,-4.808802914872766,77.09995298592321
Default,2,13733,interpolated,212,34296616.544240646,-4.798455759353936,77.2668425910656
Default,2,13733,interpolated,213,34296626.89139616,-4.788108603842557,77.4337321960877
Default,2,13733,interpolated,214,34296637.238551676,-4.7777614483237265,77.60062180123032
Default,2,13733,interpolated,215,34296647.58570719,-4.767414292812347,77.76751140625242
Default,2,13733,interpolated,216,34296657.93286271,-4.757067137293518,77.93440101139481
Default,2,13733,interpolated,217,34296668.28001822,-4.746719981782139,78.11418214941568
Default,2,13733,interpolated,218,34296678.62717374,-4.736372826263309,78.30231224975796
Default,2,13733,interpolated,219,34296688.97432925,-4.7260256707519295,78.49044234996495
Default,2,13733,interpolated,220,34296699.32148476,-4.71567851524055,78.67857245017171
Default,2,13733,interpolated,221,34296709.66864028,-4.70533135972172,78.86670255051422
Default,2,13733,interpolated,222,34296720.01579579,-4.694984204210341,79.1773997523328
Default,2,13733,interpolated,223,34296730.36295131,-4.684637048691512,79.78605595932277
Default,2,13733,interpolated,224,34296740.71010682,-4.674289893180132,81.19357905856191
Default,2,13733,interpolated,225,34296751.05726234,-4.663942737661302,81.93266159562131
Default,2,13733,interpolated,226,34296761.40441785,-4.653595582149923,83.40040162273431
Default,2,13733,interpolated,227,34296771.75157337,-4.643248426631093,84.46894667111337
Default,2,13733,interpolated,228,34296782.09872888,-4.632901271119714,85.16940913556346
Default,2,13733,interpolated,229,34296792.4458844,-4.6225541156008845,85.45683012219774
Default,2,13733,interpolated,230,34296802.79303991,-4.612206960089505,85.7442511086249
Default,2,13733,interpolated,231,34296813.14019543,-4.601859804570675,86.0518270649693
Default,2,13733,interpolated,232,34296823.48735094,-4.591512649059296,86.52215231548666
Default,2,13733,interpolated,233,34296833.83450646,-4.581165493540466,86.99247756634236
Default,2,13733,interpolated,234,34296844.18166197,-4.5708183380290865,90.03027699515224
Default,2,13733,interpolated,235,34296854.52881749,-4.560471182510257,91.1372368936286
Default,2,13733,interpolated,236,34296864.875973,-4.550124026998877,91.4507870606401
Default,2,13733,interpolated,237,34296875.22312852,-4.539776871480048,91.76433722787738
Default,2,13733,interpolated,238,34296885.57028403,-4.529429715968669,92.10709516797215
Default,2,13733,interpolated,239,34296895.91743955,-4.519082560449839,92.53822664792347
Default,2,13733,interpolated,240,34296906.26459506,-4.508735404938459,92.96935812756419
Default,2,13733,interpolated,241,34296916.61175058,-4.498388249419629,93.19615817510953
Default,2,13733,interpolated,242,34296926.95890609,-4.48804109390825,93.40732461411744
Default,2,13733,interpolated,243,34296937.30606161,-4.477693938389421,93.61849105327724
Default,2,13733,interpolated,244,34296947.65321712,-4.4673467828780415,93.82965749228492
Default,2,13733,interpolated,245,34296958.00037264,-4.456999627359211,94.01575096567558
Default,2,13733,interpolated,246,34296968.34752815,-4.446652471847832,94.09722463111939
Default,2,13733,interpolated,247,34296978.69468367,-4.436305316329002,94.17869829662209
Default,2,13733,interpolated,248,34296989.04183918,-4.425958160817623,94.2601719620659
Default,2,13733,interpolated,249,34296999.3889947,-4.415611005298794,94.3416456275686
Default,2,13733,interpolated,250,34297009.73615021,-4.405263849787414,94.4231192930124
Default,2,13733,interpolated,251,34297020.08330573,-4.394916694268584,94.5045929585151
Default,2,13733,interpolated,252,34297030.43046124,-4.384569538757205,94.58606662395891
Default,2,13733,interpolated,253,34297040.77761676,-4.374222383238375,94.66754028946161
Default,2,13733,interpolated,254,34297051.12477227,-4.363875227726996,94.74901395490565
Default,2,13733,interpolated,255,34297061.47192779,-4.353528072208166,94.83048762040812
Default,2,13733,interpolated,256,34297071.8190833,-4.343180916696787,94.91196128585216
Default,2,13733,interpolated,257,34297082.16623882,-4.332833761177957,94.99343495135463
Default,2,13733,interpolated,258,34297092.51339433,-4.322486605666578,95.86485403031111
Default,2,13733,interpolated,259,34297102.86054985,-4.312139450147748,96.32816851304642
Default,2,13733,interpolated,260,34297113.20770536,-4.3017922946363685,96.71139649494921
Default,2,13733,interpolated,261,34297123.55486088,-4.291445139117539,97.3649801260658
Default,2,13733,interpolated,262,34297133.902016394,-4.28109798360616,98.09675436711223
Default,2,13733,interpolated,263,34297144.24917191,-4.27075082808733,98.26637986742071
Default,2,13733,interpolated,264,34297154.596327424,-4.260403672575951,98.43600536760732
Default,2,13733,interpolated,265,34297164.94348294,-4.2500565170571205,98.60563086791603
Default,2,13733,interpolated,266,34297175.290638454,-4.239709361545741,98.77525636810265
Default,2,13733,interpolated,267,34297185.63779397,-4.229362206026912,98.94488186841136
Default,2,13733,interpolated,268,34297195.984949484,-4.219015050515533,99.3326166421175
Default,2,13733,interpolated,269,34297206.332105,-4.208667894996703,99.82533833349044
Default,2,13733,interpolated,270,34297216.679260515,-4.1983207394853235,101.09625865279122
Default,2,13733,interpolated,271,34297227.02641603,-4.187973583966493,101.27163417005954
Default,2,13733,interpolated,272,34297237.373571545,-4.177626428455114,101.44700968720144
Default,2,13733,interpolated,273,34297247.72072706,-4.167279272936285,101.62238520446977
Default,2,13733,interpolated,274,34297258.067882575,-4.156932117424906,101.79776072161167
Default,2,13733,interpolated,275,34297268.415038094,-4.1465849619060755,101.97313623887999
Default,2,13733,interpolated,276,34297278.762193605,-4.136237806394696,102.32452568908525
Default,2,13733,interpolated,277,34297289.109349124,-4.125890650875866,102.7077536712643
Default,2,13733,interpolated,278,34297299.456504636,-4.115543495364487,103.08470705639706
Default,2,13733,interpolated,279,34297309.803660154,-4.105196339845658,103.4415055225636
Default,2,13733,interpolated,280,34297320.150815666,-4.0948491843342785,103.79830398847321
Default,2,13733,interpolated,281,34297330.497971185,-4.084502028815448,104.06335170682473
Default,2,13733,interpolated,282,34297340.845126696,-4.074154873304069,104.20908629149199
Default,2,13733,interpolated,283,34297351.192282215,-4.063807717785239,104.35482087626428
Default,2,13733,interpolated,284,34297361.539437726,-4.05346056227386,104.50055546093154
Default,2,13733,interpolated,285,34297371.886593245,-4.0431134067550305,104.64629004570384
Default,2,13733,interpolated,286,34297382.23374876,-4.032766251243651,104.79202463037109
Default,2,13733,interpolated,287,34297392.580904275,-4.022419095724821,104.93775921514339
Default,2,13733,interpolated,288,34297402.92805979,-4.012071940213442,105.08468656837931
Default,2,13733,interpolated,289,34297413.275215305,-4.001724784694612,105.23250307579133
Default,2,13733,interpolated,290,34297423.62237082,-3.991377629183233,105.3803195830967
Default,2,13733,interpolated,291,34297433.969526336,-3.981030473664403,105.5281360905085
Default,2,13733,interpolated,292,34297444.31668185,-3.9706833181530237,105.67595259781388
Default,2,13733,interpolated,293,34297454.663837366,-3.960336162634194,105.82376910522589
Default,2,13733,interpolated,294,34297465.01099288,-3.9499890071228148,105.97158561253127
Default,2,13733,interpolated,295,34297475.358148396,-3.939641851603985,106.18573663102256
Default,2,13733,interpolated,296,34297485.70530391,-3.929294696092606,106.41567342016424
Default,2,13733,interpolated,297,34297496.052459426,-3.9189475405737757,106.64561020947167
Default,2,13733,interpolated,298,34297506.39961494,-3.9086003850623965,106.87554699861334
Default,2,13733,interpolated,299,34297516.74677046,-3.898253229543567,107.59334630705416
Default,2,13733,interpolated,300,34297527.09392597,-3.8879060740321876,108.10587949205683
Default,2,13733,interpolated,301,34297537.44108149,-3.877558918513358,108.26031464905441
Default,2,13733,interpolated,302,34297547.788237,-3.8672117630019787,108.41474980594057
Default,2,13733,interpolated,303,34297558.13539252,-3.8568646074831485,108.56918496293815
Default,2,13733,interpolated,304,34297568.48254803,-3.8465174519717693,108.72362011982432
Default,2,13733,interpolated,305,34297578.82970355,-3.8361702964529396,108.8780552768219
Default,2,13733,interpolated,306,34297589.17685906,-3.8258231409415604,109.08372534840146
Default,2,13733,interpolated,307,34297599.52401458,-3.8154759854227307,109.4816928683565
Default,2,13733,interpolated,308,34297609.87117009,-3.8051288299113515,109.87966038802506
Default,2,13733,interpolated,309,34297620.21832561,-3.7947816743925213,110.42460738867521
Default,2,13733,interpolated,310,34297630.56548112,-3.784434518881142,111.00992072138342
Default,2,13733,interpolated,311,34297640.91263664,-3.7740873633623124,111.19144976557345
Default,2,13733,interpolated,312,34297651.25979215,-3.763740207850933,111.37297880963274
Default,2,13733,interpolated,313,34297661.60694767,-3.7533930523321035,111.55450785382277
Default,2,13733,interpolated,314,34297671.95410318,-3.7430458968207243,111.73603689788206
Default,2,13733,interpolated,315,34297682.3012587,-3.732698741301894,111.91756594207209
Default,2,13733,interpolated,316,34297692.64841421,-3.722351585790515,112.07737553711627
Default,2,13733,interpolated,317,34297702.99556973,-3.7120044302716853,112.21911739353845
Default,2,13733,interpolated,318,34297713.34272524,-3.701657274760306,112.36085924985878
Default,2,13733,interpolated,319,34297723.68988076,-3.6913101192414763,112.50260110628119
Default,2,13733,interpolated,320,34297734.03703627,-3.6809629637300967,112.64434296260151
Default,2,13733,interpolated,321,34297744.38419179,-3.670615808211267,112.7860848190237
Default,2,13733,interpolated,322,34297754.7313473,-3.6602686526998878,112.92782667534402
Default,2,13733,interpolated,323,34297765.07850282,-3.649921497181058,113.13725683294433
Default,2,13733,interpolated,324,34297775.42565833,-3.639574341669679,113.4169096846033
Default,2,13733,interpolated,325,34297785.77281385,-3.629227186150849,113.69656253646349
Default,2,13733,interpolated,326,34297796.11996936,-3.6188800306394695,113.97621538812245
Default,2,13733,interpolated,327,34297806.46712488,-3.60853287512064,114.49826973049267
Default,2,13733,interpolated,328,34297816.81428039,-3.5981857196092606,115.00875570312633
Default,2,13733,interpolated,329,34297827.16143591,-3.587838564090431,115.12001543988777
Default,2,13733,interpolated,330,34297837.50859142,-3.5774914085790517,115.2312751765694
Default,2,13733,interpolated,331,34297847.85574694,-3.5671442530602215,115.34253491333084
Default,2,13733,interpolated,332,34297858.20290245,-3.5567970975488423,115.45379465001247
Default,2,13733,interpolated,333,34297868.55005796,-3.546449942037463,115.56505438669387
Default,2,13733,interpolated,334,34297878.89721348,-3.5361027865186334,115.67631412345554
Default,2,13733,interpolated,335,34297889.24436899,-3.525755631007254,115.78757386013694
Default,2,13733,interpolated,336,34297899.59152451,-3.5154084754884245,115.89883359689861
Default,2,13733,interpolated,337,34297909.93868002,-3.5050613199770453,116.10429778032835
Default,2,13733,interpolated,338,34297920.28583554,-3.494714164458215,117.1088493115135
Default,2,13733,interpolated,339,34297930.63299105,-3.484367008946836,117.60157100253173
Default,2,13733,interpolated,340,34297940.98014657,-3.4740198534280062,118.02750203572214
Default,2,13733,interpolated,341,34297951.32730208,-3.463672697916627,118.17121252893571
Default,2,13733,interpolated,342,34297961.6744576,-3.4533255423977973,118.31492302225274
Default,2,13733,interpolated,343,34297972.02161311,-3.442978386886418,118.45863351546632
Default,2,13733,interpolated,344,34297982.36876863,-3.432631231367588,118.60234400878358
Default,2,13733,interpolated,345,34297992.715924144,-3.4222840758562088,118.74605450199715
Default,2,13733,interpolated,346,34298003.06307966,-3.411936920337379,118.88976499531418
Default,2,13733,interpolated,347,34298013.410235174,-3.401589764826,119.48204703479996
Default,2,13733,interpolated,348,34298023.75739069,-3.39124260930717,120.12120922957547
Default,2,13733,interpolated,349,34298034.104546204,-3.380895453795791,120.28288353444077
Default,2,13733,interpolated,350,34298044.45170172,-3.370548298276961,120.44455783942249
Default,2,13733,interpolated,351,34298054.798857234,-3.3602011427655816,120.60623214428779
Default,2,13733,interpolated,352,34298065.14601275,-3.349853987246752,120.7679064492695
Default,2,13733,interpolated,353,34298075.493168265,-3.3395068317353727,120.9295807541348
Default,2,13733,interpolated,354,34298085.84032378,-3.329159676216543,121.97338729724288
Default,2,13733,interpolated,355,34298096.187479295,-3.3188125207051637,122.29963174396585
Default,2,13733,interpolated,356,34298106.53463481,-3.3084653651863336,122.60395984746083
Default,2,13733,interpolated,357,34298116.881790325,-3.2981182096749544,122.90828795073662
Default,2,13733,interpolated,358,34298127.228945844,-3.2877710541561247,123.06950909465263
Default,2,13733,interpolated,359,34298137.576101355,-3.2774238986447455,123.16900097456983
Default,2,13733,interpolated,360,34298147.923256874,-3.267076743125916,123.26849285455842
Default,2,13733,interpolated,361,34298158.270412385,-3.2567295876145366,123.36798473447561
Default,2,13733,interpolated,362,34298168.617567904,-3.2463824320957064,123.46747661446443
Default,2,13733,interpolated,363,34298178.964723416,-3.236035276584327,123.5669684943814
Default,2,13733,interpolated,364,34298189.311878935,-3.2256881210654975,123.66646037437022
Default,2,13733,interpolated,365,34298199.659034446,-3.2153409655541183,123.76595225428741
Default,2,13733,interpolated,366,34298210.006189965,-3.2049938100352886,123.865444134276
Default,2,13733,interpolated,367,34298220.353345476,-3.194646654523909,123.9649360141932
Default,2,13733,interpolated,368,34298230.700500995,-3.1842994990050792,124.67005009949207
Default,2,13733,interpolated,369,34298241.04765651,-3.1739523434937,125.39153647257217
Default,2,13733,interpolated,370,34298251.394812025,-3.1636051879748703,125.96637844584052
Default,2,13733,interpolated,371,34298261.74196754,-3.153258032463491,126.14326422847807
Default,2,13733,interpolated,372,34298272.089123055,-3.1429108769446614,126.29542828022568
Default,2,13733,interpolated,373,34298282.43627857,-3.1325637214332818,126.44759233186346
Default,2,13733,interpolated,374,34298292.783434086,-3.122216565914452,126.59975638361107
Default,2,13733,interpolated,375,34298303.1305896,-3.111869410403073,126.75192043524885
Default,2,13733,interpolated,376,34298313.477745116,-3.101522254884243,126.90408448699645
Default,2,13733,interpolated,377,34298323.82490063,-3.091175099372864,127.14166298619034
Default,2,13733,interpolated,378,34298334.172056146,-3.080827943854034,127.52489096836916
Default,2,13733,interpolated,379,34298344.51921166,-3.0704807883426546,127.90811895027196
Default,2,13733,interpolated,380,34298354.866367176,-3.060133632823825,128.8740407973528
Default,2,13733,interpolated,381,34298365.21352269,-3.0497864773124457,131.21067613437776
Default,2,13733,interpolated,382,34298375.56067821,-3.039439321793616,131.72803391031925
Default,2,13733,interpolated,383,34298385.90783372,-3.0290921662822368,132.22308335080743
Default,2,13733,interpolated,384,34298396.25498924,-3.0187450107634066,132.69340860166335
Default,2,13733,interpolated,385,34298406.60214475,-3.0083978552520274,133.10005957633257
Default,2,13733,interpolated,386,34298416.94930027,-2.9980506997331977,133.38748056296663
Default,2,13733,interpolated,387,34298427.29645578,-2.9877035442218185,133.674901549394
Default,2,13733,interpolated,388,34298437.6436113,-2.977356388702989,133.96232253602807
Default,2,13733,interpolated,389,34298447.99076681,-2.9670092331916096,134.69159744679928
Default,2,13733,interpolated,390,34298458.33792233,-2.9566620776727794,135.37281896042464
Default,2,13733,interpolated,391,34298468.68507784,-2.9463149221614002,135.98147516697645
Default,2,13733,interpolated,392,34298479.03223336,-2.9359677666425705,136.50161166787143
Default,2,13733,interpolated,393,34298489.37938887,-2.9256206111311913,137.01724494858217
Default,2,13733,interpolated,394,34298499.72654439,-2.9152734556123616,137.4875701994381
Default,2,13733,interpolated,395,34298510.0736999,-2.9049263001009824,137.95789544995546
Default,2,13733,interpolated,396,34298520.42085542,-2.8945791445821523,138.72468118598817
Default,2,13733,interpolated,397,34298530.76801093,-2.884231989070773,139.1471306723745
Default,2,13733,interpolated,398,34298541.11516645,-2.8738848335519434,139.37206883582735
Default,2,13733,interpolated,399,34298551.46232196,-2.863537678040564,139.5970069991181
Default,2,13733,interpolated,400,34298561.80947748,-2.8531905225217344,139.82194516257096
Default,2,13733,interpolated,401,34298572.15663299,-2.8428433670103552,140.02034559424192
Default,2,13733,interpolated,402,34298582.50378851,-2.832496211491525,140.11796026894785
Default,2,13733,interpolated,403,34298592.85094402,-2.822149055980146,140.21557494358353
Default,2,13733,interpolated,404,34298603.19809954,-2.811801900461316,140.31318961828947
Default,2,13733,interpolated,405,34298613.54525505,-2.801454744949937,140.41080429292515
Default,2,13733,interpolated,406,34298623.89241057,-2.7911075894311073,140.5084189676311
Default,2,13733,interpolated,407,34298634.23956608,-2.780760433919728,140.60603364226677
Default,2,13733,interpolated,408,34298644.5867216,-2.770413278400898,140.7036483169727
Default,2,13733,interpolated,409,34298654.93387711,-2.7600661228895187,140.80126299160838
Default,2,13733,interpolated,410,34298665.28103263,-2.749718967370689,140.89887766631432
Default,2,13733,interpolated,411,34298675.62818814,-2.73937181185931,140.99649234095
Default,2,13733,interpolated,412,34298685.97534366,-2.72902465634048,141.3990137463809
Default,2,13733,interpolated,413,34298696.32249917,-2.718677500829101,141.81289996683608
Default,2,13733,interpolated,414,34298706.66965469,-2.7083303453102707,142.62996163219213
Default,2,13733,interpolated,415,34298717.0168102,-2.6979831897988915,143.53975463085453
Default,2,13733,interpolated,416,34298727.36396572,-2.687636034280062,144.13224138545274
Default,2,13733,interpolated,417,34298737.71112123,-2.6772888787686826,144.44579155246424
Default,2,13733,interpolated,418,34298748.05827675,-2.666941723249853,144.75934171970152
Default,2,13733,interpolated,419,34298758.40543226,-2.6565945677384737,145.07074800769192
Default,2,13733,interpolated,420,34298768.75258778,-2.6462474122196435,145.3750761111869
Default,2,13733,interpolated,421,34298779.09974329,-2.6359002567082643,145.67940421446292
Default,2,13733,interpolated,422,34298789.44689881,-2.6255531011894346,145.9837323179579
Default,2,13733,interpolated,423,34298799.79405432,-2.6152059456780554,146.1813713763322
Default,2,13733,interpolated,424,34298810.14120984,-2.6048587901592257,146.37298536742173
Default,2,13733,interpolated,425,34298820.48836535,-2.594511634647846,146.56459935837324
Default,2,13733,interpolated,426,34298830.83552087,-2.5841644791290164,146.75621334946277
Default,2,13733,interpolated,427,34298841.18267638,-2.573817323617637,146.94782734041405
Default,2,13733,interpolated,428,34298851.5298319,-2.5634701680988075,147.13690603456712
Default,2,13733,interpolated,429,34298861.87698741,-2.5531230125874282,147.3250361347741
Default,2,13733,interpolated,430,34298872.22414293,-2.5427758570685985,147.5131662351164
Default,2,13733,interpolated,431,34298882.57129844,-2.532428701557219,147.70129633532338
Default,2,13733,interpolated,432,34298892.91845396,-2.522081546038389,147.88942643566565
Default,2,13733,interpolated,433,34298903.26560947,-2.51173439052701,148.60937278185565
Default,2,13733,interpolated,434,34298913.61276499,-2.5013872350081803,149.30451059967277
Default,2,13733,interpolated,435,34298923.9599205,-2.491040079496801,149.71839682012796
Default,2,13733,interpolated,436,34298934.30707602,-2.480692923977971,150.0180714536723
Default,2,13733,interpolated,437,34298944.65423153,-2.4703457684665917,150.0746132870679
Default,2,13733,interpolated,438,34298955.00138705,-2.459998612947762,150.131155120504
Default,2,13733,interpolated,439,34298965.34854256,-2.449651457436383,150.1876969538996
Default,2,13733,interpolated,440,34298975.69569808,-2.439304301917553,150.2442387873357
Default,2,13733,interpolated,441,34298986.042853594,-2.428957146406174,150.3007806207313
Default,2,13733,interpolated,442,34298996.39000911,-2.4186099908873437,150.35732245416762
Default,2,13733,interpolated,443,34299006.737164624,-2.4082628353759645,150.413864287563
Default,2,13733,interpolated,444,34299017.084320135,-2.3979156798645853,150.47040612095861
Default,2,13733,interpolated,445,34299027.431475654,-2.3875685243457556,150.5269479543947
Default,2,13733,interpolated,446,34299037.778631166,-2.3772213688343764,150.5834897877903
Default,2,13733,interpolated,447,34299048.125786684,-2.3668742133155467,150.64003162122663
Default,2,13733,interpolated,448,34299058.472942196,-2.3565270578041675,150.696573454622
Default,2,13733,interpolated,449,34299068.820097715,-2.3461799022853373,150.75311528805832
Default,2,13733,interpolated,450,34299079.167253226,-2.335832746773958,150.8096571214537
Default,2,13733,interpolated,451,34299089.514408745,-2.3254855912551284,150.86619895489002
Default,2,13733,interpolated,452,34299099.861564256,-2.3151384357437492,150.92274078828564
Default,2,13733,interpolated,453,34299110.208719775,-2.3047912802249195,150.97928262172172
Default,2,13733,interpolated,454,34299120.55587529,-2.2944441247135403,151.65558752864604
Default,2,13733,interpolated,455,34299130.903030805,-2.28409696919471,152.98614725789844
Default,2,13733,interpolated,456,34299141.25018632,-2.273749813683331,153.12654551008222
Default,2,13733,interpolated,457,34299151.597341835,-2.2634026581645013,153.25428817080865
Default,2,13733,interpolated,458,34299161.94449735,-2.253055502653122,153.382030831443
Default,2,13733,interpolated,459,34299172.291652866,-2.2427083471342923,153.5097734921692
Default,2,13733,interpolated,460,34299182.63880838,-2.232361191622913,153.63751615280353
Default,2,13733,interpolated,461,34299192.985963896,-2.222014036104083,153.76525881352973
Default,2,13733,interpolated,462,34299203.33311941,-2.2116668805927038,153.89300147416407
Default,2,13733,interpolated,463,34299213.680274926,-2.201319725073874,155.00507667855322
Default,2,13733,interpolated,464,34299224.02743044,-2.190972569562495,155.08229425699642
Default,2,13733,interpolated,465,34299234.37458596,-2.180625414043665,155.1595118354951
Default,2,13733,interpolated,466,34299244.72174147,-2.170278258532286,155.23672941393806
Default,2,13733,interpolated,467,34299255.06889699,-2.159931103013456,155.31394699243697
Default,2,13733,interpolated,468,34299265.4160525,-2.1495839475020766,155.39116457087994
Default,2,13733,interpolated,469,34299275.76320802,-2.139236791983247,155.46838214937884
Default,2,13733,interpolated,470,34299286.11036353,-2.1288896364718677,155.5455997278218
Default,2,13733,interpolated,471,34299296.45751905,-2.118542480953038,155.6228173063207
Default,2,13733,interpolated,472,34299306.80467456,-2.1081953254416583,155.70003488476368
Default,2,13733,interpolated,473,34299317.15183008,-2.0978481699228286,155.77725246326258
Default,2,13733,interpolated,474,34299327.49898559,-2.0875010144114494,155.85447004170555
Default,2,13733,interpolated,475,34299337.84614111,-2.0771538588926197,155.93168762020423
Default,2,13733,interpolated,476,34299348.19329662,-2.0668067033812405,156.0441961710651
Default,2,13733,interpolated,477,34299358.54045214,-2.056459547862411,156.42742415324415
Default,2,13733,interpolated,478,34299368.88760765,-2.046112392351031,156.81065213514694
Default,2,13733,interpolated,479,34299379.23476317,-2.0357652368322015,157.2492744365618
Default,2,13733,interpolated,480,34299389.58191868,-2.0254180813208222,157.7419961275798
Default,2,13733,interpolated,481,34299399.9290742,-2.0150709258019925,158.11462963251188
Default,2,13733,interpolated,482,34299410.27622971,-2.0047237702906133,158.35526115603216
Default,2,13733,interpolated,483,34299420.62338523,-1.9943766147717834,158.59589267972592
Default,2,13733,interpolated,484,34299430.97054074,-1.9840294592604042,158.83652420324643
Default,2,13733,interpolated,485,34299441.31769626,-1.9736823037415743,159.0372774860498
Default,2,13733,interpolated,486,34299451.66485177,-1.963335148230195,159.1535376603349
Default,2,13733,interpolated,487,34299462.01200729,-1.9529879927113654,159.2697978347037
Default,2,13733,interpolated,488,34299472.3591628,-1.942640837199986,159.3860580089888
Default,2,13733,interpolated,489,34299482.70631832,-1.9322936816811562,159.50231818335783
Default,2,13733,interpolated,490,34299493.05347383,-1.921946526169777,159.61857835764295
Default,2,13733,interpolated,491,34299503.40062935,-1.911599370650947,159.73483853201174
Default,2,13733,interpolated,492,34299513.74778486,-1.9012522151395679,159.85109870629708
Default,2,13733,interpolated,493,34299524.09494038,-1.890905059620738,159.96735888066587
Default,2,13733,interpolated,494,34299534.44209589,-1.8805579041093587,160.0682761090884
Default,2,13733,interpolated,495,34299544.78925141,-1.870210748590529,160.16320414137135
Default,2,13733,interpolated,496,34299555.13640692,-1.8598635930791498,160.25813217358586
Default,2,13733,interpolated,497,34299565.48356244,-1.84951643756032,160.3530602058686
Default,2,13733,interpolated,498,34299575.83071795,-1.8391692820489407,160.4479882380831
Default,2,13733,interpolated,499,34299586.17787347,-1.8288221265301108,160.54291627036605
Default,2,13733,interpolated,500,34299596.52502898,-1.8184749710187316,160.63784430258033
Default,2,13733,interpolated,501,34299606.8721845,-1.8081278154999019,160.73277233486328
Default,2,13733,interpolated,502,34299617.21934001,-1.7977806599885227,160.8277003670778
Default,2,13733,interpolated,503,34299627.56649553,-1.7874335044696927,160.92262839936052
Default,2,13733,interpolated,504,34299637.91365104,-1.7770863489583135,161.17396827651692
Default,2,13733,interpolated,505,34299648.26080656,-1.7667391934394836,162.02211941334235
Default,2,13733,interpolated,506,34299658.60796207,-1.7563920379281044,162.20364845740164
Default,2,13733,interpolated,507,34299668.95511759,-1.7460448824092747,162.38517750159167
Default,2,13733,interpolated,508,34299679.3022731,-1.7356977268978955,162.56670654565096
Default,2,13733,interpolated,509,34299689.64942862,-1.7253505713790656,162.748235589841
Default,2,13733,interpolated,510,34299699.99658413,-1.7150034158676863,162.92976463390028
Default,2,13733,interpolated,511,34299710.34373965,-1.7046562603488564,164.05208310335865
Default,2,13733,interpolated,512,34299720.69089516,-1.6943091048374772,164.28201989250056
Default,2,13733,interpolated,513,34299731.03805068,-1.6839619493186475,164.51195668180776
Default,2,13733,interpolated,514,34299741.38520619,-1.673614793807268,164.74189347094966
Default,2,13733,interpolated,515,34299751.73236171,-1.6632676382884384,164.97183026025687
Default,2,13733,interpolated,516,34299762.07951722,-1.6529204827770592,165.05639451691263
Default,2,13733,interpolated,517,34299772.42667274,-1.6425733272582292,165.12066256361345
Default,2,13733,interpolated,518,34299782.77382825,-1.63222617174685,165.1849306102681
Default,2,13733,interpolated,519,34299793.12098377,-1.6218790162280203,165.24919865696893
Default,2,13733,interpolated,520,34299803.46813928,-1.611531860716641,165.31346670362336
Default,2,13733,interpolated,521,34299813.8152948,-1.6011847051978112,165.37773475032418
Default,2,13733,interpolated,522,34299824.16245031,-1.590837549686432,165.4420027969786
Default,2,13733,interpolated,523,34299834.50960583,-1.580490394167602,165.50627084367943
Default,2,13733,interpolated,524,34299844.856761344,-1.5701432386562229,165.5705388903341
Default,2,13733,interpolated,525,34299855.20391686,-1.559796083137393,165.6348069370349
Default,2,13733,interpolated,526,34299865.551072374,-1.5494489276260137,165.69907498368934
Default,2,13733,interpolated,527,34299875.89822789,-1.539101772107184,165.76334303039016
Default,2,13733,interpolated,528,34299886.245383404,-1.5287546165958048,165.8276110770446
Default,2,13733,interpolated,529,34299896.59253892,-1.5184074610769749,165.8918791237454
Default,2,13733,interpolated,530,34299906.939694434,-1.5080603055655957,165.95614717040007
Default,2,13733,interpolated,531,34299917.28684995,-1.4977131500467658,166.82171248830855
Default,2,13733,interpolated,532,34299927.634005465,-1.4873659945353865,168.26536021858465
Default,2,13733,interpolated,533,34299937.98116098,-1.4770188390165568,168.6792464393377
Default,2,13733,interpolated,534,34299948.328316495,-1.4666716835051776,169.2910395618528
Default,2,13733,interpolated,535,34299958.67547201,-1.4563245279863477,170.126364108477
Default,2,13733,interpolated,536,34299969.022627525,-1.4459773724749685,170.40601696013596
Default,2,13733,interpolated,537,34299979.369783044,-1.4356302169561386,170.68566981199615
Default,2,13733,interpolated,538,34299989.716938555,-1.4252830614447594,170.96532266365512
Default,2,13733,interpolated,539,34300000.064094074,-1.4149359059259297,171.0533182004358
Default,2,13733,interpolated,540,34300010.411249585,-1.4045887504145502,171.11418382109082
Default,2,13733,interpolated,541,34300020.758405104,-1.3942415948957205,171.17504944178995
Default,2,13733,interpolated,542,34300031.105560616,-1.3838944393843413,171.23591506244497
Default,2,13733,interpolated,543,34300041.452716134,-1.3735472838655114,171.2967806831441
Default,2,13733,interpolated,544,34300051.799871646,-1.3632001283541322,171.35764630379913
Default,2,13733,interpolated,545,34300062.147027165,-1.3528529728353025,171.41851192449826
Default,2,13733,interpolated,546,34300072.494182676,-1.342505817323923,171.47937754515328
Default,2,13733,interpolated,547,34300082.841338195,-1.3321586618050933,171.54024316585242
Default,2,13733,interpolated,548,34300093.18849371,-1.3218115062937141,171.60110878650767
Default,2,13733,interpolated,549,34300103.535649225,-1.3114643507748842,171.66197440720657
Default,2,13733,interpolated,550,34300113.88280474,-1.301117195263505,171.72284002786182
Default,2,13733,interpolated,551,34300124.229960255,-1.290770039744675,171.78370564856073
Default,2,13733,interpolated,552,34300134.57711577,-1.2804228842332959,171.84457126921598
Default,2,13733,interpolated,553,34300144.924271286,-1.2700757287144662,171.90543688991488
Default,2,13733,interpolated,554,34300155.2714268,-1.259728573203087,171.96630251057013
Default,2,13733,interpolated,555,34300165.61858231,-1.2493814176917077,173.07384861853666
Default,2,13733,interpolated,556,34300175.96573783,-1.2390342621728778,173.28501505769646
Default,2,13733,interpolated,557,34300186.31289334,-1.2286871066614986,173.49618149670414
Default,2,13733,interpolated,558,34300196.66004886,-1.2183399511426687,173.70734793586394
Default,2,13733,interpolated,559,34300207.00720437,-1.2079927956312895,173.91851437487162
Default,2,13733,interpolated,560,34300217.35435989,-1.1976456401124598,174.15129428303658
Default,2,13733,interpolated,561,34300227.7015154,-1.1872984846010803,174.3976551285457
Default,2,13733,interpolated,562,34300238.04867092,-1.1769513290822506,174.64401597423216
Default,2,13733,interpolated,563,34300248.39582643,-1.1666041735708714,174.89037681974105
Default,2,13733,interpolated,564,34300258.74298195,-1.1562570180520415,175.95716365799308
Default,2,13733,interpolated,565,34300269.09013746,-1.1459098625406623,176.77616441994905
Default,2,13733,interpolated,566,34300279.43729298,-1.1355627070218326,177.61977441484737
Default,2,13733,interpolated,567,34300289.78444849,-1.1252155515104532,178.0621983708554
Default,2,13733,interpolated,568,34300300.13160401,-1.1148683959916235,178.17345810761685
Default,2,13733,interpolated,569,34300310.47875952,-1.1045212404802442,178.28471784429848
Default,2,13733,interpolated,570,34300320.82591504,-1.0941740849614143,178.39597758106015
Default,2,13733,interpolated,571,34300331.17307055,-1.0838269294500351,178.50723731774156
Default,2,13733,interpolated,572,34300341.52022607,-1.0734797739312052,178.61849705450322
Default,2,13733,interpolated,573,34300351.86738158,-1.063132618419826,178.72975679118463
Default,2,13733,interpolated,574,34300362.2145371,-1.0527854629009963,178.8410165279463
Default,2,13733,interpolated,575,34300372.56169261,-1.042438307389617,178.9522762646277
Default,2,13733,interpolated,576,34300382.90884813,-1.0320911518707871,179.19696160430703
Default,2,13733,interpolated,577,34300393.25600364,-1.021743996359408,179.54186678801966
Default,2,13733,interpolated,578,34300403.60315916,-1.011396840840578,179.8867719719808
Default,2,13733,interpolated,579,34300413.95031467,-1.0010496853291988,180.43439466692507
Default,2,13733,interpolated,580,34300424.29747019,-0.990702529810369,181.1081225158025
Default,2,13733,interpolated,581,34300434.6446257,-0.9803553742989898,181.97038547508419
Default,2,13733,interpolated,582,34300444.99178122,-0.97000821878016,182.15859970190218
Default,2,13733,interpolated,583,34300455.33893673,-0.9596610632687808,182.322840265575
Default,2,13733,interpolated,584,34300465.68609225,-0.949313907749951,182.48708082936582
Default,2,13733,interpolated,585,34300476.03324776,-0.9389667522385716,182.65132139303864
Default,2,13733,interpolated,586,34300486.38040328,-0.9286195967197418,182.81556195682947
Default,2,13733,interpolated,587,34300496.72755879,-0.9182724412083626,182.9798025205023
Default,2,13733,interpolated,588,34300507.07471431,-0.9079252856895328,184.06459771448363
Default,2,13733,interpolated,589,34300517.42186982,-0.8975781301781536,184.1473749585748
Default,2,13733,interpolated,590,34300527.76902534,-0.8872309746593237,184.23015220272532
Default,2,13733,interpolated,591,34300538.11618085,-0.8768838191479444,184.3129294468165
Default,2,13733,interpolated,592,34300548.46333637,-0.8665366636291146,184.39570669096702
Default,2,13733,interpolated,593,34300558.81049188,-0.8561895081177354,184.4784839350582
Default,2,13733,interpolated,594,34300569.1576474,-0.8458423525989056,184.5612611792087
Default,2,13733,interpolated,595,34300579.50480291,-0.8354951970875263,184.6440384232999
Default,2,13733,interpolated,596,34300589.85195843,-0.8251480415686965,184.7268156674504
Default,2,13733,interpolated,597,34300600.19911394,-0.8148008860573173,184.80959291154136
Default,2,13733,interpolated,598,34300610.54626946,-0.8044537305384875,184.8923701556921
Default,2,13733,interpolated,599,34300620.89342497,-0.7941065750271082,184.97514739978305
Default,2,13733,interpolated,600,34300631.24058049,-0.7837594195082784,185.28962321966878
Default,2,13733,interpolated,601,34300641.587736,-0.7734122639968991,185.70350944012398
Default,2,13733,interpolated,602,34300651.93489152,-0.7630651084780693,186.02644046416162
Default,2,13733,interpolated,603,34300662.28204703,-0.7527179529666901,186.1196580813812
Default,2,13733,interpolated,604,34300672.62920255,-0.7423707974478603,186.21287569866786
Default,2,13733,interpolated,605,34300682.97635806,-0.7320236419364811,186.30609331588767
Default,2,13733,interpolated,606,34300693.32351358,-0.7216764864176511,186.39931093317432
Default,2,13733,interpolated,607,34300703.670669094,-0.7113293309062719,186.4925285503939
Default,2,13733,interpolated,608,34300714.01782461,-0.7009821753874421,186.58574616768078
Default,2,13733,interpolated,609,34300724.364980124,-0.6906350198760629,186.67896378490036
Default,2,13733,interpolated,610,34300734.71213564,-0.6802878643572331,186.77218140218702
Default,2,13733,interpolated,611,34300745.059291154,-0.6699407088458538,186.86539901940682
Default,2,13733,interpolated,612,34300755.40644667,-0.659593553327024,186.95861663669348
Default,2,13733,interpolated,613,34300765.753602184,-0.6492463978156447,187.06392891315954
Default,2,13733,interpolated,614,34300776.1007577,-0.6388992422968149,187.17889730781326
Default,2,13733,interpolated,615,34300786.447913215,-0.6285520867854357,187.29386570238398
Default,2,13733,interpolated,616,34300796.79506873,-0.6182049312666059,187.4088340970377
Default,2,13733,interpolated,617,34300807.142224245,-0.6078577757552266,187.52380249160865
Default,2,13733,interpolated,618,34300817.48937976,-0.5975106202363968,187.63877088626236
Default,2,13733,interpolated,619,34300827.836535275,-0.5871634647250176,187.7537392808331
Default,2,13733,interpolated,620,34300838.183690794,-0.5768163092061878,187.8687076754868
Default,2,13733,interpolated,621,34300848.530846305,-0.5664691536948085,187.98367607005775
Default,2,13733,interpolated,622,34300858.878001824,-0.5561219981759786,188.08220372059282
Default,2,13733,interpolated,623,34300869.225157335,-0.5457748426645994,188.17801071606846
Default,2,13733,interpolated,624,34300879.572312854,-0.5354276871457696,188.27381771161322
Default,2,13733,interpolated,625,34300889.919468366,-0.5250805316343904,188.3696247070891
Default,2,13733,interpolated,626,34300900.266623884,-0.5147333761155606,188.46543170263362
Default,2,13733,interpolated,627,34300910.613779396,-0.5043862206041813,188.5612386981095
Default,2,13733,interpolated,628,34300920.960934915,-0.4940390650853515,188.65704569365425
Default,2,13733,interpolated,629,34300931.308090426,-0.48369190957397223,188.7528526891299
Default,2,13733,interpolated,630,34300941.655245945,-0.4733447540551424,188.84865968467466
Default,2,13733,interpolated,631,34300952.002401456,-0.46299759854376316,188.9444666801503
Default,2,13733,interpolated,632,34300962.349556975,-0.45265044302493335,189.18911117282892
Default,2,13733,interpolated,633,34300972.69671249,-0.44230328751355413,189.63898749941063
Default,2,13733,interpolated,634,34300983.043868005,-0.43195613199472427,190.02725157340365
Default,2,13733,interpolated,635,34300993.39102352,-0.42160897648334505,190.1652136468888
Default,2,13733,interpolated,636,34301003.738179035,-0.4112618209645152,190.30317572047306
Default,2,13733,interpolated,637,34301014.08533455,-0.400914665453136,190.4411377939582
Default,2,13733,interpolated,638,34301024.432490066,-0.39056750993430617,190.57909986754248
Default,2,13733,interpolated,639,34301034.77964558,-0.3802203544229269,190.71706194102762
Default,2,13733,interpolated,640,34301045.126801096,-0.3698731989040971,190.85502401461213
Default,2,13733,interpolated,641,34301055.47395661,-0.3595260433927178,190.99298608809704
Default,2,13733,interpolated,642,34301065.821112126,-0.349178887873888,192.08684345741153
Default,2,13733,interpolated,643,34301076.16826764,-0.3388317323625088,192.3220060826702
Default,2,13733,interpolated,644,34301086.51542316,-0.32848457684367893,192.5571687080983
Default,2,13733,interpolated,645,34301096.86257867,-0.3181374213322997,192.79233133335674
Default,2,13733,interpolated,646,34301107.20973419,-0.3077902658134699,193.24194683730593
Default,2,13733,interpolated,647,34301117.5568897,-0.29744311030209064,194.0993468136046
Default,2,13733,interpolated,648,34301127.90404522,-0.28709595478326083,194.25612189722324
Default,2,13733,interpolated,649,34301138.25120073,-0.27674879927188156,194.4128969807291
Default,2,13733,interpolated,650,34301148.59835625,-0.26640164375305175,194.56967206434774
Default,2,13733,interpolated,651,34301158.94551176,-0.25605448824167254,194.72644714785338
Default,2,13733,interpolated,652,34301169.29266728,-0.2457073327228427,194.88322223147202
Default,2,13733,interpolated,653,34301179.63982279,-0.23536017721146346,195.06946902075106
Default,2,13733,interpolated,654,34301189.98697831,-0.22501302169263362,195.34176258703587
Default,2,13733,interpolated,655,34301200.33413382,-0.21466586618125438,195.61405615312492
Default,2,13733,interpolated,656,34301210.68128934,-0.20431871066242457,195.88634971940996
Default,2,13733,interpolated,657,34301221.02844485,-0.19397155515104533,196.03367846284323
Default,2,13733,interpolated,658,34301231.37560037,-0.1836243996322155,196.09148380093734
Default,2,13733,interpolated,659,34301241.72275588,-0.17327724412083625,196.14928913898984
Default,2,13733,interpolated,660,34301252.0699114,-0.16293008860200645,196.20709447708373
Default,2,13733,interpolated,661,34301262.41706691,-0.1525829330906272,196.26489981513623
Default,2,13733,interpolated,662,34301272.76422243,-0.14223577757179737,196.32270515323012
Default,2,13733,interpolated,663,34301283.11137794,-0.13188862206041813,196.38051049128262
Default,2,13733,interpolated,664,34301293.45853346,-0.1215414665415883,196.4383158293765
Default,2,13733,interpolated,665,34301303.80568897,-0.11119431103020906,196.496121167429
Default,2,13733,interpolated,666,34301314.15284449,-0.10084715551137924,196.55392650552312
Default,2,13733,interpolated,667,34301324.5,-0.0905,196.6117318435754
Default,2,13733,interpolated,668,34301334.84715551,-0.08015284448862076,196.6695371816279
Default,2,13733,interpolated,669,34301345.19431103,-0.06980568896979093,196.7273425197218
Default,2,13733,interpolated,670,34301355.54146654,-0.05945853345841169,196.7851478577743
Default,2,13733,interpolated,671,34301365.88862206,-0.049111377939581875,196.84295319586818
Default,2,13733,interpolated,672,34301376.23577757,-0.03876422242820263,196.90075853392068
Default,2,13733,interpolated,673,34301386.58293309,-0.028417066909372807,196.95856387201457
Default,2,13733,interpolated,674,34301396.9300886,-0.018069911397993566,197.17235815305912
Default,2,13733,interpolated,675,34301407.27724412,-0.007722755879163742,197.78101436004908
Default,2,13733,interpolated,676,34301417.62439963,0.0026243996322155,197.99103599508499
Default,2,13733,interpolated,677,34301427.97155515,0.012971555151045323,197.97703443145997
Default,2,13733,interpolated,678,34301438.31871066,0.023318710662424566,197.9630328678452
Default,2,13733,interpolated,679,34301448.66586618,0.03366586618125439,197.94903130422017
Default,2,13733,interpolated,680,34301459.01302169,0.04401302169263363,197.9350297406054
Default,2,13733,interpolated,681,34301469.36017721,0.054360177211463453,197.92102817698037
Default,2,13733,interpolated,682,34301479.70733272,0.0647073327228427,197.9070266133656
Default,2,13733,interpolated,683,34301490.05448824,0.07505448824167252,197.89302504974057
Default,2,13733,interpolated,684,34301500.40164375,0.08540164375305176,197.8790234861258
Default,2,13733,interpolated,685,34301510.74879927,0.09574879927188158,197.86502192250077
Default,2,13733,interpolated,686,34301521.09595478,0.10609595478326082,197.851020358886
Default,2,13733,interpolated,687,34301531.4431103,0.11644311030209065,197.83701879526097
Default,2,13733,interpolated,688,34301541.79026581,0.1267902658134699,197.8230172316462
Default,2,13733,interpolated,689,34301552.13742133,0.13713742133229972,197.80901566802117
Default,2,13733,interpolated,690,34301562.48457684,0.14748457684367897,197.7950141044064
Default,2,13733,interpolated,691,34301572.83173236,0.15783173236250878,197.78101254078138
Default,2,13733,interpolated,692,34301583.178887874,0.16817888787388802,197.7670109771666
Default,2,13733,interpolated,693,34301593.52604339,0.17852604339271785,197.75300941354158
Default,2,13733,interpolated,694,34301603.873198904,0.1888731989040971,197.7390078499268
Default,2,13733,interpolated,695,34301614.22035442,0.1992203544229269,197.72500628630178
Default,2,13733,interpolated,696,34301624.567509934,0.20956750993430615,197.711004722687
Default,2,13733,interpolated,697,34301634.91466545,0.21991466545313598,197.69700315906198
Default,2,13733,interpolated,698,34301645.261820965,0.23026182096451522,197.6830015954472
Default,2,13733,interpolated,699,34301655.60897648,0.24060897648334503,197.66900003182218
Default,2,13733,interpolated,700,34301665.956131995,0.2509561319947243,197.6549984682074
Default,2,13733,interpolated,701,34301676.30328751,0.2613032875135541,197.64099690458238
Default,2,13733,interpolated,702,34301686.650443025,0.27165044302493335,197.6269953409676
Default,2,13733,interpolated,703,34301696.997598544,0.28199759854376316,197.61299377734258
Default,2,13733,interpolated,704,34301707.344754055,0.29234475405514243,197.5989922137278
Default,2,13733,interpolated,705,34301717.691909574,0.30269190957397224,197.58499065010278
Default,2,13733,interpolated,706,34301728.039065085,0.31303906508535145,197.570989086488
Default,2,13733,interpolated,707,34301738.386220604,0.3233862206041813,197.55698752286298
Default,2,13733,interpolated,708,34301748.733376116,0.33373337611556053,197.5429859592482
Default,2,13733,interpolated,709,34301759.080531634,0.34408053163439034,197.52898439562318
Default,2,13733,interpolated,710,34301769.427687146,0.3544276871457696,197.5149828320084
Default,2,13733,interpolated,711,34301779.774842665,0.3647748426645994,197.50098126838338
Default,2,13733,interpolated,712,34301790.121998176,0.3751219981759787,197.4869797047686
Default,2,13733,interpolated,713,34301800.469153695,0.3854691536948085,197.47297814114359
Default,2,13733,interpolated,714,34301810.816309206,0.3958163092061877,197.4589765775288
Default,2,13733,interpolated,715,34301821.163464725,0.4061634647250176,197.444975013904
Default,2,13733,interpolated,716,34301831.51062024,0.4165106202363968,197.430973450289
Default,2,13733,interpolated,717,34301841.857775755,0.4268577757552266,197.41697188666421
Default,2,13733,interpolated,718,34301852.20493127,0.43720493126660587,197.4029703230492
Default,2,13733,interpolated,719,34301862.552086785,0.4475520867854357,197.38896875942442
Default,2,13733,interpolated,720,34301872.8992423,0.45789924229681495,197.3749671958094
Default,2,13733,interpolated,721,34301883.246397816,0.46824639781564475,197.36096563218462
Default,2,13733,interpolated,722,34301893.59355333,0.47859355332702397,197.3469640685696
Default,2,13733,interpolated,723,34301903.940708846,0.48894070884585383,197.33296250494482
Default,2,13733,interpolated,724,34301914.28786436,0.49928786435723305,197.3189609413298
Default,2,13733,interpolated,725,34301924.635019876,0.5096350198760629,197.30495937770502
Default,2,13733,interpolated,726,34301934.98217539,0.5199821753874421,197.29095781409
Default,2,13733,interpolated,727,34301945.329330906,0.530329330906272,197.27695625046522
Default,2,13733,interpolated,728,34301955.67648642,0.5406764864176512,197.2629546868502
Default,2,13733,interpolated,729,34301966.02364194,0.551023641936481,197.24895312322542
Default,2,13733,interpolated,730,34301976.37079745,0.5613707974478602,197.2349515596104
Default,2,13733,interpolated,731,34301986.71795297,0.57171795296669,197.22094999598562
Default,2,13733,interpolated,732,34301997.06510848,0.5820651084780694,197.2069484323706
Default,2,13733,interpolated,733,34302007.412264,0.5924122639968992,197.19294686874582
Default,2,13733,interpolated,734,34302017.75941951,0.6027594195082784,197.1789453051308
Default,2,13733,interpolated,735,34302028.10657503,0.6131065750271082,197.16494374150602
Default,2,13733,interpolated,736,34302038.45373054,0.6234537305384874,197.150942177891
Default,2,13733,interpolated,737,34302048.80088606,0.6338008860573173,197.13694061426622
Default,2,13733,interpolated,738,34302059.14804157,0.6441480415686965,197.1229390506512
Default,2,13733,interpolated,739,34302069.49519709,0.6544951970875263,197.10893748702642
Default,2,13733,interpolated,740,34302079.8423526,0.6648423525989056,197.0949359234114
Default,2,13733,interpolated,741,34302090.18950812,0.6751895081177354,197.08093435978662
Default,2,13733,interpolated,742,34302100.53666363,0.6855366636291147,197.0669327961716
Default,2,13733,interpolated,743,34302110.88381915,0.6958838191479445,197.05293123254683
Default,2,13733,interpolated,744,34302121.23097466,0.7062309746593237,197.03892966893181
Default,2,13733,interpolated,745,34302131.57813018,0.7165781301781535,197.02492810530703
Default,2,13733,interpolated,746,34302141.92528569,0.7269252856895327,197.01092654169202
Default,2,13733,interpolated,747,34302152.27244121,0.7372724412083626,196.97750058209544
Default,2,13733,interpolated,748,34302162.61959672,0.7476195967197419,196.8750534978244
Default,2,13733,interpolated,749,34302172.96675224,0.7579667522385717,196.77260641347948
Default,2,13733,interpolated,750,34302183.31390775,0.7683139077499509,196.67015932920845
Default,2,13733,interpolated,751,34302193.66106327,0.7786610632687807,196.56771224486351
Default,2,13733,interpolated,752,34302204.00821878,0.7890082187801599,196.46526516059248
Default,2,13733,interpolated,753,34302214.3553743,0.7993553742989898,196.36281807624755
Default,2,13733,interpolated,754,34302224.70252981,0.809702529810369,196.26037099197652
Default,2,13733,interpolated,755,34302235.04968533,0.8200496853291989,196.15792390763158
Default,2,13733,interpolated,756,34302245.39684084,0.8303968408405781,196.05547682336055
Default,2,13733,interpolated,757,34302255.74399636,0.8407439963594079,195.94143214371093
Default,2,13733,interpolated,758,34302266.09115187,0.8510911518707872,195.81368948307681
Default,2,13733,interpolated,759,34302276.43830739,0.861438307389617,195.6859468223504
Default,2,13733,interpolated,760,34302286.7854629,0.8717854629009962,195.55820416171605
Default,2,13733,interpolated,761,34302297.13261842,0.882132618419826,195.43046150098985
Default,2,13733,interpolated,762,34302307.47977393,0.8924797739312053,195.3027188403555
Default,2,13733,interpolated,763,34302317.82692945,0.9028269294500351,195.17497617962908
Default,2,13733,interpolated,764,34302328.17408496,0.9131740849614144,195.04723351899497
Default,2,13733,interpolated,765,34302338.52124048,0.9235212404802442,194.95021953831883
Default,2,13733,interpolated,766,34302348.86839599,0.9338683959916234,194.87123361838462
Default,2,13733,interpolated,767,34302359.21555151,0.9442155515104532,194.79224769839357
Default,2,13733,interpolated,768,34302369.56270702,0.9545627070218324,194.71326177845935
Default,2,13733,interpolated,769,34302379.90986254,0.9649098625406624,194.6342758584683
Default,2,13733,interpolated,770,34302390.25701805,0.9752570180520416,194.5552899385341
Default,2,13733,interpolated,771,34302400.60417357,0.9856041735708714,194.47630401854303
Default,2,13733,interpolated,772,34302410.95132908,0.9959513290822506,194.39731809860882
Default,2,13733,interpolated,773,34302421.2984846,1.0062984846010805,194.31833217861777
Default,2,13733,interpolated,774,34302431.64564011,1.0166456401124597,194.23934625868355
Default,2,13733,interpolated,775,34302441.99279563,1.0269927956312894,194.1603603386925
Default,2,13733,interpolated,776,34302452.33995114,1.0373399511426686,194.0813744187583
Default,2,13733,interpolated,777,34302462.68710666,1.0476871066614986,194.00238849876723
Default,2,13733,interpolated,778,34302473.03426217,1.0580342621728778,193.85243732098706
Default,2,13733,interpolated,779,34302483.381417684,1.068381417684257,193.70027326934905
Default,2,13733,interpolated,780,34302493.7285732,1.078728573203087,193.54810921760168
Default,2,13733,interpolated,781,34302504.075728714,1.0890757287144661,193.39594516596367
Default,2,13733,interpolated,782,34302514.42288423,1.099422884233296,193.2437811142163
Default,2,13733,interpolated,783,34302524.770039745,1.1097700397446753,193.09161706257828
Default,2,13733,interpolated,784,34302535.11719526,1.120117195263505,192.86276015788326
Default,2,13733,interpolated,785,34302545.464350775,1.1304643507748842,192.51785497417063
Default,2,13733,interpolated,786,34302555.81150629,1.140811506293714,192.1729497902095
Default,2,13733,interpolated,787,34302566.158661805,1.1511586618050933,191.69654930558272
Default,2,13733,interpolated,788,34302576.505817324,1.1615058173239232,191.08789309859276
Default,2,13733,interpolated,789,34302586.852972835,1.1718529728353024,189.90245045274492
Default,2,13733,interpolated,790,34302597.200128354,1.1822001283541321,189.72999786076457
Default,2,13733,interpolated,791,34302607.547283866,1.1925472838655113,189.55754526890814
Default,2,13733,interpolated,792,34302617.894439384,1.2028944393843413,189.38509267692757
Default,2,13733,interpolated,793,34302628.241594896,1.2132415948957205,189.21264008507137
Default,2,13733,interpolated,794,34302638.588750415,1.2235887504145504,189.0401874930908
Default,2,13733,interpolated,795,34302648.935905926,1.2339359059259296,188.92850535201865
Default,2,13733,interpolated,796,34302659.283061445,1.2442830614447593,188.835287734732
Default,2,13733,interpolated,797,34302669.630216956,1.2546302169561387,188.74207011751218
Default,2,13733,interpolated,798,34302679.977372475,1.2649773724749684,188.64885250022553
Default,2,13733,interpolated,799,34302690.32452799,1.2753245279863477,188.55563488300595
Default,2,13733,interpolated,800,34302700.671683505,1.2856716835051776,188.46241726571907
Default,2,13733,interpolated,801,34302711.01883902,1.2960188390165568,188.3691996484995
Default,2,13733,interpolated,802,34302721.365994535,1.3063659945353865,188.27598203121283
Default,2,13733,interpolated,803,34302731.71315005,1.316713150046766,188.18276441399303
Default,2,13733,interpolated,804,34302742.060305566,1.3270603055655956,188.08954679670637
Default,2,13733,interpolated,805,34302752.40746108,1.3374074610769748,187.99838309096435
Default,2,13733,interpolated,806,34302762.754616596,1.3477546165958048,187.95732295001676
Default,2,13733,interpolated,807,34302773.10177211,1.358101772107184,187.9162628090985
Default,2,13733,interpolated,808,34302783.448927626,1.368448927626014,187.87520266815068
Default,2,13733,interpolated,809,34302793.79608314,1.378796083137393,187.83414252723264
Default,2,13733,interpolated,810,34302804.143238656,1.3891432386562228,187.79308238628482
Default,2,13733,interpolated,811,34302814.49039417,1.399490394167602,187.75202224536656
Default,2,13733,interpolated,812,34302824.83754969,1.409837549686432,187.71096210441897
Default,2,13733,interpolated,813,34302835.1847052,1.4201847051978111,187.6699019635007
Default,2,13733,interpolated,814,34302845.53186072,1.430531860716641,187.6288418225531
Default,2,13733,interpolated,815,34302855.87901623,1.4408790162280203,187.58778168163485
Default,2,13733,interpolated,816,34302866.22617175,1.45122617174685,187.54672154068703
Default,2,13733,interpolated,817,34302876.57332726,1.4615733272582292,187.505661399769
Default,2,13733,interpolated,818,34302886.92048278,1.4719204827770591,187.46460125882118
Default,2,13733,interpolated,819,34302897.26763829,1.4822676382884383,187.42354111790291
Default,2,13733,interpolated,820,34302907.61479381,1.4926147938072682,187.38248097695532
Default,2,13733,interpolated,821,34302917.96194932,1.5029619493186475,187.34142083603706
Default,2,13733,interpolated,822,34302928.30910484,1.5133091048374772,187.30036069508947
Default,2,13733,interpolated,823,34302938.65626035,1.5236562603488564,187.2593005541712
Default,2,13733,interpolated,824,34302949.00341587,1.5340034158676863,187.21824041322338
Default,2,13733,interpolated,825,34302959.35057138,1.5443505713790655,187.17718027230535
Default,2,13733,interpolated,826,34302969.6977269,1.5546977268978954,187.13612013135753
Default,2,13733,interpolated,827,34302980.04488241,1.5650448824092746,187.0950599904395
Default,2,13733,interpolated,828,34302990.39203793,1.5753920379281043,187.05399984949167
Default,2,13733,interpolated,829,34303000.73919344,1.5857391934394838,187.0129397085734
Default,2,13733,interpolated,830,34303011.08634896,1.5960863489583135,186.4548962339759
Default,2,13733,interpolated,831,34303021.43350447,1.6064335044696927,185.50738839225642
Default,2,13733,interpolated,832,34303031.78065999,1.6167806599885226,184.9551886822594
Default,2,13733,interpolated,833,34303042.1278155,1.6271278154999018,184.8749781744193
Default,2,13733,interpolated,834,34303052.47497102,1.6374749710187315,184.79476766652147
Default,2,13733,interpolated,835,34303062.82212653,1.647822126530111,184.71455715868137
Default,2,13733,interpolated,836,34303073.16928205,1.6581692820489407,184.6343466507833
Default,2,13733,interpolated,837,34303083.51643756,1.6685164375603199,184.5541361429432
Default,2,13733,interpolated,838,34303093.86359308,1.6788635930791498,184.47392563504536
Default,2,13733,interpolated,839,34303104.21074859,1.689210748590529,184.39371512720527
Default,2,13733,interpolated,840,34303114.55790411,1.699557904109359,184.3135046193072
Default,2,13733,interpolated,841,34303124.90505962,1.7099050596207381,184.2332941114671
Default,2,13733,interpolated,842,34303135.25221514,1.7202522151395678,184.15308360356926
Default,2,13733,interpolated,843,34303145.59937065,1.730599370650947,184.07287309572916
Default,2,13733,interpolated,844,34303155.94652617,1.740946526169777,183.86478197574615
Default,2,13733,interpolated,845,34303166.29368168,1.7512936816811562,182.9818064335543
Default,2,13733,interpolated,846,34303176.6408372,1.761640837199986,182.9379625542374
Default,2,13733,interpolated,847,34303186.98799271,1.7719879927113653,182.89411867495187
Default,2,13733,interpolated,848,34303197.33514823,1.782335148230195,182.85027479563473
Default,2,13733,interpolated,849,34303207.68230374,1.7926823037415742,182.8064309163492
Default,2,13733,interpolated,850,34303218.02945926,1.8030294592604041,182.7625870370323
Default,2,13733,interpolated,851,34303228.37661477,1.8133766147717834,182.71874315774676
Default,2,13733,interpolated,852,34303238.72377029,1.8237237702906133,182.67489927842962
Default,2,13733,interpolated,853,34303249.0709258,1.8340709258019925,182.6310553991441
Default,2,13733,interpolated,854,34303259.41808132,1.8444180813208222,182.58721151982695
Default,2,13733,interpolated,855,34303269.76523683,1.8547652368322016,182.54336764054142
Default,2,13733,interpolated,856,34303280.11239235,1.8651123923510313,182.4995237612245
Default,2,13733,interpolated,857,34303290.45954786,1.8754595478624105,182.45567988193898
Default,2,13733,interpolated,858,34303300.80670338,1.8858067033812405,182.41183600262184
Default,2,13733,interpolated,859,34303311.15385889,1.8961538588926197,182.3679921233363
Default,2,13733,interpolated,860,34303321.50101441,1.9065010144114494,182.32414824401917
Default,2,13733,interpolated,861,34303331.84816992,1.9168481699228288,182.28030436473387
Default,2,13733,interpolated,862,34303342.19532544,1.9271953254416585,182.23646048541673
Default,2,13733,interpolated,863,34303352.54248095,1.9375424809530377,182.1926166061312
Default,2,13733,interpolated,864,34303362.88963647,1.9478896364718676,182.14877272681406
Default,2,13733,interpolated,865,34303373.23679198,1.9582367919832468,182.10492884752853
Default,2,13733,interpolated,866,34303383.5839475,1.9685839475020768,182.06108496821162
Default,2,13733,interpolated,867,34303393.93110301,1.978931103013456,182.01724108892608
Default,2,13733,interpolated,868,34303404.27825853,1.9892782585322857,181.66956534040605
Default,2,13733,interpolated,869,34303414.62541404,1.999625414043665,181.12497820822819
Default,2,13733,interpolated,870,34303424.97256956,2.009972569562495,180.7845251469596
Default,2,13733,interpolated,871,34303435.319725074,2.020319725073874,180.50487229530063
Default,2,13733,interpolated,872,34303445.66688059,2.0306668805927037,180.22521944344044
Default,2,13733,interpolated,873,34303456.014036104,2.041014036104083,179.9652752395848
Default,2,13733,interpolated,874,34303466.36119162,2.051361191622913,179.78687600650142
Default,2,13733,interpolated,875,34303476.708347134,2.0617083471342923,179.60847677354673
Default,2,13733,interpolated,876,34303487.05550265,2.072055502653122,179.43007754046334
Default,2,13733,interpolated,877,34303497.402658165,2.082402658164501,179.25167830750866
Default,2,13733,interpolated,878,34303507.74981368,2.092749813683331,179.07327907442527
Default,2,13733,interpolated,879,34303518.096969195,2.10309696919471,178.6189394253306
Default,2,13733,interpolated,880,34303528.44412471,2.1134441247135403,177.97039168576407
Default,2,13733,interpolated,881,34303538.791280225,2.1237912802249195,177.28058131833882
Default,2,13733,interpolated,882,34303549.138435744,2.134138435743749,176.12308060803593
Default,2,13733,interpolated,883,34303559.485591255,2.1444855912551284,175.779404854532
Default,2,13733,interpolated,884,34303569.832746774,2.154832746773958,175.53877333083824
Default,2,13733,interpolated,885,34303580.179902285,2.1651799022853373,175.29814180731773
Default,2,13733,interpolated,886,34303590.527057804,2.1755270578041674,175.05751028362397
Default,2,13733,interpolated,887,34303600.874213316,2.1858742133155467,174.2125786684453
Default,2,13733,interpolated,888,34303611.221368834,2.1962213688343764,173.95163900685657
Default,2,13733,interpolated,889,34303621.568524346,2.2065685243457556,173.89077338620154
Default,2,13733,interpolated,890,34303631.91567986,2.216915679857135,173.8299077655463
Default,2,13733,interpolated,891,34303642.262835376,2.2272628353759645,173.76904214484716
Default,2,13733,interpolated,892,34303652.60999089,2.237609990887344,173.70817652419214
Default,2,13733,interpolated,893,34303662.957146406,2.247957146406174,173.647310903493
Default,2,13733,interpolated,894,34303673.30430192,2.258304301917553,173.58644528283799
Default,2,13733,interpolated,895,34303683.65145744,2.2686514574363827,173.52557966213885
Default,2,13733,interpolated,896,34303693.99861295,2.278998612947762,173.46471404148383
Default,2,13733,interpolated,897,34303704.34576847,2.289345768466592,173.4038484207847
Default,2,13733,interpolated,898,34303714.69292398,2.2996929239779713,173.34298280012968
Default,2,13733,interpolated,899,34303725.0400795,2.310040079496801,173.28211717943054
Default,2,13733,interpolated,900,34303735.38723501,2.3203872350081802,173.22125155877552
Default,2,13733,interpolated,901,34303745.73439053,2.33073439052701,173.1603859380764
Default,2,13733,interpolated,902,34303756.08154604,2.341081546038389,173.09952031742114
Default,2,13733,interpolated,903,34303766.42870156,2.3514287015572193,173.03865469672223
Default,2,13733,interpolated,904,34303776.77585707,2.3617758570685985,172.9653591094625
Default,2,13733,interpolated,905,34303787.12301259,2.372123012587428,172.87043107717955
Default,2,13733,interpolated,906,34303797.4701681,2.3824701680988074,172.77550304496503
Default,2,13733,interpolated,907,34303807.81732362,2.392817323617637,172.6805750126823
Default,2,13733,interpolated,908,34303818.16447913,2.4031644791290163,172.5856469804678
Default,2,13733,interpolated,909,34303828.51163465,2.4135116346478465,172.49071894818485
Default,2,13733,interpolated,910,34303838.85879016,2.4238587901592257,172.39579091597034
Default,2,13733,interpolated,911,34303849.20594568,2.4342059456780554,172.3008628836876
Default,2,13733,interpolated,912,34303859.55310119,2.4445531011894346,172.2059348514731
Default,2,13733,interpolated,913,34303869.90025671,2.4549002567082643,172.11100681919015
Default,2,13733,interpolated,914,34303880.24741222,2.4652474122196435,172.01607878697564
Default,2,13733,interpolated,915,34303890.59456774,2.4755945677384736,170.96345679241585
Default,2,13733,interpolated,916,34303900.94172325,2.485941723249853,170.8177222077486
Default,2,13733,interpolated,917,34303911.28887877,2.4962888787686826,170.6719876229763
Default,2,13733,interpolated,918,34303921.63603428,2.5066360342800618,170.52625303830905
Default,2,13733,interpolated,919,34303931.9831898,2.5169831897988915,170.38051845353675
Default,2,13733,interpolated,920,34303942.33034531,2.5273303453102707,170.2347838688695
Default,2,13733,interpolated,921,34303952.67750083,2.537677500829101,170.0890492840972
Default,2,13733,interpolated,922,34303963.02465634,2.54802465634048,169.97040693867302
Default,2,13733,interpolated,923,34303973.37181186,2.5583718118593097,169.89432491279922
Default,2,13733,interpolated,924,34303983.71896737,2.568718967370689,169.81824288698022
Default,2,13733,interpolated,925,34303994.06612289,2.5790661228895186,169.7421608611064
Default,2,13733,interpolated,926,34304004.4132784,2.589413278400898,169.6660788352874
Default,2,13733,interpolated,927,34304014.76043392,2.599760433919728,169.58999680941383
Default,2,13733,interpolated,928,34304025.10758943,2.610107589431107,169.51391478359483
Default,2,13733,interpolated,929,34304035.45474495,2.620454744949937,169.43783275772103
Default,2,13733,interpolated,930,34304045.80190046,2.630801900461316,169.36175073190202
Default,2,13733,interpolated,931,34304056.14905598,2.641149055980146,169.28566870602845
Default,2,13733,interpolated,932,34304066.49621149,2.651496211491525,169.20958668020944
Default,2,13733,interpolated,933,34304076.84336701,2.661843367010355,169.13350465433564
Default,2,13733,interpolated,934,34304087.19052252,2.6721905225217344,169.05742262851663
Default,2,13733,interpolated,935,34304097.53767804,2.682537678040564,168.8984928783775
Default,2,13733,interpolated,936,34304107.88483355,2.6928848335519433,168.4846066579223
Default,2,13733,interpolated,937,34304118.23198907,2.703231989070773,168.07072043716903
Default,2,13733,interpolated,938,34304128.57914458,2.713579144582152,167.82126782120508
Default,2,13733,interpolated,939,34304138.9263001,2.7239263001009824,167.60570208122954
Default,2,13733,interpolated,940,34304149.27345561,2.7342734556123616,167.39013634140906
Default,2,13733,interpolated,941,34304159.62061113,2.7446206111311913,167.17457060143352
Default,2,13733,interpolated,942,34304169.96776664,2.7549677666425705,166.977890262443
Default,2,13733,interpolated,943,34304180.31492216,2.7653149221614,166.8616300880742
Default,2,13733,interpolated,944,34304190.66207767,2.77566207767278,166.7453699137891
Default,2,13733,interpolated,945,34304201.00923319,2.7860092331916095,166.62910973942007
Default,2,13733,interpolated,946,34304211.3563887,2.7963563887029887,166.51284956513496
Default,2,13733,interpolated,947,34304221.70354422,2.8067035442218184,166.39658939076617
Default,2,13733,interpolated,948,34304232.05069973,2.8170506997331977,166.28032921648082
Default,2,13733,interpolated,949,34304242.39785525,2.8273978552520274,166.16406904211203
Default,2,13733,interpolated,950,34304252.74501076,2.837745010763407,166.04780886782692
Default,2,13733,interpolated,951,34304263.09216628,2.8480921662822367,165.796927790592
Default,2,13733,interpolated,952,34304273.43932179,2.858439321793616,165.45202260687938
Default,2,13733,interpolated,953,34304283.78647731,2.8687864773124456,165.10711742291846
Default,2,13733,interpolated,954,34304294.133632824,2.879133632823825,164.9410443568279
Default,2,13733,interpolated,955,34304304.48078834,2.889480788342655,164.85553067485398
Default,2,13733,interpolated,956,34304314.827943854,2.899827943854034,164.77001699294192
Default,2,13733,interpolated,957,34304325.17509937,2.910175099372864,164.684503310968
Default,2,13733,interpolated,958,34304335.522254884,2.920522254884243,164.59898962905595
Default,2,13733,interpolated,959,34304345.8694104,2.930869410403073,164.51347594708204
Default,2,13733,interpolated,960,34304356.216565914,2.941216565914452,164.42796226516975
Default,2,13733,interpolated,961,34304366.56372143,2.951563721433282,164.34244858319607
Default,2,13733,interpolated,962,34304376.910876945,2.9619108769446614,164.25693490128378
Default,2,13733,interpolated,963,34304387.25803246,2.972258032463491,164.1714212193101
Default,2,13733,interpolated,964,34304397.605187975,2.9826051879748703,164.08590753739782
Default,2,13733,interpolated,965,34304407.95234349,2.9929523434937,164.0003938554239
Default,2,13733,interpolated,966,34304418.299499005,3.003299499005079,163.79401001989845
Default,2,13733,interpolated,967,34304428.646654524,3.0136466545239093,163.5870669095218
Default,2,13733,interpolated,968,34304438.993810035,3.0239938100352886,163.38012379929432
Default,2,13733,interpolated,969,34304449.340965554,3.0343409655541183,163.17318068891768
Default,2,13733,interpolated,970,34304459.688121065,3.0446881210654975,162.98604858623548
Default,2,13733,interpolated,971,34304470.035276584,3.055035276584327,162.9005349042618
Default,2,13733,interpolated,972,34304480.382432096,3.0653824320957064,162.81502122234951
Default,2,13733,interpolated,973,34304490.729587615,3.0757295876145365,162.72950754037583
Default,2,13733,interpolated,974,34304501.076743126,3.0860767431259157,162.64399385846355
Default,2,13733,interpolated,975,34304511.423898645,3.0964238986447454,162.55848017648964
Default,2,13733,interpolated,976,34304521.771054156,3.1067710541561246,162.47296649457758
Default,2,13733,interpolated,977,34304532.118209675,3.1171182096749543,162.38745281260367
Default,2,13733,interpolated,978,34304542.46536519,3.1274653651863336,162.30193913069138
Default,2,13733,interpolated,979,34304552.812520705,3.1378125207051637,162.2164254487177
Default,2,13733,interpolated,980,34304563.15967622,3.148159676216543,162.1309117668054
Default,2,13733,interpolated,981,34304573.506831735,3.1585068317353726,162.04539808483173
Default,2,13733,interpolated,982,34304583.85398725,3.168853987246752,161.86881115549318
Default,2,13733,interpolated,983,34304594.201142766,3.1792011427655815,161.58915830363298
Default,2,13733,interpolated,984,34304604.54829828,3.1895482982769607,161.30950545197402
Default,2,13733,interpolated,985,34304614.895453796,3.199895453795791,161.02985260011383
Default,2,13733,interpolated,986,34304625.24260931,3.21024260930717,160.73592544836652
Default,2,13733,interpolated,987,34304635.589764826,3.220589764826,160.44029243354294
Default,2,13733,interpolated,988,34304645.93692034,3.230936920337379,160.14465941893195
Default,2,13733,interpolated,989,34304656.284075856,3.2412840758562087,159.79676631322263
Default,2,13733,interpolated,990,34304666.63123137,3.251631231367588,159.3987987935543
Default,2,13733,interpolated,991,34304676.97838689,3.261978386886418,159.00083127359926
Default,2,13733,interpolated,992,34304687.3255424,3.2723255423977973,158.6312306286502
Default,2,13733,interpolated,993,34304697.67269792,3.282672697916627,158.2616893601205
Default,2,13733,interpolated,994,34304708.01985343,3.293019853428006,157.79867643813282
Default,2,13733,interpolated,995,34304718.36700895,3.303367008946836,157.10886607021098
Default,2,13733,interpolated,996,34304728.71416446,3.313714164458215,156.6211232844255
Default,2,13733,interpolated,997,34304739.06131998,3.3240613199770452,156.17124695751977
Default,2,13733,interpolated,998,34304749.40847549,3.3344084754884245,155.94789857326487
Default,2,13733,interpolated,999,34304759.75563101,3.344755631007254,155.8637753576645
Default,2,13733,interpolated,1000,34304770.10278652,3.3551027865186334,155.77965214212486
Default,2,13733,interpolated,1001,34304780.44994204,3.365449942037463,155.69552892652473
Default,2,13733,interpolated,1002,34304790.79709755,3.3757970975488427,155.61140571098508
Default,2,13733,interpolated,1003,34304801.14425306,3.386144253060222,155.52728249544543
Default,2,13733,interpolated,1004,34304811.49140858,3.3964914085790516,155.44315927984508
Default,2,13733,interpolated,1005,34304821.83856409,3.406838564090431,155.35903606430543
Default,2,13733,interpolated,1006,34304832.18571961,3.4171857196092605,155.2749128487053
Default,2,13733,interpolated,1007,34304842.53287512,3.4275328751206398,155.19078963316542
Default,2,13733,interpolated,1008,34304852.88003064,3.43788003063947,155.1066664175653
Default,2,13733,interpolated,1009,34304863.22718615,3.448227186150849,155.02254320202564
Default,2,13733,interpolated,1010,34304873.57434167,3.458574341669679,154.932970427702
Default,2,13733,interpolated,1011,34304883.92149718,3.468921497181058,154.84140267981365
Default,2,13733,interpolated,1012,34304894.2686527,3.4792686526998877,154.74983493185937
Default,2,13733,interpolated,1013,34304904.61580821,3.489615808211267,154.65826718397102
Default,2,13733,interpolated,1014,34304914.96296373,3.499962963730097,154.56669943601673
Default,2,13733,interpolated,1015,34304925.31011924,3.5103101192414763,154.4751316881286
Default,2,13733,interpolated,1016,34304935.65727476,3.520657274760306,154.38356394017433
Default,2,13733,interpolated,1017,34304946.00443027,3.531004430271685,154.29199619228598
Default,2,13733,interpolated,1018,34304956.35158579,3.541351585790515,154.2004284443317
Default,2,13733,interpolated,1019,34304966.6987413,3.551698741301894,154.10886069644334
Default,2,13733,interpolated,1020,34304977.04589682,3.5620458968207243,154.01729294848906
Default,2,13733,interpolated,1021,34304987.39305233,3.5723930523321035,153.80481273646274
Default,2,13733,interpolated,1022,34304997.74020785,3.582740207850933,153.56418121276897
Default,2,13733,interpolated,1023,34305008.08736336,3.5930873633623124,153.32354968924847
Default,2,13733,interpolated,1024,34305018.43451888,3.603434518881142,153.08291816555493
Default,2,13733,interpolated,1025,34305028.78167439,3.6137816743925213,152.82611091301237
Default,2,13733,interpolated,1026,34305039.12882991,3.6241288299113514,152.5607992330422
Default,2,13733,interpolated,1027,34305049.47598542,3.6344759854227306,152.29548755326323
Default,2,13733,interpolated,1028,34305059.82314094,3.6448231409415603,152.03017587329327
Default,2,13733,interpolated,1029,34305070.17029645,3.6551702964529396,151.84966727126334
Default,2,13733,interpolated,1030,34305080.51745197,3.6655174519717693,151.68004177095463
Default,2,13733,interpolated,1031,34305090.86460748,3.6758646074831485,151.51041627076802
Default,2,13733,interpolated,1032,34305101.211763,3.6862117630019786,151.3407907704593
Default,2,13733,interpolated,1033,34305111.55891851,3.696558918513358,151.17116527027292
Default,2,13733,interpolated,1034,34305121.90607403,3.7069060740321875,151.0015397699642
Default,2,13733,interpolated,1035,34305132.25322954,3.7172532295435667,150.78184617992406
Default,2,13733,interpolated,1036,34305142.60038506,3.7276003850623964,150.56169393484265
Default,2,13733,interpolated,1037,34305152.947540574,3.7379475405737757,150.34154168991972
Default,2,13733,interpolated,1038,34305163.29469609,3.748294696092606,150.1213894448381
Default,2,13733,interpolated,1039,34305173.641851604,3.758641851603985,148.83446129072786
Default,2,13733,interpolated,1040,34305183.98900712,3.7689890071228147,148.36413603987216
Default,2,13733,interpolated,1041,34305194.336162634,3.779336162634194,147.988980364933
Default,2,13733,interpolated,1042,34305204.68331815,3.7896833181530236,147.94017302758016
Default,2,13733,interpolated,1043,34305215.030473664,3.800030473664403,147.89136569026232
Default,2,13733,interpolated,1044,34305225.37762918,3.810377629183233,147.84255835290924
Default,2,13733,interpolated,1045,34305235.724784695,3.820724784694612,147.7937510155914
Default,2,13733,interpolated,1046,34305246.07194021,3.831071940213442,147.74494367823854
Default,2,13733,interpolated,1047,34305256.419095725,3.841419095724821,147.6961363409207
Default,2,13733,interpolated,1048,34305266.76625124,3.851766251243651,147.64732900356762
Default,2,13733,interpolated,1049,34305277.113406755,3.8621134067550305,147.59852166624978
Default,2,13733,interpolated,1050,34305287.460562274,3.87246056227386,147.54971432889693
Default,2,13733,interpolated,1051,34305297.807717785,3.8828077177852394,147.5009069915791
Default,2,13733,interpolated,1052,34305308.154873304,3.893154873304069,147.452099654226
Default,2,13733,interpolated,1053,34305318.502028815,3.9035020288154483,147.40329231690816
Default,2,13733,interpolated,1054,34305328.849184334,3.913849184334278,147.3544849795553
Default,2,13733,interpolated,1055,34305339.196339846,3.9241963398456576,147.30567764223747
Default,2,13733,interpolated,1056,34305349.543495364,3.9345434953644873,147.2568703048844
Default,2,13733,interpolated,1057,34305359.890650876,3.9448906508758665,147.20806296756678
Default,2,13733,interpolated,1058,34305370.237806395,3.9552378063946962,147.1592556302137
Default,2,13733,interpolated,1059,34305380.584961906,3.9655849619060755,147.11044829289585
Default,2,13733,interpolated,1060,34305390.932117425,3.9759321174249056,147.061640955543
Default,2,13733,interpolated,1061,34305401.27927294,3.986279272936285,147.01283361822516
Default,2,13733,interpolated,1062,34305411.626428455,3.9966264284551145,146.23735715448856
Default,2,13733,interpolated,1063,34305421.97358397,4.006973583966493,145.71522914405386
Default,2,13733,interpolated,1064,34305432.320739485,4.017320739485323,145.34568787552416
Default,2,13733,interpolated,1065,34305442.667895,4.027667894996703,144.98242381587625
Default,2,13733,interpolated,1066,34305453.015050516,4.038015050515533,144.7101302495912
Default,2,13733,interpolated,1067,34305463.36220603,4.048362206026912,144.43783668350238
Default,2,13733,interpolated,1068,34305473.709361546,4.058709361545741,144.16554311721734
Default,2,13733,interpolated,1069,34305484.05651706,4.0690565170571205,142.99646768392995
Default,2,13733,interpolated,1070,34305494.403672576,4.079403672575951,142.3497704640031
Default,2,13733,interpolated,1071,34305504.75082809,4.08975082808733,141.86026976213725
Default,2,13733,interpolated,1072,34305515.097983606,4.10009798360616,141.55594165864227
Default,2,13733,interpolated,1073,34305525.44513912,4.110445139117539,141.25161355536648
Default,2,13733,interpolated,1074,34305535.79229464,4.120792294636368,140.9732493337856
Default,2,13733,interpolated,1075,34305546.13945015,4.131139450147748,140.8188141768992
Default,2,13733,interpolated,1076,34305556.48660567,4.141486605666578,140.66437901990184
Default,2,13733,interpolated,1077,34305566.83376118,4.151833761177957,140.50994386301568
Default,2,13733,interpolated,1078,34305577.1809167,4.162180916696787,140.3555087060181
Default,2,13733,interpolated,1079,34305587.52807221,4.172528072208166,140.20107354913193
Default,2,13733,interpolated,1080,34305597.87522773,4.182875227726996,140.04663839213435
Default,2,13733,interpolated,1081,34305608.22238324,4.193222383238376,139.79364619318926
Default,2,13733,interpolated,1082,34305618.56953876,4.203569538757205,139.49801317836568
Default,2,13733,interpolated,1083,34305628.91669427,4.213916694268584,139.2023801637547
Default,2,13733,interpolated,1084,34305639.26384979,4.224263849787414,138.9240965165718
Default,2,13733,interpolated,1085,34305649.6110053,4.2346110052987935,138.6834649930513
Default,2,13733,interpolated,1086,34305659.95816082,4.244958160817623,138.44283346935754
Default,2,13733,interpolated,1087,34305670.30531633,4.255305316329003,138.20220194583726
Default,2,13733,interpolated,1088,34305680.65247185,4.265652471847832,137.97984790429473
Default,2,13733,interpolated,1089,34305690.99962736,4.275999627359211,137.85366308098514
Default,2,13733,interpolated,1090,34305701.34678288,4.2863467828780415,137.72747825758483
Default,2,13733,interpolated,1091,34305711.69393839,4.296693938389421,137.60129343427525
Default,2,13733,interpolated,1092,34305722.04109391,4.307041093908251,137.47510861087494
Default,2,13733,interpolated,1093,34305732.38824942,4.31738824941963,137.34892378756558
Default,2,13733,interpolated,1094,34305742.73540494,4.327735404938459,137.22273896416505
Default,2,13733,interpolated,1095,34305753.08256045,4.3380825604498385,137.0965541408557
Default,2,13733,interpolated,1096,34305763.42971597,4.348429715968669,136.97849808877277
Default,2,13733,interpolated,1097,34305773.77687148,4.358776871480048,136.88693034088465
Default,2,13733,interpolated,1098,34305784.124027,4.369124026998878,136.79536259293036
Default,2,13733,interpolated,1099,34305794.47118251,4.379471182510257,136.703794845042
Default,2,13733,interpolated,1100,34305804.81833803,4.3898183380290865,136.61222709708773
Default,2,13733,interpolated,1101,34305815.16549354,4.400165493540466,136.52065934919938
Default,2,13733,interpolated,1102,34305825.51264906,4.410512649059296,136.4290916012451
Default,2,13733,interpolated,1103,34305835.85980457,4.420859804570675,136.33752385335697
Default,2,13733,interpolated,1104,34305846.20696009,4.431206960089505,136.24595610540268
Default,2,13733,interpolated,1105,34305856.5541156,4.441554115600884,136.15438835751434
Default,2,13733,interpolated,1106,34305866.90127112,4.451901271119714,136.06282060956005
Default,2,13733,interpolated,1107,34305877.24842663,4.462248426631093,134.9828364379307
Default,2,13733,interpolated,1108,34305887.59558215,4.472595582149923,134.90385051793942
Default,2,13733,interpolated,1109,34305897.94273766,4.482942737661302,134.82486459800543
Default,2,13733,interpolated,1110,34305908.28989318,4.493289893180132,134.74587867801415
Default,2,13733,interpolated,1111,34305918.63704869,4.503637048691512,134.66689275808017
Default,2,13733,interpolated,1112,34305928.98420421,4.513984204210341,134.5879068380891
Default,2,13733,interpolated,1113,34305939.33135972,4.52433135972172,134.5089209181549
Default,2,13733,interpolated,1114,34305949.67851524,4.53467851524055,134.42993499816384
Default,2,13733,interpolated,1115,34305960.02567075,4.545025670751929,134.35094907822963
Default,2,13733,interpolated,1116,34305970.37282626,4.555372826263309,134.27196315829542
Default,2,13733,interpolated,1117,34305980.71998178,4.565719981782139,134.19297723830437
Default,2,13733,interpolated,1118,34305991.06713729,4.576067137293518,134.11399131837015
Default,2,13733,interpolated,1119,34306001.41429281,4.586414292812347,134.0350053983791
Default,2,13733,interpolated,1120,34306011.761448324,4.5967614483237265,133.95568116674053
Default,2,13733,interpolated,1121,34306022.10860384,4.607108603842557,133.87608766274957
Default,2,13733,interpolated,1122,34306032.455759354,4.617455759353936,133.7964941588159
Default,2,13733,interpolated,1123,34306042.80291487,4.627802914872766,133.71690065482494
Default,2,13733,interpolated,1124,34306053.150070384,4.638150070384145,133.63730715089127
Default,2,13733,interpolated,1125,34306063.4972259,4.648497225902974,133.55771364690008
Default,2,13733,interpolated,1126,34306073.844381414,4.658844381414354,133.47812014296642
Default,2,13733,interpolated,1127,34306084.19153693,4.669191536933184,133.39852663897545
Default,2,13733,interpolated,1128,34306094.538692445,4.679538692444563,133.3189331350418
Default,2,13733,interpolated,1129,34306104.88584796,4.689885847963393,133.23933963105083
Default,2,13733,interpolated,1130,34306115.233003475,4.700233003474772,133.15974612711716
Default,2,13733,interpolated,1131,34306125.58015899,4.710580158993602,133.0801526231262
Default,2,13733,interpolated,1132,34306135.927314505,4.720927314504981,133.00055911919253
Default,2,13733,interpolated,1133,34306146.274470024,4.731274470023811,132.91218401689048
Default,2,13733,interpolated,1134,34306156.621625535,4.74162162553519,132.8237467902975
Default,2,13733,interpolated,1135,34306166.968781054,4.75196878105402,132.73530956364084
Default,2,13733,interpolated,1136,34306177.315936565,4.7623159365653995,132.64687233704785
Default,2,13733,interpolated,1137,34306187.663092084,4.772663092084229,132.5584351103912
Default,2,13733,interpolated,1138,34306198.010247596,4.783010247595608,132.46999788379821
Default,2,13733,interpolated,1139,34306208.357403114,4.793357403114438,132.38156065714156
Default,2,13733,interpolated,1140,34306218.704558626,4.803704558625817,132.29312343054858
Default,2,13733,interpolated,1141,34306229.051714145,4.8140517141446475,132.20468620389192
Default,2,13733,interpolated,1142,34306239.398869656,4.824398869656027,132.11624897729894
Default,2,13733,interpolated,1143,34306249.746025175,4.834746025174856,132.0278117506423
Default,2,13733,interpolated,1144,34306260.093180686,4.845093180686235,131.69160083972884
Default,2,13733,interpolated,1145,34306270.440336205,4.855440336205065,131.24172451282334
Default,2,13733,interpolated,1146,34306280.78749172,4.8657874917164445,130.31607261193653
Default,2,13733,interpolated,1147,34306291.134647235,4.876134647235275,129.26048661497498
Default,2,13733,interpolated,1148,34306301.48180275,4.886481802746654,128.91197879121592
Default,2,13733,interpolated,1149,34306311.828958265,4.896828958265483,128.79024754981788
Default,2,13733,interpolated,1150,34306322.17611378,4.907176113776862,128.6685163085076
Default,2,13733,interpolated,1151,34306332.523269296,4.9175232692956925,128.54678506710957
Default,2,13733,interpolated,1152,34306342.87042481,4.927870424807072,128.42505382579907
Default,2,13733,interpolated,1153,34306353.217580326,4.938217580325902,128.30332258440126
Default,2,13733,interpolated,1154,34306363.56473584,4.948564735837281,128.18159134309076
Default,2,13733,interpolated,1155,34306373.911891356,4.95891189135611,128.05986010169272
Default,2,13733,interpolated,1156,34306384.25904687,4.9692590468674895,127.9760952415113
Default,2,13733,interpolated,1157,34306394.60620239,4.97960620238632,127.92906271642573
Default,2,13733,interpolated,1158,34306404.9533579,4.989953357897699,127.88203019137404
Default,2,13733,interpolated,1159,34306415.30051342,5.000300513416529,127.83499766628847
Default,2,13733,interpolated,1160,34306425.64766893,5.010647668927908,127.78796514123678
Default,2,13733,interpolated,1161,34306435.99482445,5.0209948244467375,127.74093261615121
Default,2,13733,interpolated,1162,34306446.34197996,5.031341979958117,127.69390009109952
Default,2,13733,interpolated,1163,34306456.68913548,5.041689135476947,127.64686756601395
Default,2,13733,interpolated,1164,34306467.03629099,5.052036290988326,127.59983504096226
Default,2,13733,interpolated,1165,34306477.38344651,5.062383446507156,127.55280251587646
Default,2,13733,interpolated,1166,34306487.73060202,5.072730602018535,127.50576999082477
Default,2,13733,interpolated,1167,34306498.07775754,5.083077757537365,127.4587374657392
Default,2,13733,interpolated,1168,34306508.42491305,5.093424913048744,127.41170494068751
Default,2,13733,interpolated,1169,34306518.77206857,5.103772068567574,127.36467241560194
Default,2,13733,interpolated,1170,34306529.11922408,5.114119224078953,127.31763989055025
Default,2,13733,interpolated,1171,34306539.4663796,5.124466379597783,127.27060736546468
Default,2,13733,interpolated,1172,34306549.81353511,5.134813535109163,127.223574840413
Default,2,13733,interpolated,1173,34306560.16069063,5.145160690627992,127.1765423153272
Default,2,13733,interpolated,1174,34306570.50784614,5.155507846139371,127.1295097902755
Default,2,13733,interpolated,1175,34306580.85500166,5.165855001658201,127.08247726518994
Default,2,13733,interpolated,1176,34306591.20215717,5.17620215716958,127.03544474013825
Default,2,13733,interpolated,1177,34306601.54931269,5.186549312688411,126.80389902396837
Default,2,13733,interpolated,1178,34306611.8964682,5.19689646819979,126.00796398463149
Default,2,13733,interpolated,1179,34306622.24362372,5.207243623718619,125.96288542130924
Default,2,13733,interpolated,1180,34306632.59077923,5.217590779229998,125.92539572742749
Default,2,13733,interpolated,1181,34306642.93793475,5.227937934748828,125.88790603351868
Default,2,13733,interpolated,1182,34306653.28509026,5.238285090260208,125.85041633963692
Default,2,13733,interpolated,1183,34306663.63224578,5.248632245779038,125.81292664572811
Default,2,13733,interpolated,1184,34306673.97940129,5.258979401290417,125.77543695184636
Default,2,13733,interpolated,1185,34306684.32655681,5.269326556809246,125.73794725793755
Default,2,13733,interpolated,1186,34306694.67371232,5.279673712320626,125.7004575640558
Default,2,13733,interpolated,1187,34306705.02086784,5.290020867839456,125.66296787014699
Default,2,13733,interpolated,1188,34306715.36802335,5.300368023350835,125.625478176265
Default,2,13733,interpolated,1189,34306725.71517887,5.310715178869665,125.5879884823562
Default,2,13733,interpolated,1190,34306736.06233438,5.321062334381044,125.55049878847444
Default,2,13733,interpolated,1191,34306746.4094899,5.331409489899874,125.51300909456563
Default,2,13733,interpolated,1192,34306756.75664541,5.3417566454112535,125.47551940068388
Default,2,13733,interpolated,1193,34306767.10380093,5.352103800930083,125.43802970677507
Default,2,13733,interpolated,1194,34306777.45095644,5.362450956441462,125.40054001289332
Default,2,13733,interpolated,1195,34306787.79811196,5.372798111960292,125.3630503189845
Default,2,13733,interpolated,1196,34306798.14526747,5.383145267471671,125.32556062510275
Default,2,13733,interpolated,1197,34306808.49242299,5.3934924229905015,125.28807093119394
Default,2,13733,interpolated,1198,34306818.8395785,5.403839578501881,125.25058123731196
Default,2,13733,interpolated,1199,34306829.18673402,5.41418673402071,125.21309154340315
Default,2,13733,interpolated,1200,34306839.53388953,5.424533889532089,125.1756018495214
Default,2,13733,interpolated,1201,34306849.88104505,5.434881045050919,125.13811215561259
Default,2,13733,interpolated,1202,34306860.22820056,5.4452282005622985,125.10062246173084
Default,2,13733,interpolated,1203,34306870.57535608,5.455575356081129,125.06313276782203
Default,2,13733,interpolated,1204,34306880.92251159,5.465922511592508,125.02564307394027
Default,2,13733,interpolated,1205,34306891.26966711,5.476269667111337,124.95045958922219
Default,2,13733,interpolated,1206,34306901.61682262,5.486616822622716,124.79368450571633
Default,2,13733,interpolated,1207,34306911.96397814,5.4969639781415465,124.63690942209769
Default,2,13733,interpolated,1208,34306922.31113365,5.507311133652926,124.48013433859205
Default,2,13733,interpolated,1209,34306932.65828917,5.517658289171756,124.32335925497341
Default,2,13733,interpolated,1210,34306943.00544468,5.528005444683135,124.16658417146755
Default,2,13733,interpolated,1211,34306953.3526002,5.538352600201964,124.00980908784913
Default,2,13733,interpolated,1212,34306963.69975571,5.5486997557133435,123.91779868039544
Default,2,13733,interpolated,1213,34306974.04691123,5.559046911232174,123.83011092176116
Default,2,13733,interpolated,1214,34306984.39406674,5.569394066743553,123.74242316319032
Default,2,13733,interpolated,1215,34306994.74122226,5.579741222262383,123.65473540455605
Default,2,13733,interpolated,1216,34307005.088377774,5.590088377773762,123.56704764598499
Default,2,13733,interpolated,1217,34307015.43553329,5.6004355332925915,123.47935988735094
Default,2,13733,interpolated,1218,34307025.782688804,5.610782688803971,123.39167212877987
Default,2,13733,interpolated,1219,34307036.12984432,5.621129844322801,123.30398437014583
Default,2,13733,interpolated,1220,34307046.476999834,5.63147699983418,123.21629661157476
Default,2,13733,interpolated,1221,34307056.82415535,5.64182415535301,123.12860885294049
Default,2,13733,interpolated,1222,34307067.171310864,5.652171310864389,123.04092109436965
Default,2,13733,interpolated,1223,34307077.51846638,5.662518466383219,122.97125798758748
Default,2,13733,interpolated,1224,34307087.865621895,5.672865621894598,122.9173665526323
Default,2,13733,interpolated,1225,34307098.21277741,5.683212777413428,122.86347511763847
Default,2,13733,interpolated,1226,34307108.559932925,5.693559932924807,122.8095836826833
Default,2,13733,interpolated,1227,34307118.907088436,5.703907088436186,122.75569224772812
Default,2,13733,interpolated,1228,34307129.254243955,5.714254243955017,122.70180081273429
Default,2,13733,interpolated,1229,34307139.60139947,5.724601399466396,122.64790937777911
Default,2,13733,interpolated,1230,34307149.948554985,5.734948554985225,122.59401794278529
Default,2,13733,interpolated,1231,34307160.2957105,5.745295710496604,122.54012650783011
Default,2,13733,interpolated,1232,34307170.642866015,5.755642866015434,122.48623507283628
Default,2,13733,interpolated,1233,34307180.99002153,5.765990021526814,122.4323436378811
Default,2,13733,interpolated,1234,34307191.337177046,5.776337177045644,122.37845220288727
Default,2,13733,interpolated,1235,34307201.68433256,5.786684332557023,122.3245607679321
Default,2,13733,interpolated,1236,34307212.031488076,5.797031488075852,122.27066933293827
Default,2,13733,interpolated,1237,34307222.37864359,5.807378643587231,122.21677789798309
Default,2,13733,interpolated,1238,34307232.725799106,5.817725799106062,122.16288646298926
Default,2,13733,interpolated,1239,34307243.07295462,5.828072954617441,122.10899502803409
Default,2,13733,interpolated,1240,34307253.420110136,5.838420110136271,122.05510359304026
Default,2,13733,interpolated,1241,34307263.76726565,5.84876726564765,122.00121215808508
Default,2,13733,interpolated,1242,34307274.11442117,5.859114421166479,121.74713947083796
Default,2,13733,interpolated,1243,34307284.46157668,5.869461576677859,121.48846058305344
Default,2,13733,interpolated,1244,34307294.8087322,5.879808732196689,121.22978169508269
Default,2,13733,interpolated,1245,34307305.15588771,5.890155887708068,120.87156803243693
Default,2,13733,interpolated,1246,34307315.50304323,5.900503043226898,119.9705524326248
Default,2,13733,interpolated,1247,34307325.85019874,5.910850198738277,119.8488211913143
Default,2,13733,interpolated,1248,34307336.19735426,5.921197354257107,119.72708994991649
Default,2,13733,interpolated,1249,34307346.54450977,5.931544509768486,119.60535870860599
Default,2,13733,interpolated,1250,34307356.89166529,5.941891665287316,119.48362746720795
Default,2,13733,interpolated,1251,34307367.2388208,5.952238820798695,119.36189622589768
Default,2,13733,interpolated,1252,34307377.58597632,5.962585976317525,119.24016498449964
Default,2,13733,interpolated,1253,34307387.93313183,5.9729331318289045,119.11843374318937
Default,2,13733,interpolated,1254,34307398.28028735,5.983280287347734,118.99701821970507
Default,2,13733,interpolated,1255,34307408.62744286,5.993627442859113,118.88694209724349
Default,2,13733,interpolated,1256,34307418.97459838,6.003974598377943,118.77686597470279
Default,2,13733,interpolated,1257,34307429.32175389,6.014321753889322,118.66678985224121
Default,2,13733,interpolated,1258,34307439.66890941,6.0246689094081525,118.5567137297005
Default,2,13733,interpolated,1259,34307450.01606492,6.035016064919532,118.44663760723893
Default,2,13733,interpolated,1260,34307460.36322044,6.045363220438361,118.33656148469822
Default,2,13733,interpolated,1261,34307470.71037595,6.05571037594974,118.22648536223687
Default,2,13733,interpolated,1262,34307481.05753147,6.06605753146857,118.11640923969617
Default,2,13733,interpolated,1263,34307491.40468698,6.0764046869799495,118.00633311723459
Default,2,13733,interpolated,1264,34307501.7518425,6.08675184249878,117.88390663691939
Default,2,13733,interpolated,1265,34307512.09899801,6.097098998010159,117.76072621416483
Default,2,13733,interpolated,1266,34307522.44615353,6.107446153528988,117.6375457913216
Default,2,13733,interpolated,1267,34307532.79330904,6.117793309040367,117.51436536856704
Default,2,13733,interpolated,1268,34307543.14046456,6.1281404645591975,117.39118494572381
Default,2,13733,interpolated,1269,34307553.48762007,6.138487620070577,117.26800452296925
Default,2,13733,interpolated,1270,34307563.83477559,6.148834775589407,117.14482410012602
Default,2,13733,interpolated,1271,34307574.1819311,6.159181931100786,117.02164367737169
Default,2,13733,interpolated,1272,34307584.52908662,6.169529086619615,116.62917014697314
Default,2,13733,interpolated,1273,34307594.87624213,6.1798762421309945,116.17929382039142
Default,2,13733,interpolated,1274,34307605.22339765,6.190223397649825,115.96205245335477
Default,2,13733,interpolated,1275,34307615.57055316,6.200570553161204,115.89896004169987
Default,2,13733,interpolated,1276,34307625.91770868,6.210917708680034,115.83586762999971
Default,2,13733,interpolated,1277,34307636.26486419,6.221264864191413,115.77277521834503
Default,2,13733,interpolated,1278,34307646.61201971,6.2316120197102425,115.70968280664488
Default,2,13733,interpolated,1279,34307656.95917522,6.241959175221622,115.6465903949902
Default,2,13733,interpolated,1280,34307667.30633074,6.252306330740452,115.58349798328982
Default,2,13733,interpolated,1281,34307677.65348625,6.262653486251831,115.52040557163514
Default,2,13733,interpolated,1282,34307688.00064177,6.273000641770661,115.45731315993498
Default,2,13733,interpolated,1283,34307698.34779728,6.28334779728204,115.3942207482803
Default,2,13733,interpolated,1284,34307708.6949528,6.29369495280087,115.33112833658015
Default,2,13733,interpolated,1285,34307719.04210831,6.304042108312249,115.26803592492524
Default,2,13733,interpolated,1286,34307729.38926383,6.314389263831079,115.20494351322509
Default,2,13733,interpolated,1287,34307739.73641934,6.324736419342458,115.14185110157041
Default,2,13733,interpolated,1288,34307750.08357486,6.335083574861288,115.07875868987026
Default,2,13733,interpolated,1289,34307760.43073037,6.345430730372668,115.01566627821535
Default,2,13733,interpolated,1290,34307770.77788589,6.355777885891497,114.86110918050895
Default,2,13733,interpolated,1291,34307781.1250414,6.366125041402877,114.67633854637711
Default,2,13733,interpolated,1292,34307791.47219692,6.376472196921706,114.49156791211249
Default,2,13733,interpolated,1293,34307801.81935243,6.386819352433085,114.30679727798065
Default,2,13733,interpolated,1294,34307812.16650795,6.3971665079519155,114.1220266437158
Default,2,13733,interpolated,1295,34307822.51366346,6.407513663463295,113.97747651626082
Default,2,13733,interpolated,1296,34307832.86081898,6.417860818982125,113.9111485962685
Default,2,13733,interpolated,1297,34307843.20797449,6.428207974493504,113.8448206763237
Default,2,13733,interpolated,1298,34307853.55513001,6.438555130012333,113.77849275633116
Default,2,13733,interpolated,1299,34307863.90228552,6.448902285523713,113.71216483638636
Default,2,13733,interpolated,1300,34307874.24944104,6.459249441042543,113.64583691639405
Default,2,13733,interpolated,1301,34307884.596596554,6.469596596553922,113.57950899644925
Default,2,13733,interpolated,1302,34307894.94375207,6.479943752072752,113.5131810764567
Default,2,13733,interpolated,1303,34307905.290907584,6.490290907584131,113.4468531565119
Default,2,13733,interpolated,1304,34307915.6380631,6.5006380631029606,113.38052523651959
Default,2,13733,interpolated,1305,34307925.985218614,6.51098521861434,113.31419731657479
Default,2,13733,interpolated,1306,34307936.33237413,6.52133237413317,113.24786939658225
Default,2,13733,interpolated,1307,34307946.679529645,6.531679529644549,113.18154147663745
Default,2,13733,interpolated,1308,34307957.02668516,6.542026685163379,113.1152135566449
Default,2,13733,interpolated,1309,34307967.373840675,6.5523738406747585,113.04888563670033
Default,2,13733,interpolated,1310,34307977.72099619,6.562720996193588,112.89922236320035
Default,2,13733,interpolated,1311,34307988.068151705,6.573068151704967,112.51599438129756
Default,2,13733,interpolated,1312,34307998.415307224,6.583415307223797,112.13276639911874
Default,2,13733,interpolated,1313,34308008.762462735,6.593762462735176,111.96549763910616
Default,2,13733,interpolated,1314,34308019.109618254,6.604109618254006,111.91270602931627
Default,2,13733,interpolated,1315,34308029.456773765,6.614456773765386,111.85991441956435
Default,2,13733,interpolated,1316,34308039.803929284,6.624803929284215,111.80712280977446
Default,2,13733,interpolated,1317,34308050.151084796,6.635151084795594,111.75433120002253
Default,2,13733,interpolated,1318,34308060.498240314,6.645498240314424,111.70153959023264
Default,2,13733,interpolated,1319,34308070.845395826,6.6558453958258035,111.6487479804805
Default,2,13733,interpolated,1320,34308081.192551345,6.666192551344634,111.5959563706906
Default,2,13733,interpolated,1321,34308091.539706856,6.676539706856013,111.54316476093868
Default,2,13733,interpolated,1322,34308101.886862375,6.686886862374842,111.49037315114879
Default,2,13733,interpolated,1323,34308112.234017886,6.697234017886221,111.43758154139687
Default,2,13733,interpolated,1324,34308122.581173405,6.7075811734050514,111.38478993160697
Default,2,13733,interpolated,1325,34308132.92832892,6.717928328916431,111.33199832185505
Default,2,13733,interpolated,1326,34308143.275484435,6.728275484435261,111.27920671206493
Default,2,13733,interpolated,1327,34308153.62263995,6.73862263994664,111.22641510231301
Default,2,13733,interpolated,1328,34308163.969795465,6.748969795465469,111.17362349252312
Default,2,13733,interpolated,1329,34308174.31695098,6.7593169509768485,111.1208318827712
Default,2,13733,interpolated,1330,34308184.664106496,6.769664106495679,111.0680402729813
Default,2,13733,interpolated,1331,34308195.01126201,6.780011262007058,111.01524866322939
Default,2,13733,interpolated,1332,34308205.358417526,6.790358417525888,110.8160395618529
Default,2,13733,interpolated,1333,34308215.70557304,6.800705573037267,110.55736067406838
Default,2,13733,interpolated,1334,34308226.052728556,6.8110527285560964,110.29868178609763
Default,2,13733,interpolated,1335,34308236.39988407,6.821399884067476,110.0400028983131
Default,2,13733,interpolated,1336,34308246.74703959,6.831747039586306,109.51405335631625
Default,2,13733,interpolated,1337,34308257.0941951,6.842094195097685,108.97720426879823
Default,2,13733,interpolated,1338,34308267.44135061,6.852441350609064,108.76163852897776
Default,2,13733,interpolated,1339,34308277.78850613,6.862788506127894,108.54607278900221
Default,2,13733,interpolated,1340,34308288.13566164,6.873135661639274,108.33050704918173
Default,2,13733,interpolated,1341,34308298.48281716,6.883482817158103,108.11494130920619
Default,2,13733,interpolated,1342,34308308.82997267,6.893829972669482,106.98894541925984
Default,2,13733,interpolated,1343,34308319.17712819,6.904177128188312,106.9485268430144
Default,2,13733,interpolated,1344,34308329.5242837,6.914524283699691,106.90810826679808
Default,2,13733,interpolated,1345,34308339.87143922,6.9248714392185216,106.86768969055265
Default,2,13733,interpolated,1346,34308350.21859473,6.935218594729901,106.82727111433633
Default,2,13733,interpolated,1347,34308360.56575025,6.94556575024873,106.7868525380909
Default,2,13733,interpolated,1348,34308370.91290576,6.955912905760109,106.74643396187457
Default,2,13733,interpolated,1349,34308381.26006128,6.966260061278939,106.70601538562914
Default,2,13733,interpolated,1350,34308391.60721679,6.976607216790319,106.66559680941282
Default,2,13733,interpolated,1351,34308401.95437231,6.986954372309149,106.62517823316739
Default,2,13733,interpolated,1352,34308412.30152782,6.997301527820528,106.58475965695106
Default,3,17460,raw,0,43594418.0,-6.99,0.0
Default,3,17460,raw,1,43594442.0,-6.966,1.0
Default,3,17460,raw,2,43594496.0,-6.912,2.0
Default,3,17460,raw,3,43594527.0,-6.881,3.0
Default,3,17460,raw,4,43594541.0,-6.867,4.0
Default,3,17460,raw,5,43594566.0,-6.8420000000000005,5.0
Default,3,17460,raw,6,43594568.0,-6.84,6.0
Default,3,17460,raw,7,43594582.0,-6.8260000000000005,7.0
Default,3,17460,raw,8,43594609.0,-6.799,8.0
Default,3,17460,raw,9,43594703.0,-6.705,9.0
Default,3,17460,raw,10,43594739.0,-6.6690000000000005,10.0
Default,3,17460,raw,11,43594772.0,-6.636,11.0
Default,3,17460,raw,12,43594777.0,-6.631,12.0
Default,3,17460,raw,13,43594827.0,-6.581,13.0
Default,3,17460,raw,14,43594828.0,-6.58,14.0
Default,3,17460,raw,15,43594837.0,-6.571,15.0
Default,3,17460,raw,16,43594847.0,-6.561,16.0
Default,3,17460,raw,17,43594856.0,-6.5520000000000005,17.0
Default,3,17460,raw,18,43594860.0,-6.548,18.0
Default,3,17460,raw,19,43594944.0,-6.464,19.0
Default,3,17460,raw,20,43595008.0,-6.4,20.0
Default,3,17460,raw,21,43595016.0,-6.392,21.0
Default,3,17460,raw,22,43595079.0,-6.329,22.0
Default,3,17460,raw,23,43595095.0,-6.313,23.0
Default,3,17460,raw,24,43595243.0,-6.165,24.0
Default,3,17460,raw,25,43595281.0,-6.127,25.0
Default,3,17460,raw,26,43595292.0,-6.1160000000000005,26.0
Default,3,17460,raw,27,43595320.0,-6.088,27.0
Default,3,17460,raw,28,43595365.0,-6.043,28.0
Default,3,17460,raw,29,43595366.0,-6.042,29.0
Default,3,17460,raw,30,43595369.0,-6.039,30.0
Default,3,17460,raw,31,43595379.0,-6.029,31.0
Default,3,17460,raw,32,43595442.0,-5.966,32.0
Default,3,17460,raw,33,43595461.0,-5.947,33.0
Default,3,17460,raw,34,43595475.0,-5.933,34.0
Default,3,17460,raw,35,43595483.0,-5.925,35.0
Default,3,17460,raw,36,43595487.0,-5.921,36.0
Default,3,17460,raw,37,43595522.0,-5.886,37.0
Default,3,17460,raw,38,43595529.0,-5.8790000000000004,38.0
Default,3,17460,raw,39,43595541.0,-5.867,39.0
Default,3,17460,raw,40,43595593.0,-5.815,40.0
Default,3,17460,raw,41,43595626.0,-5.782,41.0
Default,3,17460,raw,42,43595728.0,-5.68,42.0
Default,3,17460,raw,43,43595747.0,-5.6610000000000005,43.0
Default,3,17460,raw,44,43595793.0,-5.615,44.0
Default,3,17460,raw,45,43595802.0,-5.606,45.0
Default,3,17460,raw,46,43595851.0,-5.557,46.0
Default,3,17460,raw,47,43595852.0,-5.556,47.0
Default,3,17460,raw,48,43595889.0,-5.519,48.0
Default,3,17460,raw,49,43595902.0,-5.506,49.0
Default,3,17460,raw,50,43595905.0,-5.503,50.0
Default,3,17460,raw,51,43595908.0,-5.5,51.0
Default,3,17460,raw,52,43595945.0,-5.463,52.0
Default,3,17460,raw,53,43595952.0,-5.456,53.0
Default,3,17460,raw,54,43595973.0,-5.4350000000000005,54.0
Default,3,17460,raw,55,43596001.0,-5.407,55.0
Default,3,17460,raw,56,43596016.0,-5.392,56.0
Default,3,17460,raw,57,43596018.0,-5.39,57.0
Default,3,17460,raw,58,43596056.0,-5.352,58.0
Default,3,17460,raw,59,43596084.0,-5.324,59.0
Default,3,17460,raw,60,43596115.0,-5.293,60.0
Default,3,17460,raw,61,43596174.0,-5.234,61.0
Default,3,17460,raw,62,43596268.0,-5.14,62.0
Default,3,17460,raw,63,43596291.0,-5.117,63.0
Default,3,17460,raw,64,43596422.0,-4.986,64.0
Default,3,17460,raw,65,43596458.0,-4.95,65.0
Default,3,17460,raw,66,43596465.0,-4.9430000000000005,66.0
Default,3,17460,raw,67,43596495.0,-4.913,67.0
Default,3,17460,raw,68,43596512.0,-4.896,68.0
Default,3,17460,raw,69,43596535.0,-4.873,69.0
Default,3,17460,raw,70,43596541.0,-4.867,70.0
Default,3,17460,raw,71,43596660.0,-4.748,71.0
Default,3,17460,raw,72,43596711.0,-4.697,72.0
Default,3,17460,raw,73,43596725.0,-4.683,73.0
Default,3,17460,raw,74,43596781.0,-4.627,74.0
Default,3,17460,raw,75,43596806.0,-4.602,75.0
Default,3,17460,raw,76,43596815.0,-4.593,76.0
Default,3,17460,raw,77,43596844.0,-4.564,77.0
Default,3,17460,raw,78,43596849.0,-4.559,78.0
Default,3,17460,raw,79,43596866.0,-4.542,79.0
Default,3,17460,raw,80,43596867.0,-4.541,80.0
Default,3,17460,raw,81,43596868.0,-4.54,81.0
Default,3,17460,raw,82,43596895.0,-4.513,82.0
Default,3,17460,raw,83,43596905.0,-4.503,83.0
Default,3,17460,raw,84,43596917.0,-4.491,84.0
Default,3,17460,raw,85,43596925.0,-4.483,85.0
Default,3,17460,raw,86,43597024.0,-4.384,86.0
Default,3,17460,raw,87,43597131.0,-4.277,87.0
Default,3,17460,raw,88,43597135.0,-4.273,88.0
Default,3,17460,raw,89,43597210.0,-4.198,89.0
Default,3,17460,raw,90,43597320.0,-4.088,90.0
Default,3,17460,raw,91,43597321.0,-4.087,91.0
Default,3,17460,raw,92,43597498.0,-3.91,92.0
Default,3,17460,raw,93,43597536.0,-3.872,93.0
Default,3,17460,raw,94,43597592.0,-3.8160000000000003,94.0
Default,3,17460,raw,95,43597630.0,-3.778,95.0
Default,3,17460,raw,96,43597633.0,-3.775,96.0
Default,3,17460,raw,97,43597722.0,-3.686,97.0
Default,3,17460,raw,98,43597736.0,-3.672,98.0
Default,3,17460,raw,99,43597738.0,-3.67,99.0
Default,3,17460,raw,100,43597746.0,-3.662,100.0
Default,3,17460,raw,101,43597795.0,-3.613,101.0
Default,3,17460,raw,102,43597816.0,-3.592,102.0
Default,3,17460,raw,103,43597850.0,-3.5580000000000003,103.0
Default,3,17460,raw,104,43597957.0,-3.451,104.0
Default,3,17460,raw,105,43597974.0,-3.434,105.0
Default,3,17460,raw,106,43597997.0,-3.411,106.0
Default,3,17460,raw,107,43598021.0,-3.387,107.0
Default,3,17460,raw,108,43598069.0,-3.339,108.0
Default,3,17460,raw,109,43598079.0,-3.329,109.0
Default,3,17460,raw,110,43598091.0,-3.317,110.0
Default,3,17460,raw,111,43598098.0,-3.31,111.0
Default,3,17460,raw,112,43598229.0,-3.1790000000000003,112.0
Default,3,17460,raw,113,43598255.0,-3.153,113.0
Default,3,17460,raw,114,43598316.0,-3.092,114.0
Default,3,17460,raw,115,43598351.0,-3.057,115.0
Default,3,17460,raw,116,43598440.0,-2.968,116.0
Default,3,17460,raw,117,43598471.0,-2.9370000000000003,117.0
Default,3,17460,raw,118,43598530.0,-2.878,118.0
Default,3,17460,raw,119,43598541.0,-2.867,119.0
Default,3,17460,raw,120,43598584.0,-2.824,120.0
Default,3,17460,raw,121,43598591.0,-2.817,121.0
Default,3,17460,raw,122,43598593.0,-2.815,122.0
Default,3,17460,raw,123,43598657.0,-2.751,123.0
Default,3,17460,raw,124,43598696.0,-2.712,124.0
Default,3,17460,raw,125,43598759.0,-2.649,125.0
Default,3,17460,raw,126,43598897.0,-2.511,126.0
Default,3,17460,raw,127,43598934.0,-2.474,127.0
Default,3,17460,raw,128,43599090.0,-2.318,128.0
Default,3,17460,raw,129,43599160.0,-2.248,129.0
Default,3,17460,raw,130,43599180.0,-2.228,130.0
Default,3,17460,raw,131,43599294.0,-2.114,131.0
Default,3,17460,raw,132,43599301.0,-2.107,132.0
Default,3,17460,raw,133,43599327.0,-2.081,133.0
Default,3,17460,raw,134,43599456.0,-1.952,134.0
Default,3,17460,raw,135,43599599.0,-1.809,135.0
Default,3,17460,raw,136,43599619.0,-1.7890000000000001,136.0
Default,3,17460,raw,137,43599634.0,-1.774,137.0
Default,3,17460,raw,138,43599638.0,-1.77,138.0
Default,3,17460,raw,139,43599870.0,-1.538,139.0
Default,3,17460,raw,140,43599890.0,-1.518,140.0
Default,3,17460,raw,141,43599917.0,-1.491,141.0
Default,3,17460,raw,142,43599920.0,-1.488,142.0
Default,3,17460,raw,143,43599950.0,-1.458,143.0
Default,3,17460,raw,144,43599969.0,-1.439,144.0
Default,3,17460,raw,145,43600015.0,-1.393,145.0
Default,3,17460,raw,146,43600107.0,-1.301,146.0
Default,3,17460,raw,147,43600115.0,-1.293,147.0
Default,3,17460,raw,148,43600131.0,-1.2770000000000001,148.0
Default,3,17460,raw,149,43600135.0,-1.2730000000000001,149.0
Default,3,17460,raw,150,43600136.0,-1.272,150.0
Default,3,17460,raw,151,43600194.0,-1.214,151.0
Default,3,17460,raw,152,43600219.0,-1.189,152.0
Default,3,17460,raw,153,43600266.0,-1.1420000000000001,153.0
Default,3,17460,raw,154,43600307.0,-1.101,154.0
Default,3,17460,raw,155,43600381.0,-1.027,155.0
Default,3,17460,raw,156,43600538.0,-0.87,156.0
Default,3,17460,raw,157,43600610.0,-0.798,157.0
Default,3,17460,raw,158,43600739.0,-0.669,158.0
Default,3,17460,raw,159,43600783.0,-0.625,159.0
Default,3,17460,raw,160,43600817.0,-0.591,160.0
Default,3,17460,raw,161,43600895.0,-0.513,161.0
Default,3,17460,raw,162,43601008.0,-0.4,162.0
Default,3,17460,raw,163,43601041.0,-0.367,163.0
Default,3,17460,raw,164,43601063.0,-0.34500000000000003,164.0
Default,3,17460,raw,165,43601124.0,-0.28400000000000003,165.0
Default,3,17460,raw,166,43601179.0,-0.229,166.0
Default,3,17460,raw,167,43601182.0,-0.226,167.0
Default,3,17460,raw,168,43601195.0,-0.213,168.0
Default,3,17460,raw,169,43601232.0,-0.176,169.0
Default,3,17460,raw,170,43601233.0,-0.17500000000000002,170.0
Default,3,17460,raw,171,43601410.0,0.002,171.0
Default,3,17460,raw,172,43602010.0,0.602,170.0
Default,3,17460,raw,173,43602238.0,0.8300000000000001,169.0
Default,3,17460,raw,174,43602256.0,0.848,168.0
Default,3,17460,raw,175,43602287.0,0.879,167.0
Default,3,17460,raw,176,43602291.0,0.883,166.0
Default,3,17460,raw,177,43602477.0,1.069,165.0
Default,3,17460,raw,178,43602579.0,1.171,164.0
Default,3,17460,raw,179,43602600.0,1.192,163.0
Default,3,17460,raw,180,43602613.0,1.205,162.0
Default,3,17460,raw,181,43602644.0,1.236,161.0
Default,3,17460,raw,182,43602686.0,1.278,160.0
Default,3,17460,raw,183,43602700.0,1.292,159.0
Default,3,17460,raw,184,43602831.0,1.423,158.0
Default,3,17460,raw,185,43602906.0,1.498,157.0
Default,3,17460,raw,186,43602987.0,1.579,156.0
Default,3,17460,raw,187,43602990.0,1.582,155.0
Default,3,17460,raw,188,43603157.0,1.749,154.0
Default,3,17460,raw,189,43603231.0,1.823,153.0
Default,3,17460,raw,190,43603377.0,1.969,152.0
Default,3,17460,raw,191,43603436.0,2.028,151.0
Default,3,17460,raw,192,43603599.0,2.191,150.0
Default,3,17460,raw,193,43603655.0,2.247,149.0
Default,3,17460,raw,194,43603682.0,2.274,148.0
Default,3,17460,raw,195,43603686.0,2.278,147.0
Default,3,17460,raw,196,43603695.0,2.287,146.0
Default,3,17460,raw,197,43603724.0,2.316,145.0
Default,3,17460,raw,198,43603740.0,2.332,144.0
Default,3,17460,raw,199,43603783.0,2.375,143.0
Default,3,17460,raw,200,43603879.0,2.471,142.0
Default,3,17460,raw,201,43604024.0,2.616,141.0
Default,3,17460,raw,202,43604101.0,2.693,140.0
Default,3,17460,raw,203,43604162.0,2.754,139.0
Default,3,17460,raw,204,43604232.0,2.824,138.0
Default,3,17460,raw,205,43604302.0,2.894,137.0
Default,3,17460,raw,206,43604343.0,2.935,136.0
Default,3,17460,raw,207,43604388.0,2.98,135.0
Default,3,17460,raw,208,43604431.0,3.023,134.0
Default,3,17460,raw,209,43604504.0,3.096,133.0
Default,3,17460,raw,210,43604539.0,3.1310000000000002,132.0
Default,3,17460,raw,211,43604580.0,3.172,131.0
Default,3,17460,raw,212,43604592.0,3.184,130.0
Default,3,17460,raw,213,43604676.0,3.2680000000000002,129.0
Default,3,17460,raw,214,43604690.0,3.282,128.0
Default,3,17460,raw,215,43604862.0,3.454,127.0
Default,3,17460,raw,216,43604876.0,3.468,126.0
Default,3,17460,raw,217,43604897.0,3.489,125.0
Default,3,17460,raw,218,43604948.0,3.54,124.0
Default,3,17460,raw,219,43604995.0,3.587,123.0
Default,3,17460,raw,220,43605075.0,3.6670000000000003,122.0
Default,3,17460,raw,221,43605103.0,3.6950000000000003,121.0
Default,3,17460,raw,222,43605185.0,3.777,120.0
Default,3,17460,raw,223,43605214.0,3.806,119.0
Default,3,17460,raw,224,43605268.0,3.86,118.0
Default,3,17460,raw,225,43605291.0,3.883,117.0
Default,3,17460,raw,226,43605406.0,3.998,116.0
Default,3,17460,raw,227,43605479.0,4.071,115.0
Default,3,17460,raw,228,43605903.0,4.495,114.0
Default,3,17460,raw,229,43606037.0,4.6290000000000004,113.0
Default,3,17460,raw,230,43606044.0,4.636,112.0
Default,3,17460,raw,231,43606061.0,4.6530000000000005,111.0
Default,3,17460,raw,232,43606146.0,4.738,110.0
Default,3,17460,raw,233,43606155.0,4.747,109.0
Default,3,17460,raw,234,43606169.0,4.761,108.0
Default,3,17460,raw,235,43606254.0,4.846,107.0
Default,3,17460,raw,236,43606262.0,4.854,106.0
Default,3,17460,raw,237,43606401.0,4.993,105.0
Default,3,17460,raw,238,43606473.0,5.065,104.0
Default,3,17460,raw,239,43606486.0,5.078,103.0
Default,3,17460,raw,240,43606634.0,5.226,102.0
Default,3,17460,raw,241,43606694.0,5.2860000000000005,101.0
Default,3,17460,raw,242,43606848.0,5.44,100.0
Default,3,17460,raw,243,43606995.0,5.587,99.0
Default,3,17460,raw,244,43607008.0,5.6000000000000005,98.0
Default,3,17460,raw,245,43607042.0,5.634,97.0
Default,3,17460,raw,246,43607087.0,5.679,96.0
Default,3,17460,raw,247,43607119.0,5.711,95.0
Default,3,17460,raw,248,43607161.0,5.753,94.0
Default,3,17460,raw,249,43607218.0,5.8100000000000005,93.0
Default,3,17460,raw,250,43607223.0,5.815,92.0
Default,3,17460,raw,251,43607250.0,5.8420000000000005,91.0
Default,3,17460,raw,252,43607439.0,6.031,90.0
Default,3,17460,raw,253,43607542.0,6.134,89.0
Default,3,17460,raw,254,43607567.0,6.159,88.0
Default,3,17460,raw,255,43607641.0,6.2330000000000005,87.0
Default,3,17460,raw,256,43607690.0,6.282,86.0
Default,3,17460,raw,257,43607745.0,6.337,85.0
Default,3,17460,raw,258,43607752.0,6.344,84.0
Default,3,17460,raw,259,43607778.0,6.37,83.0
Default,3,17460,raw,260,43607901.0,6.493,82.0
Default,3,17460,raw,261,43607923.0,6.515000000000001,81.0
Default,3,17460,raw,262,43608017.0,6.609,80.0
Default,3,17460,raw,263,43608052.0,6.644,79.0
Default,3,17460,raw,264,43608148.0,6.74,78.0
Default,3,17460,raw,265,43608162.0,6.7540000000000004,77.0
Default,3,17460,raw,266,43608394.0,6.986,76.0
Default,3,17460,interpolated,0,43594408.5038949,-6.999496105097235,-0.19783552285912265
Default,3,17460,interpolated,1,43594419.49300238,-6.98850699762255,0.062208432393845214
Default,3,17460,interpolated,2,43594430.48210985,-6.977517890147865,0.5200879105057084
Default,3,17460,interpolated,3,43594441.47121732,-6.966528782680631,0.977967388306979
Default,3,17460,interpolated,4,43594452.460324794,-6.955539675205946,1.1937097184083996
Default,3,17460,interpolated,5,43594463.44943227,-6.944550567731262,1.3972117086802882
Default,3,17460,interpolated,6,43594474.43853974,-6.933561460256577,1.6007136989521769
Default,3,17460,interpolated,7,43594485.42764721,-6.922572352789342,1.804215689086277
Default,3,17460,interpolated,8,43594496.416754685,-6.911583245314658,2.0134436995272154
Default,3,17460,interpolated,9,43594507.40586216,-6.900594137839973,2.3679310374202487
Default,3,17460,interpolated,10,43594518.394969635,-6.8896050303652885,2.722418375313282
Default,3,17460,interpolated,11,43594529.38407711,-6.878615922890604,3.1702912220996495
Default,3,17460,interpolated,12,43594540.37318458,-6.867626815423369,3.955227469759393
Default,3,17460,interpolated,13,43594551.36229205,-6.856637707948685,4.414491682052585
Default,3,17460,interpolated,14,43594562.351399526,-6.845648600474,4.854055981039892
Default,3,17460,interpolated,15,43594573.340507,-6.834659492999315,6.381464785763228
Default,3,17460,interpolated,16,43594584.32961447,-6.823670385532081,7.086282017330404
Default,3,17460,interpolated,17,43594595.31872194,-6.812681278057396,7.493285997874182
Default,3,17460,interpolated,18,43594606.30782942,-6.801692170582712,7.900289978418186
Default,3,17460,interpolated,19,43594617.29693689,-6.790703063108027,8.088265286084834
Default,3,17460,interpolated,20,43594628.28604436,-6.779713955640793,8.20517068467234
Default,3,17460,interpolated,21,43594639.275151834,-6.768724848166109,8.322076083339198
Default,3,17460,interpolated,22,43594650.26425931,-6.757735740691423,8.438981482006056
Default,3,17460,interpolated,23,43594661.25336678,-6.7467466332167385,8.555886880672915
Default,3,17460,interpolated,24,43594672.24247425,-6.735757525749505,8.672792279260648
Default,3,17460,interpolated,25,43594683.231581725,-6.72476841827482,8.789697677927506
Default,3,17460,interpolated,26,43594694.2206892,-6.713779310800136,8.906603076594365
Default,3,17460,interpolated,27,43594705.209796675,-6.702790203325451,9.061383240959685
Default,3,17460,interpolated,28,43594716.19890415,-6.691801095850765,9.366636226367518
Default,3,17460,interpolated,29,43594727.18801162,-6.680811988383532,9.671889211568669
Default,3,17460,interpolated,30,43594738.17711909,-6.669822880908847,9.977142196976502
Default,3,17460,interpolated,31,43594749.166226566,-6.6588337734341625,10.308067471692084
Default,3,17460,interpolated,32,43594760.15533404,-6.647844665959478,10.641070728500608
Default,3,17460,interpolated,33,43594771.14444151,-6.636855558492243,10.974073985083578
Default,3,17460,interpolated,34,43594782.13354898,-6.625866451017559,12.102670979648792
Default,3,17460,interpolated,35,43594793.12265646,-6.614877343542874,12.32245312914256
Default,3,17460,interpolated,36,43594804.11176393,-6.603888236068189,12.542235278636326
Default,3,17460,interpolated,37,43594815.1008714,-6.592899128600955,12.762017427980936
Default,3,17460,interpolated,38,43594826.089978874,-6.58191002112627,12.981799577474703
Default,3,17460,interpolated,39,43594837.07908635,-6.570920913651586,15.007908634841442
Default,3,17460,interpolated,40,43594848.06819382,-6.559931806176901,16.118688202566545
Default,3,17460,interpolated,41,43594859.05730129,-6.548942698709667,17.764325322583318
Default,3,17460,interpolated,42,43594870.046408765,-6.537953591234982,18.11960010434541
Default,3,17460,interpolated,43,43594881.03551624,-6.526964483760297,18.250422812377337
Default,3,17460,interpolated,44,43594892.024623714,-6.5159753762856125,18.381245520409266
Default,3,17460,interpolated,45,43594903.01373119,-6.504986268810928,18.51206822844142
Default,3,17460,interpolated,46,43594914.00283866,-6.493997161343694,18.642890936384674
Default,3,17460,interpolated,47,43594924.99194613,-6.48300805386901,18.773713644416603
Default,3,17460,interpolated,48,43594935.981053606,-6.472018946394324,18.90453635244853
Default,3,17460,interpolated,49,43594946.97016108,-6.4610298389196394,19.04640876688063
Default,3,17460,interpolated,50,43594957.95926855,-6.450040731452406,19.218113571056165
Default,3,17460,interpolated,51,43594968.94837602,-6.439051623977721,19.389818375348113
Default,3,17460,interpolated,52,43594979.9374835,-6.4280625165030365,19.561523179640062
Default,3,17460,interpolated,53,43594990.92659097,-6.417073409028352,19.73322798393201
Default,3,17460,interpolated,54,43595001.91569844,-6.406084301561117,19.904932788107544
Default,3,17460,interpolated,55,43595012.90480591,-6.395095194086433,20.613100739195943
Default,3,17460,interpolated,56,43595023.89391339,-6.384106086611748,21.125300212512002
Default,3,17460,interpolated,57,43595034.88302086,-6.373116979137063,21.299730489887907
Default,3,17460,interpolated,58,43595045.87212833,-6.362127871669829,21.474160767145577
Default,3,17460,interpolated,59,43595056.861235805,-6.351138764195144,21.64859104452148
Default,3,17460,interpolated,60,43595067.85034328,-6.34014965672046,21.823021321897386
Default,3,17460,interpolated,61,43595078.839450754,-6.329160549245775,21.997451599273518
Default,3,17460,interpolated,62,43595089.82855823,-6.31817144177109,22.676784889306873
Default,3,17460,interpolated,63,43595100.817665696,-6.307182334303856,23.039308552000875
Default,3,17460,interpolated,64,43595111.80677317,-6.296193226829171,23.113559278181356
Default,3,17460,interpolated,65,43595122.795880646,-6.2852041193544865,23.18781000436161
Default,3,17460,interpolated,66,43595133.78498812,-6.274215011879802,23.26206073054186
Default,3,17460,interpolated,67,43595144.77409559,-6.263225904412567,23.336311456671865
Default,3,17460,interpolated,68,43595155.76320306,-6.252236796937883,23.410562182852118
Default,3,17460,interpolated,69,43595166.75231054,-6.241247689463198,23.48481290903237
Default,3,17460,interpolated,70,43595177.74141801,-6.2302585819885135,23.55906363521285
Default,3,17460,interpolated,71,43595188.73052548,-6.21926947452128,23.633314361342627
Default,3,17460,interpolated,72,43595199.71963295,-6.208280367046595,23.707565087523108
Default,3,17460,interpolated,73,43595210.70874043,-6.19729125957191,23.78181581370336
Default,3,17460,interpolated,74,43595221.6978479,-6.186302152097225,23.856066539883614
Default,3,17460,interpolated,75,43595232.68695537,-6.175313044629991,23.930317266013617
Default,3,17460,interpolated,76,43595243.676062845,-6.164323937155307,24.017791127492046
Default,3,17460,interpolated,77,43595254.66517032,-6.153334829680622,24.30697816629936
Default,3,17460,interpolated,78,43595265.654277794,-6.142345722205937,24.5961652051069
Default,3,17460,interpolated,79,43595276.64338527,-6.131356614731252,24.88535224391444
Default,3,17460,interpolated,80,43595287.632492736,-6.120367507264018,25.602953885089164
Default,3,17460,interpolated,81,43595298.62160021,-6.109378399789334,26.23648572180946
Default,3,17460,interpolated,82,43595309.610707685,-6.098389292314649,26.62895384590547
Default,3,17460,interpolated,83,43595320.59981516,-6.087400184839964,27.013329225778534
Default,3,17460,interpolated,84,43595331.58892263,-6.07641107737273,27.257531613939364
Default,3,17460,interpolated,85,43595342.5780301,-6.065421969898045,27.50173400226572
Default,3,17460,interpolated,86,43595353.56713758,-6.0544328624233605,27.745936390592078
Default,3,17460,interpolated,87,43595364.55624505,-6.043443754948676,27.990138778918208
Default,3,17460,interpolated,88,43595375.54535252,-6.032454647481441,30.654535251855805
Default,3,17460,interpolated,89,43595386.53445999,-6.021465540006757,31.1195946030673
Default,3,17460,interpolated,90,43595397.52356747,-6.010476432532072,31.294024880443203
Default,3,17460,interpolated,91,43595408.51267494,-5.9994873250573875,31.468455157819335
Default,3,17460,interpolated,92,43595419.50178241,-5.988498217590154,31.642885435077005
Default,3,17460,interpolated,93,43595430.490889885,-5.977509110115468,31.81731571245291
Default,3,17460,interpolated,94,43595441.47999736,-5.966520002640784,31.991745989828814
Default,3,17460,interpolated,95,43595452.469104834,-5.955530895166099,32.551005517573685
Default,3,17460,interpolated,96,43595463.45821231,-5.944541787691414,33.17558659347037
Default,3,17460,interpolated,97,43595474.447319776,-5.933552680224181,33.96052284112989
Default,3,17460,interpolated,98,43595485.43642725,-5.922563572749495,35.60910681262612
Default,3,17460,interpolated,99,43595496.425534725,-5.911574465274811,36.26930099214837
Default,3,17460,interpolated,100,43595507.4146422,-5.900585357800126,36.583275491424956
Default,3,17460,interpolated,101,43595518.40374967,-5.889596250332892,36.89724999048872
Default,3,17460,interpolated,102,43595529.39285714,-5.878607142858208,38.0327380951494
Default,3,17460,interpolated,103,43595540.38196462,-5.867618035383523,38.948497051373124
Default,3,17460,interpolated,104,43595551.37107209,-5.8566289279088375,39.19944369406085
Default,3,17460,interpolated,105,43595562.36017956,-5.845639820441604,39.41077268381537
Default,3,17460,interpolated,106,43595573.34928703,-5.834650712966919,39.62210167371313
Default,3,17460,interpolated,107,43595584.33839451,-5.8236616054922345,39.8334306636109
Default,3,17460,interpolated,108,43595595.32750198,-5.81267249801755,40.07053036310458
Default,3,17460,interpolated,109,43595606.31660946,-5.801683390542865,40.403533619913105
Default,3,17460,interpolated,110,43595617.305716924,-5.790694283075631,40.736536876496075
Default,3,17460,interpolated,111,43595628.2948244,-5.779705175600946,41.02249827842206
Default,3,17460,interpolated,112,43595639.283931874,-5.7687160681262615,41.13023462621322
Default,3,17460,interpolated,113,43595650.27303935,-5.757726960651577,41.237970974004156
Default,3,17460,interpolated,114,43595661.262146816,-5.746737853184342,41.3457073217221
Default,3,17460,interpolated,115,43595672.25125429,-5.735748745709658,41.45344366951326
Default,3,17460,interpolated,116,43595683.240361765,-5.724759638234973,41.561180017304196
Default,3,17460,interpolated,117,43595694.22946924,-5.713770530760288,41.66891636509513
Default,3,17460,interpolated,118,43595705.21857671,-5.702781423293054,41.7766527128133
Default,3,17460,interpolated,119,43595716.20768418,-5.691792315818369,41.884389060604235
Default,3,17460,interpolated,120,43595727.19679166,-5.680803208343685,41.99212540839517
Default,3,17460,interpolated,121,43595738.18589913,-5.669814100869,42.536099954263136
Default,3,17460,interpolated,122,43595749.1750066,-5.658824993401766,43.047282752135516
Default,3,17460,interpolated,123,43595760.16411407,-5.647835885927082,43.2861763928895
Default,3,17460,interpolated,124,43595771.15322155,-5.636846778452396,43.52507003364349
Default,3,17460,interpolated,125,43595782.14232902,-5.6258576709777115,43.76396367439747
Default,3,17460,interpolated,126,43595793.1314365,-5.614868563503027,44.01460405521925
Default,3,17460,interpolated,127,43595804.120543964,-5.603879456035793,45.04327640743281
Default,3,17460,interpolated,128,43595815.10965144,-5.592890348561109,45.26754390691622
Default,3,17460,interpolated,129,43595826.09875891,-5.581901241086424,45.49181140639962
Default,3,17460,interpolated,130,43595837.08786639,-5.570912133611738,45.716078905882796
Default,3,17460,interpolated,131,43595848.076973855,-5.559923026144505,45.940346405214086
Default,3,17460,interpolated,132,43595859.06608133,-5.54893391866982,47.19097517108594
Default,3,17460,interpolated,133,43595870.055188805,-5.5379448111951355,47.48797807580718
Default,3,17460,interpolated,134,43595881.04429628,-5.526955703720451,47.78498098052842
Default,3,17460,interpolated,135,43595892.03340375,-5.515966596253216,48.23333874975265
Default,3,17460,interpolated,136,43595903.02251122,-5.504977488778532,49.34083707382274
Default,3,17460,interpolated,137,43595914.011618696,-5.493988381303847,51.16247618097714
Default,3,17460,interpolated,138,43595925.00072617,-5.482999273829162,51.459479085698376
Default,3,17460,interpolated,139,43595935.98983364,-5.472010166361928,51.75648199021816
Default,3,17460,interpolated,140,43595946.97894111,-5.461021058887243,52.28270587325096
Default,3,17460,interpolated,141,43595957.96804859,-5.450031951412559,53.28419278987826
Default,3,17460,interpolated,142,43595968.95715606,-5.439042843937874,53.807483622005975
Default,3,17460,interpolated,143,43595979.94626354,-5.428053736463189,54.24808084060032
Default,3,17460,interpolated,144,43595990.935371004,-5.417064628995955,54.64054896443008
Default,3,17460,interpolated,145,43596001.92447848,-5.40607552152127,55.061631898581936
Default,3,17460,interpolated,146,43596012.91358595,-5.3950864140465855,55.79423906356101
Default,3,17460,interpolated,147,43596023.90269343,-5.384097306571901,57.1553340375815
Default,3,17460,interpolated,148,43596034.891800895,-5.373108199104667,57.44452107619304
Default,3,17460,interpolated,149,43596045.88090837,-5.362119091629982,57.73370811500058
Default,3,17460,interpolated,150,43596056.870015845,-5.351129984155297,58.03107199445367
Default,3,17460,interpolated,151,43596067.85912332,-5.340140876680612,58.423540118549454
Default,3,17460,interpolated,152,43596078.84823079,-5.329151769213379,58.81600824237944
Default,3,17460,interpolated,153,43596089.83733826,-5.318162661738694,59.18830123423572
Default,3,17460,interpolated,154,43596100.826445736,-5.3071735542640095,59.54278857212876
Default,3,17460,interpolated,155,43596111.81555321,-5.296184446789324,59.89727591002179
Default,3,17460,interpolated,156,43596122.80466068,-5.28519533932209,60.132282384371365
Default,3,17460,interpolated,157,43596133.79376815,-5.274206231847406,60.31853844326429
Default,3,17460,interpolated,158,43596144.78287563,-5.263217124372721,60.50479450215721
Default,3,17460,interpolated,159,43596155.7719831,-5.252228016898036,60.69105056105013
Default,3,17460,interpolated,160,43596166.76109058,-5.241238909423352,60.87730661994328
Default,3,17460,interpolated,161,43596177.750198044,-5.230249801956117,61.03989572387104
Default,3,17460,interpolated,162,43596188.73930552,-5.219260694481433,61.1568011225379
Default,3,17460,interpolated,163,43596199.72841299,-5.208271587006748,61.27370652120476
Default,3,17460,interpolated,164,43596210.71752047,-5.197282479532063,61.39061191987162
Default,3,17460,interpolated,165,43596221.706627935,-5.186293372064829,61.50751731845935
Default,3,17460,interpolated,166,43596232.69573541,-5.175304264590144,61.62442271712621
Default,3,17460,interpolated,167,43596243.684842885,-5.1643151571154595,61.74132811579307
Default,3,17460,interpolated,168,43596254.67395036,-5.153326049640775,61.858233514459926
Default,3,17460,interpolated,169,43596265.66305783,-5.14233694217354,61.97513891304743
Default,3,17460,interpolated,170,43596276.6521653,-5.131347834698856,62.376181100049735
Default,3,17460,interpolated,171,43596287.641272776,-5.120358727224171,62.853968381557706
Default,3,17460,interpolated,172,43596298.63038025,-5.1093696197494864,63.05824717748487
Default,3,17460,interpolated,173,43596309.61948772,-5.098380512282253,63.14213349402871
Default,3,17460,interpolated,174,43596320.60859519,-5.087391404807568,63.22601981062917
Default,3,17460,interpolated,175,43596331.59770267,-5.076402297332883,63.30990612722985
Default,3,17460,interpolated,176,43596342.58681014,-5.065413189858198,63.393792443830534
Default,3,17460,interpolated,177,43596353.57591762,-5.054424082383513,63.47767876043122
Default,3,17460,interpolated,178,43596364.56502508,-5.04343497491628,63.56156507697506
Default,3,17460,interpolated,179,43596375.55413256,-5.032445867441595,63.64545139357551
Default,3,17460,interpolated,180,43596386.54324003,-5.02145675996691,63.729337710176196
Default,3,17460,interpolated,181,43596397.53234751,-5.010467652492225,63.81322402677688
Default,3,17460,interpolated,182,43596408.521454975,-4.999478545024991,63.89711034332072
Default,3,17460,interpolated,183,43596419.51056245,-4.988489437550307,63.9809966599214
Default,3,17460,interpolated,184,43596430.499669924,-4.977500330075622,64.2361019423438
Default,3,17460,interpolated,185,43596441.4887774,-4.966511222600937,64.54135492775185
Default,3,17460,interpolated,186,43596452.47788487,-4.955522115133703,64.84660791295278
Default,3,17460,interpolated,187,43596463.46699234,-4.944533007659018,65.78099890585463
Default,3,17460,interpolated,188,43596474.456099816,-4.9335439001843335,66.31520332718878
Default,3,17460,interpolated,189,43596485.44520729,-4.922554792709649,66.68150690967832
Default,3,17460,interpolated,190,43596496.43431476,-4.911565685242414,67.08437145632865
Default,3,17460,interpolated,191,43596507.42342223,-4.90057657776773,67.7307895430747
Default,3,17460,interpolated,192,43596518.41252971,-4.889587470293045,68.2788056394329
Default,3,17460,interpolated,193,43596529.40163718,-4.8785983628183605,68.75659292094088
Default,3,17460,interpolated,194,43596540.39074466,-4.867609255343676,69.89845744272066
Default,3,17460,interpolated,195,43596551.37985212,-4.856620147876441,70.08722564809705
Default,3,17460,interpolated,196,43596562.3689596,-4.845631040401757,70.1795710890608
Default,3,17460,interpolated,197,43596573.35806707,-4.834641932927072,70.27191653002455
Default,3,17460,interpolated,198,43596584.34717455,-4.823652825452387,70.36426197098831
Default,3,17460,interpolated,199,43596595.336282015,-4.812663717985154,70.45660741188954
Default,3,17460,interpolated,200,43596606.32538949,-4.801674610510468,70.54895285285329
Default,3,17460,interpolated,201,43596617.314496964,-4.7906855030357836,70.64129829381704
Default,3,17460,interpolated,202,43596628.30360444,-4.779696395561099,70.73364373478057
Default,3,17460,interpolated,203,43596639.292711906,-4.768707288093865,70.8259891756818
Default,3,17460,interpolated,204,43596650.28181938,-4.757718180619181,70.91833461664555
Default,3,17460,interpolated,205,43596661.270926856,-4.746729073144496,71.02492013442156
Default,3,17460,interpolated,206,43596672.26003433,-4.7357399656698105,71.24039283000366
Default,3,17460,interpolated,207,43596683.2491418,-4.724750858202577,71.45586552543978
Default,3,17460,interpolated,208,43596694.23824927,-4.713761750727892,71.67133822102164
Default,3,17460,interpolated,209,43596705.22735675,-4.7027726432532075,71.88681091660374
Default,3,17460,interpolated,210,43596716.21646422,-4.691783535778523,72.37260458724836
Default,3,17460,interpolated,211,43596727.205571696,-4.680794428303838,73.03938520886004
Default,3,17460,interpolated,212,43596738.19467916,-4.669805320836604,73.23561927077503
Default,3,17460,interpolated,213,43596749.18378664,-4.658816213361919,73.43185333282281
Default,3,17460,interpolated,214,43596760.17289411,-4.6478271058872345,73.62808739487082
Default,3,17460,interpolated,215,43596771.16200159,-4.63683799841255,73.82432145691882
Default,3,17460,interpolated,216,43596782.151109055,-4.625848890945315,74.04604436218733
Default,3,17460,interpolated,217,43596793.14021653,-4.614859783470631,74.48560866117487
Default,3,17460,interpolated,218,43596804.129324004,-4.603870675995946,74.92517296016217
Default,3,17460,interpolated,219,43596815.11843148,-4.592881568521261,76.00408384409434
Default,3,17460,interpolated,220,43596826.107538946,-4.581892461054027,76.38301858434397
Default,3,17460,interpolated,221,43596837.09664642,-4.570903353579342,76.76195332485031
Default,3,17460,interpolated,222,43596848.085753895,-4.559914246104658,77.81715077906847
Default,3,17460,interpolated,223,43596859.07486137,-4.548925138629973,78.59263890411921
Default,3,17460,interpolated,224,43596870.06396884,-4.537936031162739,81.07644329026903
Default,3,17460,interpolated,225,43596881.05307631,-4.526946923688054,81.4834472708128
Default,3,17460,interpolated,226,43596892.04218379,-4.515957816213369,81.89045125135658
Default,3,17460,interpolated,227,43596903.03129126,-4.5049687087386845,82.80312912613158
Default,3,17460,interpolated,228,43596914.020398736,-4.493979601264,83.75169989466667
Default,3,17460,interpolated,229,43596925.0095062,-4.482990493796766,85.00009602225487
Default,3,17460,interpolated,230,43596935.99861368,-4.4720013863220816,85.11109710785786
Default,3,17460,interpolated,231,43596946.98772115,-4.461012278847396,85.22209819346062
Default,3,17460,interpolated,232,43596957.97682863,-4.450023171372711,85.33309927906362
Default,3,17460,interpolated,233,43596968.965936095,-4.439034063905478,85.44410036459112
Default,3,17460,interpolated,234,43596979.95504357,-4.428044956430793,85.55510145019412
Default,3,17460,interpolated,235,43596990.944151044,-4.4170558489561085,85.66610253579688
Default,3,17460,interpolated,236,43597001.93325852,-4.406066741481424,85.77710362139987
Default,3,17460,interpolated,237,43597012.922365986,-4.395077634014189,85.88810470692738
Default,3,17460,interpolated,238,43597023.91147346,-4.384088526539505,85.99910579253014
Default,3,17460,interpolated,239,43597034.900580935,-4.37309941906482,86.10187458817927
Default,3,17460,interpolated,240,43597045.88968841,-4.362110311590135,86.20457652719506
Default,3,17460,interpolated,241,43597056.87879588,-4.351121204122901,86.30727846614104
Default,3,17460,interpolated,242,43597067.86790335,-4.340132096648216,86.40998040515683
Default,3,17460,interpolated,243,43597078.85701083,-4.329142989173532,86.51268234417262
Default,3,17460,interpolated,244,43597089.8461183,-4.318153881698847,86.6153842831884
Default,3,17460,interpolated,245,43597100.835225776,-4.307164774224162,86.71808622220419
Default,3,17460,interpolated,246,43597111.82433324,-4.296175666756928,86.82078816115018
Default,3,17460,interpolated,247,43597122.81344072,-4.285186559282243,86.92349010016596
Default,3,17460,interpolated,248,43597133.80254819,-4.2741974518075585,87.70063704811037
Default,3,17460,interpolated,249,43597144.79165567,-4.263208344332874,88.1305554088949
Default,3,17460,interpolated,250,43597155.780763134,-4.25221923686564,88.27707684179154
Default,3,17460,interpolated,251,43597166.76987061,-4.241230129390955,88.42359827478731
Default,3,17460,interpolated,252,43597177.758978084,-4.23024102191627,88.57011970778308
Default,3,17460,interpolated,253,43597188.74808556,-4.219251914441585,88.71664114077885
Default,3,17460,interpolated,254,43597199.737193026,-4.208262806974352,88.86316257367525
Default,3,17460,interpolated,255,43597210.7263005,-4.197273699499667,89.0066027318212
Default,3,17460,interpolated,256,43597221.715407975,-4.1862845920249825,89.10650370886378
Default,3,17460,interpolated,257,43597232.70451545,-4.175295484550297,89.20640468590636
Default,3,17460,interpolated,258,43597243.69362292,-4.164306377083063,89.30630566288119
Default,3,17460,interpolated,259,43597254.68273039,-4.153317269608379,89.40620663992377
Default,3,17460,interpolated,260,43597265.67183787,-4.142328162133694,89.50610761696635
Default,3,17460,interpolated,261,43597276.66094534,-4.131339054659009,89.60600859400893
Default,3,17460,interpolated,262,43597287.650052816,-4.120349947184325,89.7059095710515
Default,3,17460,interpolated,263,43597298.63916028,-4.10936083971709,89.80581054802656
Default,3,17460,interpolated,264,43597309.62826776,-4.098371732242406,89.90571152506914
Default,3,17460,interpolated,265,43597320.61737523,-4.087382624767721,90.6173752322793
Default,3,17460,interpolated,266,43597331.60648271,-4.076393517293036,91.05992363111272
Default,3,17460,interpolated,267,43597342.595590174,-4.065404409825802,91.12200898403512
Default,3,17460,interpolated,268,43597353.58469765,-4.054415302351117,91.18409433699935
Default,3,17460,interpolated,269,43597364.57380512,-4.0434261948764325,91.24617968996358
Default,3,17460,interpolated,270,43597375.5629126,-4.032437087401748,91.30826504292804
Default,3,17460,interpolated,271,43597386.552020065,-4.021447979934513,91.37035039585021
Default,3,17460,interpolated,272,43597397.54112754,-4.010458872459829,91.43243574881444
Default,3,17460,interpolated,273,43597408.530235015,-3.999469764985144,91.4945211017789
Default,3,17460,interpolated,274,43597419.51934249,-3.9884806575104594,91.55660645474313
Default,3,17460,interpolated,275,43597430.50844996,-3.9774915500432253,91.6186918076653
Default,3,17460,interpolated,276,43597441.49755743,-3.9665024425685407,91.68077716062976
Default,3,17460,interpolated,277,43597452.486664906,-3.955513335093856,91.74286251359399
Default,3,17460,interpolated,278,43597463.47577238,-3.9445242276191714,91.80494786655845
Default,3,17460,interpolated,279,43597474.464879856,-3.9335351201444864,91.86703321952268
Default,3,17460,interpolated,280,43597485.45398732,-3.9225460126772522,91.92911857244485
Default,3,17460,interpolated,281,43597496.4430948,-3.9115569052025676,91.99120392540931
Default,3,17460,interpolated,282,43597507.43220227,-3.900567797727883,92.24821584926622
Default,3,17460,interpolated,283,43597518.42130975,-3.8895786902531984,92.53740288807376
Default,3,17460,interpolated,284,43597529.410417214,-3.878589582785964,92.82658992668507
Default,3,17460,interpolated,285,43597540.39952469,-3.8676004753112796,93.07856294086992
Default,3,17460,interpolated,286,43597551.38863216,-3.8566113678365945,93.27479700291792
Default,3,17460,interpolated,287,43597562.37773964,-3.84562226036191,93.47103106496593
Default,3,17460,interpolated,288,43597573.366847105,-3.8346331528946758,93.6672651268807
Default,3,17460,interpolated,289,43597584.35595458,-3.823644045419991,93.8634991889287
Default,3,17460,interpolated,290,43597595.345062055,-3.8126549379453065,94.08802794880762
Default,3,17460,interpolated,291,43597606.33416953,-3.8016658304706215,94.37721498761516
Default,3,17460,interpolated,292,43597617.323277,-3.7906767230033873,94.6664020262267
Default,3,17460,interpolated,293,43597628.31238447,-3.7796876155287027,94.95558906503425
Default,3,17460,interpolated,294,43597639.301491946,-3.768698508054018,96.07080328029201
Default,3,17460,interpolated,295,43597650.29059942,-3.7577094005793334,96.19427639798505
Default,3,17460,interpolated,296,43597661.279706895,-3.746720293104649,96.31774951567809
Default,3,17460,interpolated,297,43597672.26881436,-3.7357311856374147,96.44122263328745
Default,3,17460,interpolated,298,43597683.25792184,-3.7247420781627296,96.56469575098049
Default,3,17460,interpolated,299,43597694.24702931,-3.713752970688045,96.68816886867376
Default,3,17460,interpolated,300,43597705.23613679,-3.7027638632133604,96.8116419863668
Default,3,17460,interpolated,301,43597716.225244254,-3.6917747557461262,96.93511510397616
Default,3,17460,interpolated,302,43597727.21435173,-3.6807856482714416,97.3724536948971
Default,3,17460,interpolated,303,43597738.2034592,-3.669796540796757,99.0254324004054
Default,3,17460,interpolated,304,43597749.19256668,-3.658807433322072,100.06515442199861
Default,3,17460,interpolated,305,43597760.181674145,-3.647818325854838,100.2894219213299
Default,3,17460,interpolated,306,43597771.17078162,-3.636829218380153,100.51368942081331
Default,3,17460,interpolated,307,43597782.159889095,-3.6258401109054685,100.73795692029648
Default,3,17460,interpolated,308,43597793.14899657,-3.614851003430784,100.96222441977989
Default,3,17460,interpolated,309,43597804.13810404,-3.6038618959635498,101.43514781125964
Default,3,17460,interpolated,310,43597815.12721151,-3.592872788488865,101.95843864338735
Default,3,17460,interpolated,311,43597826.116318986,-3.58188368101418,102.2975387937006
Default,3,17460,interpolated,312,43597837.10542646,-3.5708945735394955,102.62074783707362
Default,3,17460,interpolated,313,43597848.094533935,-3.559905466064811,102.94395688044665
Default,3,17460,interpolated,314,43597859.0836414,-3.5489163585975767,103.08489384488257
Default,3,17460,interpolated,315,43597870.07274888,-3.537927251122892,103.18759578389813
Default,3,17460,interpolated,316,43597881.06185635,-3.5269381436482075,103.29029772291392
Default,3,17460,interpolated,317,43597892.05096383,-3.5159490361735224,103.39299966192971
Default,3,17460,interpolated,318,43597903.04007129,-3.5049599287062883,103.49570160087592
Default,3,17460,interpolated,319,43597914.02917877,-3.4939708212316036,103.59840353989148
Default,3,17460,interpolated,320,43597925.01828624,-3.482981713756919,103.70110547890727
Default,3,17460,interpolated,321,43597936.00739372,-3.4719926062822344,103.80380741792305
Default,3,17460,interpolated,322,43597946.996501185,-3.4610034988150002,103.90650935686926
Default,3,17460,interpolated,323,43597957.98560866,-3.4500143913403156,104.0579769799815
Default,3,17460,interpolated,324,43597968.974716134,-3.4390252838656306,104.70439506672756
Default,3,17460,interpolated,325,43597979.96382361,-3.428036176390946,105.25929667865444
Default,3,17460,interpolated,326,43597990.95293108,-3.417047068923712,105.73708395983863
Default,3,17460,interpolated,327,43598001.94203855,-3.406057961449027,106.2059182729572
Default,3,17460,interpolated,328,43598012.931146026,-3.3950688539743425,106.66379775106907
Default,3,17460,interpolated,329,43598023.9202535,-3.3840797464996575,107.06083861459047
Default,3,17460,interpolated,330,43598034.909360975,-3.373090639024973,107.2897783536464
Default,3,17460,interpolated,331,43598045.89846844,-3.3621015315577387,107.51871809254703
Default,3,17460,interpolated,332,43598056.88757592,-3.351112424083054,107.74765783160296
Default,3,17460,interpolated,333,43598067.87668339,-3.3401233166083695,107.9765975706589
Default,3,17460,interpolated,334,43598078.86579087,-3.329134209133685,108.98657908663154
Default,3,17460,interpolated,335,43598089.85489833,-3.3181451016664507,109.90457486112905
Default,3,17460,interpolated,336,43598100.84400581,-3.3071559941917656,111.02170996800169
Default,3,17460,interpolated,337,43598111.83311328,-3.296166886717081,111.10559628460237
Default,3,17460,interpolated,338,43598122.82222076,-3.2851777792423964,111.18948260120305
Default,3,17460,interpolated,339,43598133.811328225,-3.2741886717751623,111.2733689177469
Default,3,17460,interpolated,340,43598144.8004357,-3.2631995643004776,111.35725523434758
Default,3,17460,interpolated,341,43598155.789543174,-3.252210456825793,111.44114155094826
Default,3,17460,interpolated,342,43598166.77865065,-3.241221349351108,111.52502786754872
Default,3,17460,interpolated,343,43598177.76775812,-3.2302322418764233,111.6089141841494
Default,3,17460,interpolated,344,43598188.75686559,-3.219243134409189,111.69280050069324
Default,3,17460,interpolated,345,43598199.745973065,-3.2082540269345046,111.77668681729392
Default,3,17460,interpolated,346,43598210.73508054,-3.19726491945982,111.8605731338946
Default,3,17460,interpolated,347,43598221.724188015,-3.1862758119851353,111.94445945049506
Default,3,17460,interpolated,348,43598232.71329548,-3.175286704517901,112.14281905700386
Default,3,17460,interpolated,349,43598243.70240296,-3.164297597043216,112.5654770367994
Default,3,17460,interpolated,350,43598254.69151043,-3.1533084895685315,112.98813501659492
Default,3,17460,interpolated,351,43598265.680617906,-3.142319382093847,113.17509209682225
Default,3,17460,interpolated,352,43598276.66972537,-3.1313302746266127,113.35524139956374
Default,3,17460,interpolated,353,43598287.65883285,-3.120341167151928,113.53539070242732
Default,3,17460,interpolated,354,43598298.64794032,-3.1093520596772435,113.71554000529113
Default,3,17460,interpolated,355,43598309.6370478,-3.0983629522025584,113.89568930815472
Default,3,17460,interpolated,356,43598320.626155265,-3.0873738447353243,114.132175864705
Default,3,17460,interpolated,357,43598331.61526274,-3.0763847372606397,114.44615036398181
Default,3,17460,interpolated,358,43598342.604370214,-3.065395629785955,114.7601248632584
Default,3,17460,interpolated,359,43598353.59347769,-3.0544065223112704,115.0291401987497
Default,3,17460,interpolated,360,43598364.58258516,-3.043417414836586,115.15261331644297
Default,3,17460,interpolated,361,43598375.57169263,-3.0324283073693516,115.27608643405233
Default,3,17460,interpolated,362,43598386.560800105,-3.0214391998946666,115.39955955174537
Default,3,17460,interpolated,363,43598397.54990758,-3.010450092419982,115.52303266943841
Default,3,17460,interpolated,364,43598408.539015055,-2.9994609849452973,115.64650578713145
Default,3,17460,interpolated,365,43598419.52812252,-2.988471877478063,115.76997890474081
Default,3,17460,interpolated,366,43598430.51723,-2.9774827700033786,115.89345202243385
Default,3,17460,interpolated,367,43598441.50633747,-2.966493662528694,116.04859153133248
Default,3,17460,interpolated,368,43598452.495444946,-2.955504555054009,116.40307886922551
Default,3,17460,interpolated,369,43598463.48455241,-2.9445154475867747,116.75756620687821
Default,3,17460,interpolated,370,43598474.47365989,-2.93352634011209,117.05887559132043
Default,3,17460,interpolated,371,43598485.46276736,-2.9225372326374055,117.24513165021358
Default,3,17460,interpolated,372,43598496.45187484,-2.911548125162721,117.4313877091065
Default,3,17460,interpolated,373,43598507.440982305,-2.9005590176954867,117.617643767873
Default,3,17460,interpolated,374,43598518.43008978,-2.8895699102208017,117.80389982676616
Default,3,17460,interpolated,375,43598529.419197254,-2.878580802746117,117.99015588565908
Default,3,17460,interpolated,376,43598540.40830473,-2.8675916952714324,118.9462095207789
Default,3,17460,interpolated,377,43598551.3974122,-2.856602587796748,119.24180028379647
Default,3,17460,interpolated,378,43598562.38651967,-2.8456134803295137,119.49736092256944
Default,3,17460,interpolated,379,43598573.375627145,-2.834624372854829,119.75292156151568
Default,3,17460,interpolated,380,43598584.36473462,-2.823635265380144,120.0521049456936
Default,3,17460,interpolated,381,43598595.353842095,-2.8126461579054594,122.0367787827272
Default,3,17460,interpolated,382,43598606.34294956,-2.801657050438225,122.20848358690273
Default,3,17460,interpolated,383,43598617.33205704,-2.7906679429635406,122.38018839119468
Default,3,17460,interpolated,384,43598628.32116451,-2.779678835488856,122.55189319548663
Default,3,17460,interpolated,385,43598639.310271986,-2.7686897280141713,122.72359799977858
Default,3,17460,interpolated,386,43598650.29937945,-2.757700620546937,122.89530280395411
Default,3,17460,interpolated,387,43598661.28848693,-2.746711513072252,123.10996120327559
Default,3,17460,interpolated,388,43598672.2775944,-2.7357224055975675,123.39173318980602
Default,3,17460,interpolated,389,43598683.26670188,-2.724733298122883,123.67350517633645
Default,3,17460,interpolated,390,43598694.255809344,-2.7137441906556488,123.95527716267566
Default,3,17460,interpolated,391,43598705.24491682,-2.702755083180964,124.14674471141325
Default,3,17460,interpolated,392,43598716.23402429,-2.6917659757062795,124.32117498878915
Default,3,17460,interpolated,393,43598727.22313177,-2.6807768682315944,124.49560526616506
Default,3,17460,interpolated,394,43598738.21223924,-2.66978776075691,124.67003554354119
Default,3,17460,interpolated,395,43598749.20134671,-2.6587986532896757,124.84446582079886
Default,3,17460,interpolated,396,43598760.190454185,-2.647809545814991,125.00862647960162
Default,3,17460,interpolated,397,43598771.17956166,-2.6368204383403064,125.08825769318628
Default,3,17460,interpolated,398,43598782.168669134,-2.625831330865622,125.16788890677094
Default,3,17460,interpolated,399,43598793.1577766,-2.6148422233983877,125.24752012030149
Default,3,17460,interpolated,400,43598804.14688408,-2.6038531159237026,125.32715133388615
Default,3,17460,interpolated,401,43598815.13599155,-2.592864008449018,125.40678254747081
Default,3,17460,interpolated,402,43598826.125099026,-2.5818749009743334,125.48641376105547
Default,3,17460,interpolated,403,43598837.11420649,-2.5708857935070992,125.56604497458625
Default,3,17460,interpolated,404,43598848.10331397,-2.5598966860324146,125.64567618817091
Default,3,17460,interpolated,405,43598859.09242144,-2.54890757855773,125.72530740175557
Default,3,17460,interpolated,406,43598870.08152892,-2.537918471083045,125.80493861534023
Default,3,17460,interpolated,407,43598881.070636384,-2.5269293636158108,125.88456982887101
Default,3,17460,interpolated,408,43598892.05974386,-2.515940256141126,125.96420104245567
Default,3,17460,interpolated,409,43598903.04885133,-2.5049511486664415,126.16348246847451
Default,3,17460,interpolated,410,43598914.03795881,-2.493962041191757,126.46048537319575
Default,3,17460,interpolated,411,43598925.02706628,-2.4829729337170723,126.75748827791699
Default,3,17460,interpolated,412,43598936.01617375,-2.471983826249838,127.01292419070614
Default,3,17460,interpolated,413,43598947.005281225,-2.460994718775153,127.08336718733881
Default,3,17460,interpolated,414,43598957.9943887,-2.4500056113004685,127.15381018397125
Default,3,17460,interpolated,415,43598968.983496174,-2.439016503825784,127.22425318060391
Default,3,17460,interpolated,416,43598979.97260364,-2.4280273963585497,127.29469617718883
Default,3,17460,interpolated,417,43598990.961711116,-2.417038288883865,127.36513917382149
Default,3,17460,interpolated,418,43599001.95081859,-2.40604918140918,127.43558217045393
Default,3,17460,interpolated,419,43599012.939926066,-2.3950600739344954,127.50602516708659
Default,3,17460,interpolated,420,43599023.92903353,-2.3840709664672612,127.5764681636715
Default,3,17460,interpolated,421,43599034.91814101,-2.3730818589925766,127.64691116030394
Default,3,17460,interpolated,422,43599045.90724848,-2.362092751517892,127.71735415693661
Default,3,17460,interpolated,423,43599056.89635596,-2.3511036440432074,127.78779715356927
Default,3,17460,interpolated,424,43599067.885463424,-2.3401145365759732,127.85824015015396
Default,3,17460,interpolated,425,43599078.8745709,-2.329125429101288,127.92868314678663
Default,3,17460,interpolated,426,43599089.86367837,-2.3181363216266035,127.99912614341929
Default,3,17460,interpolated,427,43599100.85278585,-2.307147214151919,128.15503979782966
Default,3,17460,interpolated,428,43599111.84189332,-2.2961581066772343,128.31202704746806
Default,3,17460,interpolated,429,43599122.83100079,-2.28516899921,128.46901429700006
Default,3,17460,interpolated,430,43599133.820108265,-2.2741798917353155,128.62600154663846
Default,3,17460,interpolated,431,43599144.80921574,-2.2631907842606305,128.78298879627664
Default,3,17460,interpolated,432,43599155.798323214,-2.252201676785946,128.93997604591505
Default,3,17460,interpolated,433,43599166.78743068,-2.2412125693187117,129.3393715340644
Default,3,17460,interpolated,434,43599177.776538156,-2.230223461844027,129.8888269077986
Default,3,17460,interpolated,435,43599188.76564563,-2.2192343543693425,130.07689162833913
Default,3,17460,interpolated,436,43599199.754753105,-2.208245246894658,130.17328730794156
Default,3,17460,interpolated,437,43599210.74386057,-2.1972561394274237,130.26968298747875
Default,3,17460,interpolated,438,43599221.73296805,-2.1862670319527386,130.36607866708118
Default,3,17460,interpolated,439,43599232.72207552,-2.175277924478054,130.46247434668385
Default,3,17460,interpolated,440,43599243.711183,-2.1642888170033694,130.5588700262863
Default,3,17460,interpolated,441,43599254.700290464,-2.1532997095361353,130.65526570582347
Default,3,17460,interpolated,442,43599265.68939794,-2.1423106020614506,130.7516613854259
Default,3,17460,interpolated,443,43599276.67850541,-2.131321494586766,130.84805706502834
Default,3,17460,interpolated,444,43599287.66761289,-2.120332387112081,130.94445274463078
Default,3,17460,interpolated,445,43599298.65672036,-2.1093432796373963,131.66524576608617
Default,3,17460,interpolated,446,43599309.64582783,-2.098354172170162,132.33253183960915
Default,3,17460,interpolated,447,43599320.634935305,-2.0873650646954776,132.75518981940468
Default,3,17460,interpolated,448,43599331.62404278,-2.076375957220793,133.03584529286218
Default,3,17460,interpolated,449,43599342.613150254,-2.0653868497461083,133.1210321725107
Default,3,17460,interpolated,450,43599353.60225772,-2.054397742278874,133.2062190521017
Default,3,17460,interpolated,451,43599364.591365196,-2.043408634804189,133.29140593175043
Default,3,17460,interpolated,452,43599375.58047267,-2.0324195273295045,133.37659281139918
Default,3,17460,interpolated,453,43599386.569580145,-2.02143041985482,133.46177969104792
Default,3,17460,interpolated,454,43599397.55868761,-2.0104413123875857,133.54696657063892
Default,3,17460,interpolated,455,43599408.54779509,-1.9994522049129009,133.63215345028766
Default,3,17460,interpolated,456,43599419.53690256,-1.9884630974382163,133.7173403299364
Default,3,17460,interpolated,457,43599430.52601004,-1.9774739899635316,133.80252720958492
Default,3,17460,interpolated,458,43599441.5151175,-1.9664848824962975,133.88771408917592
Default,3,17460,interpolated,459,43599452.50422498,-1.9554957750216126,133.97290096882466
Default,3,17460,interpolated,460,43599463.49333245,-1.944506667546928,134.05240092624535
Default,3,17460,interpolated,461,43599474.48243993,-1.9335175600722432,134.12924783166272
Default,3,17460,interpolated,462,43599485.4715474,-1.9225284525975586,134.2060947370801
Default,3,17460,interpolated,463,43599496.46065487,-1.9115393451303244,134.2829416424454
Default,3,17460,interpolated,464,43599507.449762344,-1.9005502376556398,134.35978854786276
Default,3,17460,interpolated,465,43599518.43886982,-1.889561130180955,134.43663545328013
Default,3,17460,interpolated,466,43599529.427977294,-1.8785720227062703,134.5134823586975
Default,3,17460,interpolated,467,43599540.41708476,-1.8675829152390362,134.59032926406258
Default,3,17460,interpolated,468,43599551.406192236,-1.8565938077643513,134.66717616948017
Default,3,17460,interpolated,469,43599562.39529971,-1.8456047002896667,134.74402307489754
Default,3,17460,interpolated,470,43599573.384407185,-1.8346155928149819,134.8208699803149
Default,3,17460,interpolated,471,43599584.37351465,-1.8236264853477477,134.89771688567998
Default,3,17460,interpolated,472,43599595.36262213,-1.8126373778730631,134.97456379109735
Default,3,17460,interpolated,473,43599606.3517296,-1.8016482703983785,135.36758648008117
Default,3,17460,interpolated,474,43599617.34083708,-1.7906591629236936,135.91704185381536
Default,3,17460,interpolated,475,43599628.32994454,-1.7796700554564595,136.62199630290274
Default,3,17460,interpolated,476,43599639.31905202,-1.7686809479817749,138.0056855690441
Default,3,17460,interpolated,477,43599650.30815949,-1.75769184050709,138.05305241160727
Default,3,17460,interpolated,478,43599661.29726697,-1.7467027330324054,138.10041925417067
Default,3,17460,interpolated,479,43599672.28637444,-1.7357136255577208,138.14778609673385
Default,3,17460,interpolated,480,43599683.27548191,-1.7247245180904867,138.1951529392652
Default,3,17460,interpolated,481,43599694.264589384,-1.7137354106158018,138.24251978182838
Default,3,17460,interpolated,482,43599705.25369686,-1.7027463031411172,138.28988662439178
Default,3,17460,interpolated,483,43599716.24280433,-1.6917571956664323,138.33725346695496
Default,3,17460,interpolated,484,43599727.2319118,-1.6807680881991982,138.3846203094863
Default,3,17460,interpolated,485,43599738.221019275,-1.6697789807245136,138.4319871520495
Default,3,17460,interpolated,486,43599749.21012675,-1.6587898732498287,138.4793539946129
Default,3,17460,interpolated,487,43599760.199234225,-1.6478007657751441,138.52672083717607
Default,3,17460,interpolated,488,43599771.18834169,-1.63681165830791,138.5740876797072
Default,3,17460,interpolated,489,43599782.17744917,-1.6258225508332254,138.6214545222706
Default,3,17460,interpolated,490,43599793.16655664,-1.6148334433585405,138.66882136483378
Default,3,17460,interpolated,491,43599804.155664116,-1.6038443358838559,138.71618820739718
Default,3,17460,interpolated,492,43599815.14477158,-1.5928552284166217,138.7635550499283
Default,3,17460,interpolated,493,43599826.13387906,-1.581866120941937,138.8109218924917
Default,3,17460,interpolated,494,43599837.12298653,-1.5708770134672523,138.85828873505488
Default,3,17460,interpolated,495,43599848.11209401,-1.5598879059925677,138.9056555776183
Default,3,17460,interpolated,496,43599859.10120148,-1.5488987985178828,138.95302242018147
Default,3,17460,interpolated,497,43599870.09030895,-1.5379096910506487,139.0045154474676
Default,3,17460,interpolated,498,43599881.079416424,-1.526920583575964,139.5539708212018
Default,3,17460,interpolated,499,43599892.0685239,-1.5159314761012792,140.07661199624886
Default,3,17460,interpolated,500,43599903.05763137,-1.5049423686265946,140.48361597679286
Default,3,17460,interpolated,501,43599914.04673884,-1.4939532611593604,140.89061995706084
Default,3,17460,interpolated,502,43599925.035846315,-1.4829641536846758,142.16786154384408
Default,3,17460,interpolated,503,43599936.02495379,-1.471975046209991,142.53416512633362
Default,3,17460,interpolated,504,43599947.014061265,-1.4609859387353064,142.90046870882315
Default,3,17460,interpolated,505,43599958.00316873,-1.4499968312680722,143.42121940694346
Default,3,17460,interpolated,506,43599968.99227621,-1.4390077237933874,143.99959348455855
Default,3,17460,interpolated,507,43599979.98138368,-1.4280186163187027,144.23872573220206
Default,3,17460,interpolated,508,43599990.970491156,-1.417029508844018,144.47761937295604
Default,3,17460,interpolated,509,43600001.95959862,-1.4060404013767838,144.71651301354814
Default,3,17460,interpolated,510,43600012.9487061,-1.3950512939020991,144.95540665430212
Default,3,17460,interpolated,511,43600023.93781357,-1.3840621864274145,145.09715014752805
Default,3,17460,interpolated,512,43600034.92692105,-1.3730730789527297,145.21659696790516
Default,3,17460,interpolated,513,43600045.91602852,-1.362083971478045,145.33604378828204
Default,3,17460,interpolated,514,43600056.90513599,-1.351094864010811,145.4554906085782
Default,3,17460,interpolated,515,43600067.894243464,-1.340105756536126,145.57493742895508
Default,3,17460,interpolated,516,43600078.88335094,-1.3291166490614414,145.6943842493322
Default,3,17460,interpolated,517,43600089.87245841,-1.3181275415867568,145.81383106970907
Default,3,17460,interpolated,518,43600100.86156588,-1.3071384341195227,145.93327789000523
Default,3,17460,interpolated,519,43600111.850673355,-1.2961493266448378,146.60633416939527
Default,3,17460,interpolated,520,43600122.83978083,-1.2851602191701532,147.48998630186543
Default,3,17460,interpolated,521,43600133.828888305,-1.2741711116954684,148.7072220761329
Default,3,17460,interpolated,522,43600144.81799577,-1.2631820042282342,150.15203440985806
Default,3,17460,interpolated,523,43600155.80710325,-1.2521928967535496,150.34150178011123
Default,3,17460,interpolated,524,43600166.79621072,-1.241203789278865,150.5309691503644
Default,3,17460,interpolated,525,43600177.785318196,-1.2302146818041801,150.72043652061757
Default,3,17460,interpolated,526,43600188.77442567,-1.2192255743294955,150.90990389087074
Default,3,17460,interpolated,527,43600199.76353314,-1.2082364668622614,151.23054132550965
Default,3,17460,interpolated,528,43600210.75264061,-1.1972473593875765,151.67010562449695
Default,3,17460,interpolated,529,43600221.74174809,-1.186258251912892,152.0583350656832
Default,3,17460,interpolated,530,43600232.73085556,-1.175269144438207,152.2921458630169
Default,3,17460,interpolated,531,43600243.71996303,-1.164280036970973,152.52595666019215
Default,3,17460,interpolated,532,43600254.7090705,-1.1532909294962883,152.75976745752587
Default,3,17460,interpolated,533,43600265.69817798,-1.1423018220216037,152.99357825485959
Default,3,17460,interpolated,534,43600276.68728545,-1.1313127145469188,153.2606654988556
Default,3,17460,interpolated,535,43600287.67639292,-1.1203236070796847,153.52869251025163
Default,3,17460,interpolated,536,43600298.665500395,-1.109334499605,153.79671952182935
Default,3,17460,interpolated,537,43600309.65460787,-1.0983453921303152,154.03587307932003
Default,3,17460,interpolated,538,43600320.643715344,-1.0873562846556306,154.18437453168076
Default,3,17460,interpolated,539,43600331.63282281,-1.0763671771883965,154.33287598394054
Default,3,17460,interpolated,540,43600342.62193029,-1.0653780697137119,154.48137743630127
Default,3,17460,interpolated,541,43600353.61103776,-1.054388962239027,154.62987888866178
Default,3,17460,interpolated,542,43600364.600145236,-1.0433998547643424,154.7783803410225
Default,3,17460,interpolated,543,43600375.58925271,-1.0324107472896575,154.92688179338302
Default,3,17460,interpolated,544,43600386.57836018,-1.0214216398224234,155.03553095654502
Default,3,17460,interpolated,545,43600397.56746765,-1.0104325323477388,155.10552527167056
Default,3,17460,interpolated,546,43600408.55657513,-0.999443424873054,155.17551958679587
Default,3,17460,interpolated,547,43600419.5456826,-0.9884543173983693,155.24551390192119
Default,3,17460,interpolated,548,43600430.53479007,-0.9774652099311352,155.3155082169992
Default,3,17460,interpolated,549,43600441.52389754,-0.9664761024564504,155.38550253212452
Default,3,17460,interpolated,550,43600452.51300502,-0.9554869949817658,155.45549684724983
Default,3,17460,interpolated,551,43600463.50211249,-0.9444978875070811,155.52549116237537
Default,3,17460,interpolated,552,43600474.49121996,-0.9335087800398469,155.59548547745317
Default,3,17460,interpolated,553,43600485.480327435,-0.9225196725651622,155.66547979257848
Default,3,17460,interpolated,554,43600496.46943491,-0.9115305650904775,155.73547410770402
Default,3,17460,interpolated,555,43600507.458542384,-0.9005414576157927,155.80546842282934
Default,3,17460,interpolated,556,43600518.44764985,-0.8895523501485586,155.87546273790736
Default,3,17460,interpolated,557,43600529.436757326,-0.8785632426738739,155.94545705303267
Default,3,17460,interpolated,558,43600540.4258648,-0.8675741351991892,156.03369256667793
Default,3,17460,interpolated,559,43600551.414972275,-0.8565850277245045,156.18631905938196
Default,3,17460,interpolated,560,43600562.40407975,-0.8455959202498198,156.33894555208576
Default,3,17460,interpolated,561,43600573.39318722,-0.8346068127825856,156.49157204468634
Default,3,17460,interpolated,562,43600584.38229469,-0.8236177053079009,156.64419853739037
Default,3,17460,interpolated,563,43600595.37140217,-0.8126285978332162,156.79682503009417
Default,3,17460,interpolated,564,43600606.36050964,-0.8016394903585314,156.9494515227982
Default,3,17460,interpolated,565,43600617.34961711,-0.7906503828912974,157.05697377603656
Default,3,17460,interpolated,566,43600628.33872458,-0.7796612754166127,157.14216065568507
Default,3,17460,interpolated,567,43600639.32783206,-0.7686721679419279,157.22734753533382
Default,3,17460,interpolated,568,43600650.31693953,-0.7576830604672432,157.31253441498257
Default,3,17460,interpolated,569,43600661.306047,-0.7466939530000091,157.39772129457356
Default,3,17460,interpolated,570,43600672.295154475,-0.7357048455253243,157.4829081742223
Default,3,17460,interpolated,571,43600683.28426195,-0.7247157380506396,157.56809505387105
Default,3,17460,interpolated,572,43600694.273369424,-0.713726630575955,157.6532819335198
Default,3,17460,interpolated,573,43600705.26247689,-0.7027375231087208,157.73846881311079
Default,3,17460,interpolated,574,43600716.251584366,-0.6917484156340361,157.8236556927593
Default,3,17460,interpolated,575,43600727.24069184,-0.6807593081593514,157.90884257240805
Default,3,17460,interpolated,576,43600738.229799315,-0.6697702006846666,157.9940294520568
Default,3,17460,interpolated,577,43600749.21890679,-0.6587810932099819,158.23224788159132
Default,3,17460,interpolated,578,43600760.20801426,-0.6477919857427478,158.48200032402838
Default,3,17460,interpolated,579,43600771.19712173,-0.636802878268063,158.73175276663483
Default,3,17460,interpolated,580,43600782.18622921,-0.6258137707933784,158.9815052092415
Default,3,17460,interpolated,581,43600793.17533668,-0.6148246633186937,159.29927460827366
Default,3,17460,interpolated,582,43600804.16444415,-0.6038355558514595,159.62248365142773
Default,3,17460,interpolated,583,43600815.15355162,-0.5928464483767748,159.94569269480075
Default,3,17460,interpolated,584,43600826.1426591,-0.5818573409020901,160.11721357817828
Default,3,17460,interpolated,585,43600837.13176657,-0.5708682334274053,160.2580995714436
Default,3,17460,interpolated,586,43600848.12087404,-0.5598791259601712,160.3989855646132
Default,3,17460,interpolated,587,43600859.109981515,-0.5488900184854865,160.5398715578783
Default,3,17460,interpolated,588,43600870.09908899,-0.5379009110108018,160.68075755114364
Default,3,17460,interpolated,589,43600881.088196464,-0.5269118035361171,160.82164354440874
Default,3,17460,interpolated,590,43600892.07730393,-0.515922696068883,160.96252953757835
Default,3,17460,interpolated,591,43600903.066411406,-0.5049335885941982,161.0713841717327
Default,3,17460,interpolated,592,43600914.05551888,-0.4939444811195135,161.16863291044683
Default,3,17460,interpolated,593,43600925.044626355,-0.4829553736448288,161.26588164916075
Default,3,17460,interpolated,594,43600936.03373383,-0.4719662661701441,161.3631303878749
Default,3,17460,interpolated,595,43600947.0228413,-0.46097715870290995,161.46037912652287
Default,3,17460,interpolated,596,43600958.01194877,-0.4499880512282252,161.557627865237
Default,3,17460,interpolated,597,43600969.00105625,-0.43899894375354054,161.65487660395092
Default,3,17460,interpolated,598,43600979.99016372,-0.4280098362788558,161.75212534266507
Default,3,17460,interpolated,599,43600990.97927119,-0.41702072881162167,161.84937408131304
Default,3,17460,interpolated,600,43601001.96837866,-0.40603162133693693,161.9466228200272
Default,3,17460,interpolated,601,43601012.95748614,-0.39504251386225225,162.150226852659
Default,3,17460,interpolated,602,43601023.94659361,-0.3840534063875675,162.48323010946774
Default,3,17460,interpolated,603,43601034.93570108,-0.3730642989203334,162.81623336605048
Default,3,17460,interpolated,604,43601045.924808554,-0.3620751914456487,163.22385493428874
Default,3,17460,interpolated,605,43601056.91391603,-0.35108608397096397,163.72335981950164
Default,3,17460,interpolated,606,43601067.9030235,-0.34009697649627924,164.08037743448722
Default,3,17460,interpolated,607,43601078.89213097,-0.3291078690290451,164.2605267372287
Default,3,17460,interpolated,608,43601089.881238446,-0.3181187615543604,164.4406760400925
Default,3,17460,interpolated,609,43601100.87034592,-0.3071296540796757,164.6208253429561
Default,3,17460,interpolated,610,43601111.859453395,-0.29614054660499095,164.8009746458199
Default,3,17460,interpolated,611,43601122.84856087,-0.2851514391303063,164.9811239486835
Default,3,17460,interpolated,612,43601133.83766834,-0.27416233166307213,165.17886669703512
Default,3,17460,interpolated,613,43601144.82677581,-0.2631732241883874,165.37866865112028
Default,3,17460,interpolated,614,43601155.81588329,-0.25218411671370267,165.57847060520544
Default,3,17460,interpolated,615,43601166.80499076,-0.24119500923901796,165.7782725592906
Default,3,17460,interpolated,616,43601177.79409823,-0.23020590177178382,165.97807451324024
Default,3,17460,interpolated,617,43601188.7832057,-0.21921679429709912,167.52178505406937
Default,3,17460,interpolated,618,43601199.77231318,-0.2082276868224144,168.12898143723214
Default,3,17460,interpolated,619,43601210.76142065,-0.19723857934772968,168.42598434195315
Default,3,17460,interpolated,620,43601221.75052812,-0.18624947188049557,168.72298724647317
Default,3,17460,interpolated,621,43601232.739635594,-0.17526036440581083,169.73963559418917
Default,3,17460,interpolated,622,43601243.72874307,-0.16427125693112613,170.0606143676207
Default,3,17460,interpolated,623,43601254.71785054,-0.15328214945644142,170.12269972058516
Default,3,17460,interpolated,624,43601265.70695801,-0.14229304198920728,170.18478507350733
Default,3,17460,interpolated,625,43601276.696065485,-0.13130393451452255,170.24687042647156
Default,3,17460,interpolated,626,43601287.68517296,-0.12031482703983784,170.30895577943602
Default,3,17460,interpolated,627,43601298.674280435,-0.10932571956515312,170.37104113240025
Default,3,17460,interpolated,628,43601309.66338791,-0.09833661209046841,170.43312648536448
Default,3,17460,interpolated,629,43601320.65249538,-0.08734750462323428,170.49521183828688
Default,3,17460,interpolated,630,43601331.64160285,-0.07635839714854956,170.5572971912511
Default,3,17460,interpolated,631,43601342.630710326,-0.06536928967386484,170.61938254421534
Default,3,17460,interpolated,632,43601353.6198178,-0.05438018219918013,170.6814678971798
Default,3,17460,interpolated,633,43601364.60892527,-0.04339107473194599,170.74355325010197
Default,3,17460,interpolated,634,43601375.59803274,-0.03240196725726128,170.80563860306643
Default,3,17460,interpolated,635,43601386.58714022,-0.021412859782576562,170.86772395603066
Default,3,17460,interpolated,636,43601397.57624769,-0.010423752307891845,170.9298093089949
Default,3,17460,interpolated,637,43601408.56535516,0.000565355159342289,170.99189466191729
Default,3,17460,interpolated,638,43601419.554462634,0.011554462634027004,170.98407589560998
Default,3,17460,interpolated,639,43601430.54357011,0.02254357010871172,170.96576071648542
Default,3,17460,interpolated,640,43601441.53267758,0.03353267758339643,170.9474455373611
Default,3,17460,interpolated,641,43601452.52178505,0.04452178505063057,170.92913035824904
Default,3,17460,interpolated,642,43601463.510892525,0.055510892525315284,170.91081517912448
Default,3,17460,interpolated,643,43601474.5,0.0665,170.89249999999993
Default,3,17460,interpolated,644,43601485.489107475,0.07748910747468472,170.8741848208756
Default,3,17460,interpolated,645,43601496.47821495,0.08847821494936943,170.85586964175104
Default,3,17460,interpolated,646,43601507.46732242,0.09946732241660357,170.837554462639
Default,3,17460,interpolated,647,43601518.45642989,0.11045642989128829,170.81923928351443
Default,3,17460,interpolated,648,43601529.445537366,0.121445537365973,170.8009241043901
Default,3,17460,interpolated,649,43601540.43464484,0.1324346448406577,170.78260892526555
Default,3,17460,interpolated,650,43601551.42375231,0.14342375230789184,170.7642937461535
Default,3,17460,interpolated,651,43601562.41285978,0.15441285978257657,170.74597856702894
Default,3,17460,interpolated,652,43601573.40196726,0.16540196725726128,170.7276633879046
Default,3,17460,interpolated,653,43601584.39107473,0.17639107473194598,170.70934820878006
Default,3,17460,interpolated,654,43601595.3801822,0.18738018219918012,170.691033029668
Default,3,17460,interpolated,655,43601606.369289674,0.19836928967386486,170.67271785054345
Default,3,17460,interpolated,656,43601617.35839715,0.20935839714854956,170.65440267141912
Default,3,17460,interpolated,657,43601628.34750462,0.22034750462323427,170.63608749229456
Default,3,17460,interpolated,658,43601639.33661209,0.2313366120904684,170.6177723131825
Default,3,17460,interpolated,659,43601650.325719565,0.2423257195651531,170.59945713405818
Default,3,17460,interpolated,660,43601661.31482704,0.2533148270398378,170.58114195493363
Default,3,17460,interpolated,661,43601672.303934515,0.26430393451452255,170.56282677580907
Default,3,17460,interpolated,662,43601683.29304199,0.2752930419892073,170.54451159668474
Default,3,17460,interpolated,663,43601694.28214946,0.2862821494564414,170.5261964175727
Default,3,17460,interpolated,664,43601705.27125693,0.2972712569311261,170.50788123844814
Default,3,17460,interpolated,665,43601716.260364406,0.30826036440581084,170.48956605932358
Default,3,17460,interpolated,666,43601727.24947188,0.31924947188049557,170.47125088019925
Default,3,17460,interpolated,667,43601738.23857935,0.3302385793477297,170.4529357010872
Default,3,17460,interpolated,668,43601749.22768682,0.3412276868224144,170.43462052196264
Default,3,17460,interpolated,669,43601760.2167943,0.3522167942970991,170.4163053428381
Default,3,17460,interpolated,670,43601771.20590177,0.36320590177178386,170.39799016371376
Default,3,17460,interpolated,671,43601782.19500924,0.374195009239018,170.3796749846017
Default,3,17460,interpolated,672,43601793.18411671,0.3851841167137027,170.36135980547715
Default,3,17460,interpolated,673,43601804.17322419,0.3961732241883874,170.3430446263526
Default,3,17460,interpolated,674,43601815.16233166,0.40716233166307214,170.32472944722826
Default,3,17460,interpolated,675,43601826.15143913,0.4181514391303063,170.3064142681162
Default,3,17460,interpolated,676,43601837.140546605,0.42914054660499096,170.28809908899166
Default,3,17460,interpolated,677,43601848.12965408,0.4401296540796757,170.2697839098671
Default,3,17460,interpolated,678,43601859.118761554,0.4511187615543604,170.25146873074277
Default,3,17460,interpolated,679,43601870.10786903,0.4621078690290451,170.23315355161822
Default,3,17460,interpolated,680,43601881.0969765,0.47309697649627924,170.21483837250616
Default,3,17460,interpolated,681,43601892.08608397,0.484086083970964,170.19652319338184
Default,3,17460,interpolated,682,43601903.075191446,0.49507519144564865,170.17820801425728
Default,3,17460,interpolated,683,43601914.06429892,0.5060642989203334,170.15989283513272
Default,3,17460,interpolated,684,43601925.05340639,0.5170534063875676,170.14157765602067
Default,3,17460,interpolated,685,43601936.04251386,0.5280425138622522,170.12326247689634
Default,3,17460,interpolated,686,43601947.03162134,0.5390316213369369,170.1049472977718
Default,3,17460,interpolated,687,43601958.02072881,0.5500207288116217,170.08663211864723
Default,3,17460,interpolated,688,43601969.00983628,0.5610098362788558,170.06831693953518
Default,3,17460,interpolated,689,43601979.99894375,0.5719989437535405,170.05000176041085
Default,3,17460,interpolated,690,43601990.98805123,0.5829880512282253,170.0316865812863
Default,3,17460,interpolated,691,43602001.9771587,0.59397715870291,170.01337140216174
Default,3,17460,interpolated,692,43602012.96626617,0.604966266170144,169.98699006065726
Default,3,17460,interpolated,693,43602023.955373645,0.6159553736448288,169.93879222085593
Default,3,17460,interpolated,694,43602034.94448112,0.6269444811195135,169.89059438105483
Default,3,17460,interpolated,695,43602045.933588594,0.6379335885941982,169.8423965412535
Default,3,17460,interpolated,696,43602056.92269607,0.648922696068883,169.79419870145216
Default,3,17460,interpolated,697,43602067.911803536,0.6599118035361171,169.7460008616838
Default,3,17460,interpolated,698,43602078.90091101,0.6709009110108018,169.69780302188246
Default,3,17460,interpolated,699,43602089.890018485,0.6818900184854865,169.64960518208113
Default,3,17460,interpolated,700,43602100.87912596,0.6928791259601712,169.60140734228003
Default,3,17460,interpolated,701,43602111.86823343,0.7038682334274053,169.55320950251144
Default,3,17460,interpolated,702,43602122.8573409,0.7148573409020901,169.5050116627101
Default,3,17460,interpolated,703,43602133.84644838,0.7258464483767748,169.45681382290877
Default,3,17460,interpolated,704,43602144.83555585,0.7368355558514595,169.40861598310767
Default,3,17460,interpolated,705,43602155.82466332,0.7478246633186937,169.36041814333907
Default,3,17460,interpolated,706,43602166.81377079,0.7588137707933784,169.31222030353774
Default,3,17460,interpolated,707,43602177.80287827,0.769802878268063,169.26402246373664
Default,3,17460,interpolated,708,43602188.79198574,0.7807919857427478,169.2158246239353
Default,3,17460,interpolated,709,43602199.78109321,0.7917810932099819,169.1676267841667
Default,3,17460,interpolated,710,43602210.770200685,0.8027702006846666,169.1194289443656
Default,3,17460,interpolated,711,43602221.75930816,0.8137593081593514,169.07123110456428
Default,3,17460,interpolated,712,43602232.748415634,0.8247484156340361,169.02303326476294
Default,3,17460,interpolated,713,43602243.73752311,0.8357375231087208,168.68124871618215
Default,3,17460,interpolated,714,43602254.726630576,0.846726630575955,168.0707427457803
Default,3,17460,interpolated,715,43602265.71573805,0.8577157380506396,167.68658909514056
Default,3,17460,interpolated,716,43602276.704845525,0.8687048455253243,167.33210175724753
Default,3,17460,interpolated,717,43602287.693953,0.8796939530000091,166.82651174999774
Default,3,17460,interpolated,718,43602298.68306047,0.8906830604672432,165.9586932232944
Default,3,17460,interpolated,719,43602309.67216794,0.901672167941928,165.89961200031212
Default,3,17460,interpolated,720,43602320.66127542,0.9126612754166127,165.84053077733006
Default,3,17460,interpolated,721,43602331.65038289,0.9236503828912973,165.78144955434777
Default,3,17460,interpolated,722,43602342.63949036,0.9346394903585314,165.72236833140573
Default,3,17460,interpolated,723,43602353.62859783,0.9456285978332162,165.66328710842367
Default,3,17460,interpolated,724,43602364.61770531,0.9566177053079009,165.6042058854414
Default,3,17460,interpolated,725,43602375.60681278,0.9676068127825856,165.54512466245933
Default,3,17460,interpolated,726,43602386.59592025,0.9785959202498198,165.48604343951706
Default,3,17460,interpolated,727,43602397.585027725,0.9895850277245045,165.426962216535
Default,3,17460,interpolated,728,43602408.5741352,1.0005741351991893,165.36788099355272
Default,3,17460,interpolated,729,43602419.563242674,1.0115632426738739,165.30879977057066
Default,3,17460,interpolated,730,43602430.55235015,1.0225523501485587,165.24971854758837
Default,3,17460,interpolated,731,43602441.541457616,1.0335414576157929,165.19063732464633
Default,3,17460,interpolated,732,43602452.53056509,1.0445305650904775,165.13155610166405
Default,3,17460,interpolated,733,43602463.519672565,1.055519672565162,165.072474878682
Default,3,17460,interpolated,734,43602474.50878004,1.066508780039847,165.0133936556997
Default,3,17460,interpolated,735,43602485.49788751,1.077497887507081,164.91668737738155
Default,3,17460,interpolated,736,43602496.48699498,1.0884869949817657,164.80895102959062
Default,3,17460,interpolated,737,43602507.47610246,1.0994761024564506,164.70121468179946
Default,3,17460,interpolated,738,43602518.46520993,1.1104652099311352,164.59347833400852
Default,3,17460,interpolated,739,43602529.4543174,1.1214543173983693,164.48574198629058
Default,3,17460,interpolated,740,43602540.44342487,1.1324434248730542,164.37800563849942
Default,3,17460,interpolated,741,43602551.43253235,1.1434325323477388,164.27026929070848
Default,3,17460,interpolated,742,43602562.42163982,1.1544216398224234,164.16253294291732
Default,3,17460,interpolated,743,43602573.41074729,1.1654107472896575,164.05479659519938
Default,3,17460,interpolated,744,43602584.399854764,1.1763998547643424,163.74286405884095
Default,3,17460,interpolated,745,43602595.38896224,1.187388962239027,163.219573226713
Default,3,17460,interpolated,746,43602606.37806971,1.1983780697137119,162.5093792527914
Default,3,17460,interpolated,747,43602617.36717719,1.2093671771883965,161.85912331650343
Default,3,17460,interpolated,748,43602628.356284656,1.2203562846556306,161.50463597885073
Default,3,17460,interpolated,749,43602639.34539213,1.2313453921303152,161.15014864095747
Default,3,17460,interpolated,750,43602650.334499605,1.242334499605,160.84917858083327
Default,3,17460,interpolated,751,43602661.32360708,1.2533236070796847,160.5875331647694
Default,3,17460,interpolated,752,43602672.31271455,1.2643127145469188,160.3258877488829
Default,3,17460,interpolated,753,43602683.30182202,1.2753018220216037,160.06424233281905
Default,3,17460,interpolated,754,43602694.2909295,1.2862909294962883,159.40779075026512
Default,3,17460,interpolated,755,43602705.28003697,1.297280036970973,158.95969437426743
Default,3,17460,interpolated,756,43602716.26914444,1.308269144438207,158.8758080577236
Default,3,17460,interpolated,757,43602727.25825191,1.319258251912892,158.7919217411229
Default,3,17460,interpolated,758,43602738.24735939,1.3302473593875765,158.70803542452222
Default,3,17460,interpolated,759,43602749.23646686,1.3412364668622614,158.62414910792177
Default,3,17460,interpolated,760,43602760.22557434,1.352225574336946,158.54026279132108
Default,3,17460,interpolated,761,43602771.214681804,1.3632146818041802,158.45637647477724
Default,3,17460,interpolated,762,43602782.20378928,1.374203789278865,158.37249015817656
Default,3,17460,interpolated,763,43602793.19289675,1.3851928967535496,158.28860384157588
Default,3,17460,interpolated,764,43602804.18200423,1.3961820042282342,158.20471752497542
Default,3,17460,interpolated,765,43602815.171111695,1.4071711116954684,158.12083120843158
Default,3,17460,interpolated,766,43602826.16021917,1.4181602191701532,158.0369448918309
Default,3,17460,interpolated,767,43602837.149326645,1.4291493266448378,157.91800897806888
Default,3,17460,interpolated,768,43602848.13843412,1.4401384341195227,157.77148754507311
Default,3,17460,interpolated,769,43602859.12754159,1.4511275415867568,157.62496611217648
Default,3,17460,interpolated,770,43602870.11664906,1.4621166490614415,157.4784446791807
Default,3,17460,interpolated,771,43602881.105756536,1.473105756536126,157.33192324618494
Default,3,17460,interpolated,772,43602892.09486401,1.484094864010811,157.18540181318917
Default,3,17460,interpolated,773,43602903.08397148,1.495083971478045,157.03888038029277
Default,3,17460,interpolated,774,43602914.07307895,1.5060730789527297,156.90033235860824
Default,3,17460,interpolated,775,43602925.06218643,1.5170621864274145,156.76466436509372
Default,3,17460,interpolated,776,43602936.0512939,1.5280512939020992,156.62899637157898
Default,3,17460,interpolated,777,43602947.04040138,1.5390404013767838,156.49332837806446
Default,3,17460,interpolated,778,43602958.029508844,1.550029508844018,156.3576603846418
Default,3,17460,interpolated,779,43602969.01861632,1.5610186163187028,156.22199239112706
Default,3,17460,interpolated,780,43602980.00772379,1.5720077237933874,156.08632439761254
Default,3,17460,interpolated,781,43602990.99683127,1.5829968312680722,154.9940309504907
Default,3,17460,interpolated,782,43603001.985938735,1.5939859387353064,154.92822791176468
Default,3,17460,interpolated,783,43603012.97504621,1.604975046209991,154.8624248729941
Default,3,17460,interpolated,784,43603023.964153685,1.6159641536846758,154.79662183422352
Default,3,17460,interpolated,785,43603034.95326116,1.6269532611593605,154.73081879545293
Default,3,17460,interpolated,786,43603045.94236863,1.6379423686265946,154.66501575672692
Default,3,17460,interpolated,787,43603056.9314761,1.6489314761012792,154.59921271795633
Default,3,17460,interpolated,788,43603067.920583576,1.659920583575964,154.53340967918575
Default,3,17460,interpolated,789,43603078.90969105,1.6709096910506487,154.46760664041517
Default,3,17460,interpolated,790,43603089.89879852,1.6818987985178828,154.40180360168938
Default,3,17460,interpolated,791,43603100.88790599,1.6928879059925677,154.3360005629188
Default,3,17460,interpolated,792,43603111.87701347,1.7038770134672523,154.27019752414822
Default,3,17460,interpolated,793,43603122.86612094,1.714866120941937,154.20439448537763
Default,3,17460,interpolated,794,43603133.85522842,1.7258552284166218,154.13859144660705
Default,3,17460,interpolated,795,43603144.844335884,1.736844335883856,154.07278840788103
Default,3,17460,interpolated,796,43603155.83344336,1.7478334433585405,154.00698536911045
Default,3,17460,interpolated,797,43603166.82255083,1.7588225508332254,153.8672628265781
Default,3,17460,interpolated,798,43603177.81165831,1.76981165830791,153.71876137421737
Default,3,17460,interpolated,799,43603188.800765775,1.7808007657751441,153.5702599219576
Default,3,17460,interpolated,800,43603199.78987325,1.7917898732498287,153.42175846959685
Default,3,17460,interpolated,801,43603210.778980725,1.8027789807245136,153.27325701723635
Default,3,17460,interpolated,802,43603221.7680882,1.8137680881991982,153.1247555648756
Default,3,17460,interpolated,803,43603232.75719567,1.8247571956664324,152.98796441324362
Default,3,17460,interpolated,804,43603243.74630314,1.8357463031411172,152.91269655382803
Default,3,17460,interpolated,805,43603254.735410616,1.8467354106158018,152.8374286944122
Default,3,17460,interpolated,806,43603265.72451809,1.8577245180904867,152.76216083499662
Default,3,17460,interpolated,807,43603276.71362556,1.8687136255577208,152.68689297563196
Default,3,17460,interpolated,808,43603287.70273303,1.8797027330324054,152.61162511621637
Default,3,17460,interpolated,809,43603298.69184051,1.89069184050709,152.53635725680078
Default,3,17460,interpolated,810,43603309.68094798,1.901680947981775,152.4610893973852
Default,3,17460,interpolated,811,43603320.67005546,1.9126700554564595,152.38582153796938
Default,3,17460,interpolated,812,43603331.65916292,1.9236591629236937,152.31055367860495
Default,3,17460,interpolated,813,43603342.6482704,1.9346482703983785,152.23528581918913
Default,3,17460,interpolated,814,43603353.63737787,1.9456373778730631,152.16001795977354
Default,3,17460,interpolated,815,43603364.62648535,1.9566264853477477,152.08475010035795
Default,3,17460,interpolated,816,43603375.615592815,1.9676155928149819,152.0094822409933
Default,3,17460,interpolated,817,43603386.60470029,1.9786047002896667,151.83720846966662
Default,3,17460,interpolated,818,43603397.593807764,1.9895938077643514,151.6509524107737
Default,3,17460,interpolated,819,43603408.58291524,2.000582915239036,151.46469635188078
Default,3,17460,interpolated,820,43603419.572022706,2.0115720227062703,151.27844029311404
Default,3,17460,interpolated,821,43603430.56113018,2.022561130180955,151.09218423422112
Default,3,17460,interpolated,822,43603441.550237656,2.0335502376556396,150.96594946223536
Default,3,17460,interpolated,823,43603452.53934513,2.044539345130324,150.8985316249673
Default,3,17460,interpolated,824,43603463.5284526,2.0555284525975583,150.83111378774515
Default,3,17460,interpolated,825,43603474.51756007,2.0665175600722434,150.76369595047709
Default,3,17460,interpolated,826,43603485.50666755,2.077506667546928,150.69627811320902
Default,3,17460,interpolated,827,43603496.49577502,2.0884957750216127,150.62886027594095
Default,3,17460,interpolated,828,43603507.4848825,2.0994848824962973,150.5614424386731
Default,3,17460,interpolated,829,43603518.47398996,2.1104739899635314,150.49402460145075
Default,3,17460,interpolated,830,43603529.46309744,2.121463097438216,150.42660676418268
Default,3,17460,interpolated,831,43603540.45220491,2.132452204912901,150.3591889269146
Default,3,17460,interpolated,832,43603551.44131239,2.1434413123875857,150.29177108964677
Default,3,17460,interpolated,833,43603562.430419855,2.15443041985482,150.2243532524244
Default,3,17460,interpolated,834,43603573.41952733,2.1654195273295045,150.15693541515634
Default,3,17460,interpolated,835,43603584.408634804,2.176408634804189,150.0895175778885
Default,3,17460,interpolated,836,43603595.39774228,2.187397742278874,150.02209974062043
Default,3,17460,interpolated,837,43603606.386849746,2.1983868497461083,149.8680919688195
Default,3,17460,interpolated,838,43603617.37595722,2.209375957220793,149.6718579067715
Default,3,17460,interpolated,839,43603628.365064695,2.2203650646954776,149.4756238447237
Default,3,17460,interpolated,840,43603639.35417217,2.231354172170162,149.2793897826757
Default,3,17460,interpolated,841,43603650.34327964,2.2423432796373963,149.08315572076071
Default,3,17460,interpolated,842,43603661.33238711,2.253332387112081,148.76546714399706
Default,3,17460,interpolated,843,43603672.32149459,2.264321494586766,148.35846316345305
Default,3,17460,interpolated,844,43603683.31060206,2.2753106020614506,147.67234948463738
Default,3,17460,interpolated,845,43603694.299709536,2.2862997095361353,146.0778100515406
Default,3,17460,interpolated,846,43603705.288817,2.2972888170033694,145.64521320678045
Default,3,17460,interpolated,847,43603716.27792448,2.308277924478054,145.2662784662739
Default,3,17460,interpolated,848,43603727.26703195,2.3192670319527386,144.79581050295383
Default,3,17460,interpolated,849,43603738.25613943,2.3302561394274237,144.10899128578603
Default,3,17460,interpolated,850,43603749.245246895,2.341245246894658,143.78499425826385
Default,3,17460,interpolated,851,43603760.23435437,2.3522343543693425,143.52943361931762
Default,3,17460,interpolated,852,43603771.223461844,2.363223461844027,143.27387298037138
Default,3,17460,interpolated,853,43603782.21256932,2.3742125693187117,143.01831234142537
Default,3,17460,interpolated,854,43603793.201676786,2.385201676785946,142.8937325334798
Default,3,17460,interpolated,855,43603804.19078426,2.3961907842606305,142.77926266395184
Default,3,17460,interpolated,856,43603815.179891735,2.4071798917353155,142.66479279442387
Default,3,17460,interpolated,857,43603826.16899921,2.41816899921,142.5503229248959
Default,3,17460,interpolated,858,43603837.15810668,2.4291581066772343,142.43585305544548
Default,3,17460,interpolated,859,43603848.14721415,2.440147214151919,142.3213831859175
Default,3,17460,interpolated,860,43603859.13632163,2.4511363216266036,142.20691331638955
Default,3,17460,interpolated,861,43603870.1254291,2.462125429101288,142.09244344686158
Default,3,17460,interpolated,862,43603881.114536576,2.4731145365759732,141.98541698913118
Default,3,17460,interpolated,863,43603892.10364404,2.4841036440432074,141.9096300410813
Default,3,17460,interpolated,864,43603903.09275152,2.495092751517892,141.83384309298003
Default,3,17460,interpolated,865,43603914.08185899,2.5060818589925766,141.75805614487876
Default,3,17460,interpolated,866,43603925.07096647,2.5170709664672613,141.6822691967775
Default,3,17460,interpolated,867,43603936.060073934,2.5280600739344954,141.60648224872762
Default,3,17460,interpolated,868,43603947.04918141,2.53904918140918,141.53069530062635
Default,3,17460,interpolated,869,43603958.038288884,2.550038288883865,141.45490835252508
Default,3,17460,interpolated,870,43603969.02739636,2.5610273963585497,141.3791214044238
Default,3,17460,interpolated,871,43603980.016503826,2.572016503825784,141.30333445637393
Default,3,17460,interpolated,872,43603991.0056113,2.5830056113004685,141.22754750827266
Default,3,17460,interpolated,873,43604001.994718775,2.593994718775153,141.1517605601714
Default,3,17460,interpolated,874,43604012.98382625,2.6049838262498377,141.07597361207013
Default,3,17460,interpolated,875,43604023.97293372,2.615972933717072,141.00018666402025
Default,3,17460,interpolated,876,43604034.96204119,2.626962041191757,140.85763582867844
Default,3,17460,interpolated,877,43604045.95114867,2.6379511486664415,140.7149201471891
Default,3,17460,interpolated,878,43604056.94025614,2.648940256141126,140.57220446569977
Default,3,17460,interpolated,879,43604067.929363616,2.659929363615811,140.4294887842102
Default,3,17460,interpolated,880,43604078.91847108,2.670918471083045,140.2867731028175
Default,3,17460,interpolated,881,43604089.90757856,2.68190757855773,140.14405742132817
Default,3,17460,interpolated,882,43604100.89668603,2.6928966860324146,140.00134173983884
Default,3,17460,interpolated,883,43604111.88579351,2.7038857935070992,139.8215443687361
Default,3,17460,interpolated,884,43604122.874900974,2.7148749009743334,139.64139506599463
Default,3,17460,interpolated,885,43604133.86400845,2.725864008449018,139.46124576313082
Default,3,17460,interpolated,886,43604144.85311592,2.7368531159237026,139.28109646026724
Default,3,17460,interpolated,887,43604155.8422234,2.7478422233983877,139.10094715740343
Default,3,17460,interpolated,888,43604166.831330866,2.758831330865622,138.93098098763403
Default,3,17460,interpolated,889,43604177.82043834,2.7698204383403064,138.77399373799562
Default,3,17460,interpolated,890,43604188.809545815,2.780809545814991,138.61700648835722
Default,3,17460,interpolated,891,43604199.79865329,2.7917986532896757,138.46001923871881
Default,3,17460,interpolated,892,43604210.78776076,2.80278776075691,138.30303198918705
Default,3,17460,interpolated,893,43604221.77686823,2.8137768682315945,138.14604473954864
Default,3,17460,interpolated,894,43604232.76597571,2.8247659757062795,137.98905748991024
Default,3,17460,interpolated,895,43604243.75508318,2.835755083180964,137.83207024027183
Default,3,17460,interpolated,896,43604254.744190656,2.8467441906556488,137.67508299063365
Default,3,17460,interpolated,897,43604265.73329812,2.857733298122883,137.51809574110166
Default,3,17460,interpolated,898,43604276.7224056,2.8687224055975675,137.36110849146326
Default,3,17460,interpolated,899,43604287.71151307,2.879711513072252,137.20412124182508
Default,3,17460,interpolated,900,43604298.70062055,2.890700620546937,137.04713399218667
Default,3,17460,interpolated,901,43604309.689728014,2.9016897280141714,136.81244565819088
Default,3,17460,interpolated,902,43604320.67883549,2.912678835488856,136.54441864661317
Default,3,17460,interpolated,903,43604331.66794296,2.9236679429635406,136.27639163503568
Default,3,17460,interpolated,904,43604342.65705044,2.9346570504382252,136.00836462345796
Default,3,17460,interpolated,905,43604353.646157905,2.9456461579054594,135.7634187132121
Default,3,17460,interpolated,906,43604364.63526538,2.956635265380144,135.51921632488575
Default,3,17460,interpolated,907,43604375.624372855,2.967624372854829,135.2750139365594
Default,3,17460,interpolated,908,43604386.61348033,2.9786134803295137,135.03081154823303
Default,3,17460,interpolated,909,43604397.6025878,2.989602587796748,134.7766840047268
Default,3,17460,interpolated,910,43604408.59169527,3.0005916952714324,134.52112336578057
Default,3,17460,interpolated,911,43604419.580802746,3.011580802746117,134.26556272683456
Default,3,17460,interpolated,912,43604430.56991022,3.0225699102208017,134.01000208788832
Default,3,17460,interpolated,913,43604441.559017695,3.0335590176954867,133.8553559219797
Default,3,17460,interpolated,914,43604452.54812516,3.044548125162721,133.7048202032504
Default,3,17460,interpolated,915,43604463.53723264,3.0555372326374055,133.5542844844192
Default,3,17460,interpolated,916,43604474.52634011,3.06652634011209,133.4037487655878
Default,3,17460,interpolated,917,43604485.51544759,3.0775154475867748,133.2532130467564
Default,3,17460,interpolated,918,43604496.504555054,3.088504555054009,133.1026773280273
Default,3,17460,interpolated,919,43604507.49366253,3.099493662528694,132.90018107060882
Default,3,17460,interpolated,920,43604518.48277,3.1104827700033786,132.586206571332
Default,3,17460,interpolated,921,43604529.47187748,3.121471877478063,132.27223207205543
Default,3,17460,interpolated,922,43604540.460984945,3.1324609849452973,131.9643662208464
Default,3,17460,interpolated,923,43604551.45009242,3.143450092419982,131.69633920926867
Default,3,17460,interpolated,924,43604562.439199895,3.1544391998946666,131.42831219769096
Default,3,17460,interpolated,925,43604573.42830737,3.1654283073693517,131.16028518611347
Default,3,17460,interpolated,926,43604584.41741484,3.176417414836586,130.63188209695113
Default,3,17460,interpolated,927,43604595.40652231,3.1874065223112704,129.95944616296106
Default,3,17460,interpolated,928,43604606.395629786,3.198395629785955,129.82862345492913
Default,3,17460,interpolated,929,43604617.38473726,3.2093847372606397,129.6978007468972
Default,3,17460,interpolated,930,43604628.373844735,3.2203738447353243,129.56697803886527
Default,3,17460,interpolated,931,43604639.3629522,3.2313629522025584,129.43615533092202
Default,3,17460,interpolated,932,43604650.35205968,3.2423520596772435,129.30533262288986
Default,3,17460,interpolated,933,43604661.34116715,3.253341167151928,129.17450991485794
Default,3,17460,interpolated,934,43604672.33027463,3.2643302746266127,129.043687206826
Default,3,17460,interpolated,935,43604683.319382094,3.275319382093847,128.47718699329675
Default,3,17460,interpolated,936,43604694.30848957,3.2863084895685315,127.9749506420435
Default,3,17460,interpolated,937,43604705.29759704,3.297297597043216,127.911060482307
Default,3,17460,interpolated,938,43604716.28670452,3.308286704517901,127.84717032257026
Default,3,17460,interpolated,939,43604727.275811985,3.3192758119851353,127.78328016287719
Default,3,17460,interpolated,940,43604738.26491946,3.33026491945982,127.71939000314069
Default,3,17460,interpolated,941,43604749.254026935,3.3412540269345046,127.65549984340396
Default,3,17460,interpolated,942,43604760.24313441,3.352243134409189,127.59160968366746
Default,3,17460,interpolated,943,43604771.23224188,3.3632322418764233,127.52771952397438
Default,3,17460,interpolated,944,43604782.22134935,3.374221349351108,127.46382936423765
Default,3,17460,interpolated,945,43604793.210456826,3.385210456825793,127.39993920450115
Default,3,17460,interpolated,946,43604804.1995643,3.3961995643004776,127.33604904476465
Default,3,17460,interpolated,947,43604815.188671775,3.4071886717751623,127.27215888502815
Default,3,17460,interpolated,948,43604826.17777924,3.4181777792423964,127.20826872533485
Default,3,17460,interpolated,949,43604837.16688672,3.429166886717081,127.14437856559834
Default,3,17460,interpolated,950,43604848.15599419,3.4401559941917657,127.08048840586184
Default,3,17460,interpolated,951,43604859.14510167,3.4511451016664507,127.01659824612534
Default,3,17460,interpolated,952,43604870.13420913,3.462134209133685,126.41898506187977
Default,3,17460,interpolated,953,43604881.12331661,3.4731233166083695,125.75603254245857
Default,3,17460,interpolated,954,43604892.11242408,3.484112424083054,125.23274171033086
Default,3,17460,interpolated,955,43604903.10153156,3.4951015315577387,124.88036212631891
Default,3,17460,interpolated,956,43604914.090639025,3.506090639024973,124.6648894308828
Default,3,17460,interpolated,957,43604925.0797465,3.5170797464996575,124.44941673530093
Default,3,17460,interpolated,958,43604936.068853974,3.5280688539743426,124.23394403971884
Default,3,17460,interpolated,959,43604947.05796145,3.539057961449027,124.01847134413674
Default,3,17460,interpolated,960,43604958.04706892,3.550047068923712,123.78623257609115
Default,3,17460,interpolated,961,43604969.03617639,3.561036176390946,123.55242177891614
Default,3,17460,interpolated,962,43604980.025283866,3.5720252838656306,123.31861098158242
Default,3,17460,interpolated,963,43604991.01439134,3.5830143913403156,123.0848001842487
Default,3,17460,interpolated,964,43605002.003498815,3.5940034988150003,122.91245626481259
Default,3,17460,interpolated,965,43605012.99260628,3.6049926062822344,122.77509242147198
Default,3,17460,interpolated,966,43605023.98171376,3.615981713756919,122.6377285780386
Default,3,17460,interpolated,967,43605034.97082123,3.6269708212316036,122.500364734605
Default,3,17460,interpolated,968,43605045.95992871,3.6379599287062883,122.3630008911714
Default,3,17460,interpolated,969,43605056.94903617,3.6489490361735224,122.22563704783101
Default,3,17460,interpolated,970,43605067.93814365,3.6599381436482075,122.08827320439741
Default,3,17460,interpolated,971,43605078.92725112,3.670927251122892,121.85974103132526
Default,3,17460,interpolated,972,43605089.9163586,3.6819163585975767,121.46727290722947
Default,3,17460,interpolated,973,43605100.905466065,3.692905466064811,121.07480478339971
Default,3,17460,interpolated,974,43605111.89457354,3.7038945735394955,120.89152959098169
Default,3,17460,interpolated,975,43605122.883681014,3.71488368101418,120.75751608519295
Default,3,17460,interpolated,976,43605133.87278849,3.725872788488865,120.62350257940398
Default,3,17460,interpolated,977,43605144.86189596,3.73686189596355,120.48948907361523
Default,3,17460,interpolated,978,43605155.85100343,3.747851003430784,120.35547556791721
Default,3,17460,interpolated,979,43605166.840110905,3.7588401109054685,120.22146206212847
Default,3,17460,interpolated,980,43605177.82921838,3.769829218380153,120.0874485563395
Default,3,17460,interpolated,981,43605188.818325855,3.780818325854838,119.86833359121238
Default,3,17460,interpolated,982,43605199.80743332,3.791807433322072,119.48939885096297
Default,3,17460,interpolated,983,43605210.7965408,3.802796540796757,119.11046411045663
Default,3,17460,interpolated,984,43605221.78564827,3.8137856482714416,118.85582132830655
Default,3,17460,interpolated,985,43605232.774755746,3.8247747557461262,118.65231933803466
Default,3,17460,interpolated,986,43605243.76386321,3.8357638632133604,118.44881734790079
Default,3,17460,interpolated,987,43605254.75297069,3.846752970688045,118.2453153576289
Default,3,17460,interpolated,988,43605265.74207816,3.8577420781627296,118.04181336735678
Default,3,17460,interpolated,989,43605276.73118564,3.8687311856374147,117.62038323315596
Default,3,17460,interpolated,990,43605287.720293105,3.879720293104649,117.14259595197177
Default,3,17460,interpolated,991,43605298.70940058,3.8907094005793335,116.93296173409271
Default,3,17460,interpolated,992,43605309.698508054,3.901698508054018,116.83740427779117
Default,3,17460,interpolated,993,43605320.68761553,3.9126876155287027,116.74184682148962
Default,3,17460,interpolated,994,43605331.676723,3.9236767230033873,116.64628936518784
Default,3,17460,interpolated,995,43605342.66583047,3.9346658304706215,116.5507319089511
Default,3,17460,interpolated,996,43605353.654937945,3.9456549379453065,116.45517445264954
Default,3,17460,interpolated,997,43605364.64404542,3.956644045419991,116.359616996348
Default,3,17460,interpolated,998,43605375.633152895,3.9676331528946758,116.26405954004622
Default,3,17460,interpolated,999,43605386.62226036,3.97862226036191,116.16850208380947
Default,3,17460,interpolated,1000,43605397.61136784,3.9896113678365945,116.07294462750792
Default,3,17460,interpolated,1001,43605408.60047531,4.00060047531128,115.9643770505304
Default,3,17460,interpolated,1002,43605419.589582786,4.011589582785964,115.81384133169922
Default,3,17460,interpolated,1003,43605430.57869025,4.022578690253198,115.6633056129699
Default,3,17460,interpolated,1004,43605441.56779773,4.0335677977278825,115.5127698941385
Default,3,17460,interpolated,1005,43605452.5569052,4.044556905202568,115.36223417530732
Default,3,17460,interpolated,1006,43605463.54601268,4.055546012677253,115.21169845647592
Default,3,17460,interpolated,1007,43605474.535120144,4.066535120144486,115.06116273774683
Default,3,17460,interpolated,1008,43605485.52422762,4.077524227619171,114.98461267070957
Default,3,17460,interpolated,1009,43605496.513335094,4.088513335093856,114.95869496440127
Default,3,17460,interpolated,1010,43605507.50244257,4.09950244256854,114.93277725809298
Default,3,17460,interpolated,1011,43605518.49155004,4.110491550043226,114.90685955178492
Default,3,17460,interpolated,1012,43605529.48065751,4.1214806575104594,114.88094184549414
Default,3,17460,interpolated,1013,43605540.469764985,4.132469764985144,114.85502413918607
Default,3,17460,interpolated,1014,43605551.45887246,4.143458872459829,114.82910643287778
Default,3,17460,interpolated,1015,43605562.447979935,4.154447979934513,114.80318872656949
Default,3,17460,interpolated,1016,43605573.4370874,4.165437087401748,114.77727102027893
Default,3,17460,interpolated,1017,43605584.42619488,4.1764261948764325,114.75135331397064
Default,3,17460,interpolated,1018,43605595.41530235,4.187415302351117,114.72543560766235
Default,3,17460,interpolated,1019,43605606.404409826,4.198404409825802,114.69951790135428
Default,3,17460,interpolated,1020,43605617.39351729,4.209393517293036,114.6736001950635
Default,3,17460,interpolated,1021,43605628.38262477,4.220382624767721,114.64768248875544
Default,3,17460,interpolated,1022,43605639.37173224,4.231371732242406,114.62176478244714
Default,3,17460,interpolated,1023,43605650.36083972,4.24236083971709,114.59584707613885
Default,3,17460,interpolated,1024,43605661.349947184,4.253349947184324,114.5699293698483
Default,3,17460,interpolated,1025,43605672.33905466,4.264339054659009,114.54401166354
Default,3,17460,interpolated,1026,43605683.32816213,4.275328162133694,114.51809395723194
Default,3,17460,interpolated,1027,43605694.31726961,4.286317269608379,114.49217625092365
Default,3,17460,interpolated,1028,43605705.30637708,4.297306377083063,114.46625854461536
Default,3,17460,interpolated,1029,43605716.29548455,4.308295484550297,114.4403408383248
Default,3,17460,interpolated,1030,43605727.284592025,4.3192845920249825,114.41442313201651
Default,3,17460,interpolated,1031,43605738.2736995,4.330273699499667,114.38850542570844
Default,3,17460,interpolated,1032,43605749.262806974,4.341262806974352,114.36258771940015
Default,3,17460,interpolated,1033,43605760.25191444,4.352251914441585,114.33667001310937
Default,3,17460,interpolated,1034,43605771.241021916,4.36324102191627,114.3107523068013
Default,3,17460,interpolated,1035,43605782.23012939,4.374230129390955,114.28483460049301
Default,3,17460,interpolated,1036,43605793.219236866,4.38521923686564,114.25891689418472
Default,3,17460,interpolated,1037,43605804.20834433,4.396208344332874,114.23299918789417
Default,3,17460,interpolated,1038,43605815.19745181,4.4071974518075585,114.20708148158587
Default,3,17460,interpolated,1039,43605826.18655928,4.418186559282243,114.18116377527781
Default,3,17460,interpolated,1040,43605837.17566676,4.429175666756928,114.15524606896952
Default,3,17460,interpolated,1041,43605848.164774224,4.440164774224162,114.12932836267896
Default,3,17460,interpolated,1042,43605859.1538817,4.451153881698847,114.10341065637067
Default,3,17460,interpolated,1043,43605870.14298917,4.462142989173532,114.07749295006238
Default,3,17460,interpolated,1044,43605881.13209665,4.473132096648216,114.05157524375431
Default,3,17460,interpolated,1045,43605892.12120412,4.484121204122901,114.02565753744602
Default,3,17460,interpolated,1046,43605903.11031159,4.495110311590135,113.99917677917801
Default,3,17460,interpolated,1047,43605914.099419065,4.50609941906482,113.91716851444176
Default,3,17460,interpolated,1048,43605925.08852654,4.517088526539505,113.83516024970527
Default,3,17460,interpolated,1049,43605936.077634014,4.528077634014189,113.75315198496878
Default,3,17460,interpolated,1050,43605947.06674148,4.539066741481424,113.67114372028777
Default,3,17460,interpolated,1051,43605958.055848956,4.5500558489561085,113.58913545555151
Default,3,17460,interpolated,1052,43605969.04495643,4.561044956430793,113.50712719081503
Default,3,17460,interpolated,1053,43605980.034063905,4.572034063905478,113.42511892607854
Default,3,17460,interpolated,1054,43605991.02317137,4.583023171372711,113.34311066139776
Default,3,17460,interpolated,1055,43606002.01227885,4.594012278847396,113.26110239666127
Default,3,17460,interpolated,1056,43606013.00138632,4.605001386322082,113.17909413192478
Default,3,17460,interpolated,1057,43606023.9904938,4.615990493796766,113.0970858671883
Default,3,17460,interpolated,1058,43606034.979601264,4.626979601264,113.01507760250752
Default,3,17460,interpolated,1059,43606045.96870874,4.6379687087386845,111.88419360360672
Default,3,17460,interpolated,1060,43606056.95781621,4.648957816213369,111.23777551686067
Default,3,17460,interpolated,1061,43606067.94692369,4.659946923688054,110.91827148602283
Default,3,17460,interpolated,1062,43606078.93603116,4.670936031162739,110.78898786867376
Default,3,17460,interpolated,1063,43606089.92513863,4.681925138629973,110.659704251412
Default,3,17460,interpolated,1064,43606100.914246105,4.692914246104658,110.53042063406292
Default,3,17460,interpolated,1065,43606111.90335358,4.703903353579342,110.40113701671362
Default,3,17460,interpolated,1066,43606122.892461054,4.714892461054027,110.27185339936432
Default,3,17460,interpolated,1067,43606133.88156852,4.725881568521261,110.14256978210278
Default,3,17460,interpolated,1068,43606144.870675996,4.736870675995946,110.01328616475348
Default,3,17460,interpolated,1069,43606155.85978347,4.747859783470631,108.93858689495505
Default,3,17460,interpolated,1070,43606166.848890945,4.758848890945315,108.15365064676325
Default,3,17460,interpolated,1071,43606177.83799841,4.76983799841255,107.89602354808767
Default,3,17460,interpolated,1072,43606188.82710589,4.7808271058872345,107.76673993073837
Default,3,17460,interpolated,1073,43606199.81621336,4.791816213361919,107.6374563133893
Default,3,17460,interpolated,1074,43606210.80532084,4.802805320836604,107.50817269603999
Default,3,17460,interpolated,1075,43606221.794428304,4.813794428303838,107.37888907877846
Default,3,17460,interpolated,1076,43606232.78353578,4.824783535778523,107.24960546142916
Default,3,17460,interpolated,1077,43606243.77264325,4.8357726432532075,107.12032184407985
Default,3,17460,interpolated,1078,43606254.76175073,4.846761750727892,106.90478115901351
Default,3,17460,interpolated,1079,43606265.7508582,4.857750858202577,105.97301540861463
Default,3,17460,interpolated,1080,43606276.73996567,4.8687399656698105,105.8939570815121
Default,3,17460,interpolated,1081,43606287.729073144,4.879729073144496,105.81489875435614
Default,3,17460,interpolated,1082,43606298.71818062,4.890718180619181,105.73584042720017
Default,3,17460,interpolated,1083,43606309.707288094,4.901707288093865,105.65678210004421
Default,3,17460,interpolated,1084,43606320.69639556,4.912696395561099,105.57772377294168
Default,3,17460,interpolated,1085,43606331.685503036,4.923685503035784,105.49866544578572
Default,3,17460,interpolated,1086,43606342.67461051,4.934674610510468,105.41960711862976
Default,3,17460,interpolated,1087,43606353.663717985,4.945663717985154,105.3405487914738
Default,3,17460,interpolated,1088,43606364.65282545,4.956652825452387,105.26149046437126
Default,3,17460,interpolated,1089,43606375.64193293,4.967641932927072,105.1824321372153
Default,3,17460,interpolated,1090,43606386.6310404,4.978631040401757,105.10337381005934
Default,3,17460,interpolated,1091,43606397.62014788,4.989620147876441,105.02431548290338
Default,3,17460,interpolated,1092,43606408.60925534,5.000609255343676,104.8943158980046
Default,3,17460,interpolated,1093,43606419.59836282,5.0115983628183605,104.74168940530058
Default,3,17460,interpolated,1094,43606430.58747029,5.022587470293045,104.58906291259655
Default,3,17460,interpolated,1095,43606441.57657777,5.03357657776773,104.43643641989274
Default,3,17460,interpolated,1096,43606452.56568524,5.044565685242414,104.28380992718871
Default,3,17460,interpolated,1097,43606463.55479271,5.055554792709649,104.13118343458814
Default,3,17460,interpolated,1098,43606474.543900184,5.0665439001843335,103.88123844735901
Default,3,17460,interpolated,1099,43606485.53300766,5.077533007659018,103.03592248776795
Default,3,17460,interpolated,1100,43606496.52211513,5.088522115133703,102.92890462747505
Default,3,17460,interpolated,1101,43606507.5112226,5.099511222600937,102.85465390134505
Default,3,17460,interpolated,1102,43606518.500330076,5.110500330075622,102.78040317516479
Default,3,17460,interpolated,1103,43606529.48943755,5.121489437550307,102.70615244898431
Default,3,17460,interpolated,1104,43606540.478545025,5.132478545024991,102.63190172280406
Default,3,17460,interpolated,1105,43606551.46765249,5.143467652492225,102.55765099667406
Default,3,17460,interpolated,1106,43606562.45675997,5.1544567599669096,102.4834002704938
Default,3,17460,interpolated,1107,43606573.44586744,5.165445867441595,102.40914954431355
Default,3,17460,interpolated,1108,43606584.43497492,5.17643497491628,102.3348988181333
Default,3,17460,interpolated,1109,43606595.42408238,5.187424082383513,102.2606480920033
Default,3,17460,interpolated,1110,43606606.41318986,5.198413189858198,102.18639736582304
Default,3,17460,interpolated,1111,43606617.40229733,5.209402297332883,102.11214663964279
Default,3,17460,interpolated,1112,43606628.39140481,5.220391404807568,102.03789591346231
Default,3,17460,interpolated,1113,43606639.38051228,5.231380512282253,101.91032479529576
Default,3,17460,interpolated,1114,43606650.36961975,5.2423696197494865,101.72717300417526
Default,3,17460,interpolated,1115,43606661.358727224,5.253358727224171,101.54402121293037
Default,3,17460,interpolated,1116,43606672.3478347,5.264347834698856,101.36086942168572
Default,3,17460,interpolated,1117,43606683.33694217,5.27533694217354,101.17771763044107
Default,3,17460,interpolated,1118,43606694.32604964,5.286326049640775,100.99788279454037
Default,3,17460,interpolated,1119,43606705.315157115,5.2973151571154595,100.9265249537957
Default,3,17460,interpolated,1120,43606716.30426459,5.308304264590144,100.85516711305104
Default,3,17460,interpolated,1121,43606727.293372065,5.319293372064829,100.78380927230637
Default,3,17460,interpolated,1122,43606738.28247953,5.330282479532063,100.7124514316099
Default,3,17460,interpolated,1123,43606749.27158701,5.341271587006748,100.64109359086524
Default,3,17460,interpolated,1124,43606760.26069448,5.352260694481433,100.56973575012057
Default,3,17460,interpolated,1125,43606771.249801956,5.363249801956117,100.4983779093759
Default,3,17460,interpolated,1126,43606782.23890942,5.374238909423352,100.42702006867944
Default,3,17460,interpolated,1127,43606793.2280169,5.385228016898036,100.35566222793477
Default,3,17460,interpolated,1128,43606804.21712437,5.396217124372721,100.2843043871901
Default,3,17460,interpolated,1129,43606815.20623185,5.407206231847406,100.21294654644544
Default,3,17460,interpolated,1130,43606826.19533932,5.41819533932209,100.14158870570077
Default,3,17460,interpolated,1131,43606837.18444679,5.429184446789324,100.0702308650043
Default,3,17460,interpolated,1132,43606848.173554264,5.4401735542640095,99.99881935874828
Default,3,17460,interpolated,1133,43606859.16266174,5.451162661738694,99.92406352558714
Default,3,17460,interpolated,1134,43606870.15176921,5.462151769213379,99.84930769242601
Default,3,17460,interpolated,1135,43606881.14087668,5.473140876680612,99.77455185931558
Default,3,17460,interpolated,1136,43606892.129984155,5.484129984155297,99.69979602615444
Default,3,17460,interpolated,1137,43606903.11909163,5.495119091629982,99.62504019299331
Default,3,17460,interpolated,1138,43606914.108199105,5.506108199104667,99.55028435983218
Default,3,17460,interpolated,1139,43606925.09730657,5.517097306571901,99.47552852672175
Default,3,17460,interpolated,1140,43606936.08641405,5.5280864140465855,99.40077269356061
Default,3,17460,interpolated,1141,43606947.07552152,5.53907552152127,99.32601686039948
Default,3,17460,interpolated,1142,43606958.064628996,5.550064628995955,99.25126102723834
Default,3,17460,interpolated,1143,43606969.05373646,5.561053736463189,99.17650519412791
Default,3,17460,interpolated,1144,43606980.04284394,5.572042843937874,99.10174936096678
Default,3,17460,interpolated,1145,43606991.03195141,5.583031951412559,99.02699352780564
Default,3,17460,interpolated,1146,43607002.02105889,5.594021058887243,98.4599185471352
Default,3,17460,interpolated,1147,43607013.01016636,5.605010166361928,97.85264216582573
Default,3,17460,interpolated,1148,43607023.99927383,5.615999273829162,97.52943312267166
Default,3,17460,interpolated,1149,43607034.988381304,5.626988381303847,97.20622407929864
Default,3,17460,interpolated,1150,43607045.97748878,5.637977488778532,96.91161136047708
Default,3,17460,interpolated,1151,43607056.96659625,5.648966596253216,96.66740897215072
Default,3,17460,interpolated,1152,43607067.95570372,5.659955703720451,96.4232065839899
Default,3,17460,interpolated,1153,43607078.944811195,5.6709448111951355,96.17900419566377
Default,3,17460,interpolated,1154,43607089.93391867,5.68193391866982,95.90831504156813
Default,3,17460,interpolated,1155,43607100.923026145,5.692923026144505,95.56490543298423
Default,3,17460,interpolated,1156,43607111.91213361,5.703912133611738,95.22149582463317
Default,3,17460,interpolated,1157,43607122.90124109,5.714901241086424,94.90711330746603
Default,3,17460,interpolated,1158,43607133.89034856,5.725890348561109,94.64546789140218
Default,3,17460,interpolated,1159,43607144.879456036,5.736879456035793,94.38382247533832
Default,3,17460,interpolated,1160,43607155.8685635,5.747868563503027,94.12217705945181
Default,3,17460,interpolated,1161,43607166.85767098,5.7588576709777115,93.89723384249623
Default,3,17460,interpolated,1162,43607177.84677845,5.769846778452396,93.70444248329136
Default,3,17460,interpolated,1163,43607188.83588593,5.780835885927082,93.51165112408626
Default,3,17460,interpolated,1164,43607199.8249934,5.791824993401766,93.31885976488138
Default,3,17460,interpolated,1165,43607210.81410087,5.802814100869,93.12606840580702
Default,3,17460,interpolated,1166,43607221.80320834,5.813803208343685,92.23935833126302
Default,3,17460,interpolated,1167,43607232.79231582,5.824792315818369,91.63732163635677
Default,3,17460,interpolated,1168,43607243.78142329,5.835781423293054,91.23031765581277
Default,3,17460,interpolated,1169,43607254.77053076,5.846770530760288,90.97475909650643
Default,3,17460,interpolated,1170,43607265.759638235,5.857759638234973,90.91661567071446
Default,3,17460,interpolated,1171,43607276.74874571,5.868748745709658,90.8584722449225
Default,3,17460,interpolated,1172,43607287.737853184,5.879737853184342,90.80032881913053
Default,3,17460,interpolated,1173,43607298.72696065,5.890726960651577,90.7421853933779
Default,3,17460,interpolated,1174,43607309.716068126,5.9017160681262615,90.68404196758593
Default,3,17460,interpolated,1175,43607320.7051756,5.912705175600946,90.62589854179396
Default,3,17460,interpolated,1176,43607331.694283076,5.923694283075631,90.56775511600199
Default,3,17460,interpolated,1177,43607342.68339055,5.934683390550315,90.50961169021002
Default,3,17460,interpolated,1178,43607353.67249802,5.94567249801755,90.45146826445739
Default,3,17460,interpolated,1179,43607364.66160549,5.956661605492235,90.39332483866542
Default,3,17460,interpolated,1180,43607375.65071297,5.967650712966919,90.33518141287345
Default,3,17460,interpolated,1181,43607386.63982044,5.978639820441604,90.27703798708148
Default,3,17460,interpolated,1182,43607397.62892791,5.9896289279088375,90.21889456132885
Default,3,17460,interpolated,1183,43607408.61803538,6.000618035383523,90.16075113553688
Default,3,17460,interpolated,1184,43607419.60714286,6.011607142858208,90.10260770974492
Default,3,17460,interpolated,1185,43607430.59625033,6.022596250332892,90.04446428395295
Default,3,17460,interpolated,1186,43607441.5853578,6.033585357800126,89.97489943883375
Default,3,17460,interpolated,1187,43607452.574465275,6.044574465274811,89.86820907500191
Default,3,17460,interpolated,1188,43607463.56357275,6.055563572749495,89.76151871116986
Default,3,17460,interpolated,1189,43607474.552680224,6.066552680224181,89.65482834733803
Default,3,17460,interpolated,1190,43607485.54178769,6.077541787691414,89.5481379835785
Default,3,17460,interpolated,1191,43607496.530895166,6.088530895166099,89.44144761974667
Default,3,17460,interpolated,1192,43607507.52000264,6.099520002640784,89.33475725591461
Default,3,17460,interpolated,1193,43607518.509110115,6.110509110115468,89.22806689208278
Default,3,17460,interpolated,1194,43607529.49821759,6.121498217590154,89.12137652825095
Default,3,17460,interpolated,1195,43607540.48732506,6.1324873250573875,89.01468616449142
Default,3,17460,interpolated,1196,43607551.47643253,6.143476432532072,88.62094269871704
Default,3,17460,interpolated,1197,43607562.46554001,6.154465540006757,88.18137839972974
Default,3,17460,interpolated,1198,43607573.45464748,6.165454647481441,87.91277503403467
Default,3,17460,interpolated,1199,43607584.44375495,6.176443754948676,87.76427358177466
Default,3,17460,interpolated,1200,43607595.43286242,6.1874328624233605,87.61577212941415
Default,3,17460,interpolated,1201,43607606.4219699,6.198421969898045,87.46727067705342
Default,3,17460,interpolated,1202,43607617.41107737,6.20941107737273,87.31876922469291
Default,3,17460,interpolated,1203,43607628.40018484,6.220400184839964,87.17026777243291
Default,3,17460,interpolated,1204,43607639.389292315,6.231389292314649,87.0217663200724
Default,3,17460,interpolated,1205,43607650.37839979,6.242378399789334,86.80860408593207
Default,3,17460,interpolated,1206,43607661.367507264,6.253367507264018,86.58433658644867
Default,3,17460,interpolated,1207,43607672.35661473,6.264356614731252,86.36006908711738
Default,3,17460,interpolated,1208,43607683.345722206,6.2753457222059374,86.13580158763398
Default,3,17460,interpolated,1209,43607694.33482968,6.286334829680622,85.92118491489782
Default,3,17460,interpolated,1210,43607705.323937155,6.297323937155307,85.72138296081266
Default,3,17460,interpolated,1211,43607716.31304463,6.308313044629991,85.5215810067275
Default,3,17460,interpolated,1212,43607727.3021521,6.319302152097225,85.32177905277763
Default,3,17460,interpolated,1213,43607738.29125957,6.33029125957191,85.12197709869247
Default,3,17460,interpolated,1214,43607749.28036705,6.341280367046595,84.38851899334372
Default,3,17460,interpolated,1215,43607760.26947452,6.35226947452128,83.68194328764321
Default,3,17460,interpolated,1216,43607771.25858199,6.3632585819885135,83.25928530813417
Default,3,17460,interpolated,1217,43607782.24768946,6.374247689463198,82.96546593932362
Default,3,17460,interpolated,1218,43607793.23679694,6.385236796937883,82.87612360213097
Default,3,17460,interpolated,1219,43607804.22590441,6.396225904412567,82.78678126493855
Default,3,17460,interpolated,1220,43607815.21501188,6.407215011879802,82.69743892780639
Default,3,17460,interpolated,1221,43607826.204119354,6.4182041193544865,82.60809659061397
Default,3,17460,interpolated,1222,43607837.19322683,6.429193226829171,82.51875425342132
Default,3,17460,interpolated,1223,43607848.182334304,6.440182334303856,82.4294119162289
Default,3,17460,interpolated,1224,43607859.17144177,6.45117144177109,82.34006957909673
Default,3,17460,interpolated,1225,43607870.160549246,6.462160549245775,82.25072724190431
Default,3,17460,interpolated,1226,43607881.14965672,6.47314965672046,82.16138490471167
Default,3,17460,interpolated,1227,43607892.138764195,6.484138764195144,82.07204256751925
Default,3,17460,interpolated,1228,43607903.12787167,6.495127871669829,81.90327856046224
Default,3,17460,interpolated,1229,43607914.11697914,6.506116979137063,81.40377367558813
Default,3,17460,interpolated,1230,43607925.10608661,6.517106086611748,80.97759482327933
Default,3,17460,interpolated,1231,43607936.09519409,6.528095194086433,80.86068942461247
Default,3,17460,interpolated,1232,43607947.08430156,6.539084301561117,80.74378402594562
Default,3,17460,interpolated,1233,43607958.07340903,6.550073409028351,80.62687862735788
Default,3,17460,interpolated,1234,43607969.0625165,6.5610625165030365,80.50997322869102
Default,3,17460,interpolated,1235,43607980.05162398,6.572051623977721,80.39306783002417
Default,3,17460,interpolated,1236,43607991.04073145,6.583040731452406,80.2761624313573
Default,3,17460,interpolated,1237,43608002.02983892,6.5940298389196395,80.1592570327698
Default,3,17460,interpolated,1238,43608013.018946394,6.605018946394324,80.04235163410294
Default,3,17460,interpolated,1239,43608024.00805387,6.61600805386901,79.79976988945691
Default,3,17460,interpolated,1240,43608034.99716134,6.626997161343694,79.4857953901801
Default,3,17460,interpolated,1241,43608045.98626881,6.637986268810928,79.17182089111634
Default,3,17460,interpolated,1242,43608056.975376286,6.6489753762856125,78.94817316369154
Default,3,17460,interpolated,1243,43608067.96448376,6.659964483760297,78.83370329416357
Default,3,17460,interpolated,1244,43608078.953591235,6.670953591234982,78.7192334246356
Default,3,17460,interpolated,1245,43608089.94269871,6.681942698709667,78.60476355510764
Default,3,17460,interpolated,1246,43608100.93180618,6.692931806176901,78.4902936856572
Default,3,17460,interpolated,1247,43608111.92091365,6.703920913651586,78.37582381612924
Default,3,17460,interpolated,1248,43608122.910021126,6.71491002112627,78.26135394660128
Default,3,17460,interpolated,1249,43608133.8991286,6.725899128600955,78.14688407707331
Default,3,17460,interpolated,1250,43608144.88823607,6.736888236068189,78.0324142076231
Default,3,17460,interpolated,1251,43608155.87734354,6.747877343542874,77.43733260408044
Default,3,17460,interpolated,1252,43608166.86645102,6.758866451017559,76.97902391802768
Default,3,17460,interpolated,1253,43608177.85555849,6.769855558492243,76.9316570754645
Default,3,17460,interpolated,1254,43608188.84466596,6.780844665959478,76.88429023293338
Default,3,17460,interpolated,1255,43608199.833773434,6.7918337734341625,76.83692339036998
Default,3,17460,interpolated,1256,43608210.82288091,6.802822880908847,76.7895565478068
Default,3,17460,interpolated,1257,43608221.81198838,6.813811988383532,76.74218970524339
Default,3,17460,interpolated,1258,43608232.80109585,6.824801095850765,76.69482286271227
Default,3,17460,interpolated,1259,43608243.790203325,6.835790203325451,76.64745602014887
Default,3,17460,interpolated,1260,43608254.7793108,6.846779310800136,76.60008917758569
Default,3,17460,interpolated,1261,43608265.768418275,6.85776841827482,76.55272233502228
Default,3,17460,interpolated,1262,43608276.75752575,6.868757525749505,76.5053554924591
Default,3,17460,interpolated,1263,43608287.74663322,6.8797466332167385,76.45798864992776
Default,3,17460,interpolated,1264,43608298.73574069,6.890735740691423,76.41062180736458
Default,3,17460,interpolated,1265,43608309.724848166,6.901724848166109,76.36325496480117
Default,3,17460,interpolated,1266,43608320.71395564,6.912713955640793,76.315888122238
Default,3,17460,interpolated,1267,43608331.70306311,6.923703063108027,76.26852127970687
Default,3,17460,interpolated,1268,43608342.69217058,6.934692170582712,76.22115443714347
Default,3,17460,interpolated,1269,43608353.68127806,6.945681278057396,76.17378759458029
Default,3,17460,interpolated,1270,43608364.67038553,6.956670385532081,76.12642075201688
Default,3,17460,interpolated,1271,43608375.659493,6.967659492999315,76.07905390948576
Default,3,17460,interpolated,1272,43608386.648600474,6.978648600474,76.03168706692236
Default,3,17460,interpolated,1273,43608397.63770795,6.989637707948685,75.98208025641043
Default,4,11593,raw,0,28954413.0,-6.986,0.0
Default,4,11593,raw,1,28954424.0,-6.9750000000000005,1.0
Default,4,11593,raw,2,28954427.0,-6.972,2.0
Default,4,11593,raw,3,28954431.0,-6.968,3.0
Default,4,11593,raw,4,28954435.0,-6.964,4.0
Default,4,11593,raw,5,28954447.0,-6.952,5.0
Default,4,11593,raw,6,28954586.0,-6.813,6.0
Default,4,11593,raw,7,28954794.0,-6.605,7.0
Default,4,11593,raw,8,28954962.0,-6.437,8.0
Default,4,11593,raw,9,28954987.0,-6.412,9.0
Default,4,11593,raw,10,28955022.0,-6.377,10.0
Default,4,11593,raw,11,28955023.0,-6.376,11.0
Default,4,11593,raw,12,28955031.0,-6.368,12.0
Default,4,11593,raw,13,28955041.0,-6.3580000000000005,13.0
Default,4,11593,raw,14,28955091.0,-6.308,14.0
Default,4,11593,raw,15,28955109.0,-6.29,15.0
Default,4,11593,raw,16,28955130.0,-6.269,16.0
Default,4,11593,raw,17,28955183.0,-6.216,17.0
Default,4,11593,raw,18,28955233.0,-6.166,18.0
Default,4,11593,raw,19,28955315.0,-6.0840000000000005,19.0
Default,4,11593,raw,20,28955345.0,-6.054,20.0
Default,4,11593,raw,21,28955422.0,-5.977,21.0
Default,4,11593,raw,22,28955457.0,-5.942,22.0
Default,4,11593,raw,23,28955484.0,-5.915,23.0
Default,4,11593,raw,24,28955491.0,-5.908,24.0
Default,4,11593,raw,25,28955503.0,-5.896,25.0
Default,4,11593,raw,26,28955516.0,-5.883,26.0
Default,4,11593,raw,27,28955550.0,-5.849,27.0
Default,4,11593,raw,28,28955577.0,-5.822,28.0
Default,4,11593,raw,29,28955590.0,-5.809,29.0
Default,4,11593,raw,30,28955601.0,-5.798,30.0
Default,4,11593,raw,31,28955623.0,-5.776,31.0
Default,4,11593,raw,32,28955664.0,-5.735,32.0
Default,4,11593,raw,33,28955670.0,-5.729,33.0
Default,4,11593,raw,34,28955695.0,-5.704,34.0
Default,4,11593,raw,35,28955733.0,-5.666,35.0
Default,4,11593,raw,36,28955749.0,-5.65,36.0
Default,4,11593,raw,37,28955797.0,-5.602,37.0
Default,4,11593,raw,38,28955808.0,-5.591,38.0
Default,4,11593,raw,39,28955852.0,-5.547,39.0
Default,4,11593,raw,40,28955858.0,-5.541,40.0
Default,4,11593,raw,41,28955871.0,-5.5280000000000005,41.0
Default,4,11593,raw,42,28955954.0,-5.445,42.0
Default,4,11593,raw,43,28956058.0,-5.341,43.0
Default,4,11593,raw,44,28956189.0,-5.21,44.0
Default,4,11593,raw,45,28956195.0,-5.204,45.0
Default,4,11593,raw,46,28956208.0,-5.191,46.0
Default,4,11593,raw,47,28956214.0,-5.1850000000000005,47.0
Default,4,11593,raw,48,28956269.0,-5.13,48.0
Default,4,11593,raw,49,28956318.0,-5.081,49.0
Default,4,11593,raw,50,28956338.0,-5.061,50.0
Default,4,11593,raw,51,28956415.0,-4.984,51.0
Default,4,11593,raw,52,28956439.0,-4.96,52.0
Default,4,11593,raw,53,28956479.0,-4.92,53.0
Default,4,11593,raw,54,28956635.0,-4.764,54.0
Default,4,11593,raw,55,28956646.0,-4.753,55.0
Default,4,11593,raw,56,28956659.0,-4.74,56.0
Default,4,11593,raw,57,28956697.0,-4.702,57.0
Default,4,11593,raw,58,28956724.0,-4.675,58.0
Default,4,11593,raw,59,28956776.0,-4.623,59.0
Default,4,11593,raw,60,28956858.0,-4.541,60.0
Default,4,11593,raw,61,28956900.0,-4.499,61.0
Default,4,11593,raw,62,28957013.0,-4.386,62.0
Default,4,11593,raw,63,28957070.0,-4.329,63.0
Default,4,11593,raw,64,28957080.0,-4.319,64.0
Default,4,11593,raw,65,28957226.0,-4.173,65.0
Default,4,11593,raw,66,28957286.0,-4.113,66.0
Default,4,11593,raw,67,28957300.0,-4.099,67.0
Default,4,11593,raw,68,28957346.0,-4.053,68.0
Default,4,11593,raw,69,28957405.0,-3.994,69.0
Default,4,11593,raw,70,28957437.0,-3.962,70.0
Default,4,11593,raw,71,28957541.0,-3.858,71.0
Default,4,11593,raw,72,28957661.0,-3.738,72.0
Default,4,11593,raw,73,28957682.0,-3.717,73.0
Default,4,11593,raw,74,28957783.0,-3.616,74.0
Default,4,11593,raw,75,28957786.0,-3.613,75.0
Default,4,11593,raw,76,28957865.0,-3.5340000000000003,76.0
Default,4,11593,raw,77,28957889.0,-3.5100000000000002,77.0
Default,4,11593,raw,78,28957892.0,-3.507,78.0
Default,4,11593,raw,79,28957913.0,-3.486,79.0
Default,4,11593,raw,80,28957927.0,-3.472,80.0
Default,4,11593,raw,81,28957944.0,-3.455,81.0
Default,4,11593,raw,82,28958003.0,-3.396,82.0
Default,4,11593,raw,83,28958021.0,-3.378,83.0
Default,4,11593,raw,84,28958030.0,-3.369,84.0
Default,4,11593,raw,85,28958048.0,-3.351,85.0
Default,4,11593,raw,86,28958140.0,-3.259,86.0
Default,4,11593,raw,87,28958191.0,-3.208,87.0
Default,4,11593,raw,88,28958218.0,-3.181,88.0
Default,4,11593,raw,89,28958288.0,-3.111,89.0
Default,4,11593,raw,90,28958315.0,-3.084,90.0
Default,4,11593,raw,91,28958384.0,-3.015,91.0
Default,4,11593,raw,92,28958504.0,-2.895,92.0
Default,4,11593,raw,93,28958509.0,-2.89,93.0
Default,4,11593,raw,94,28958537.0,-2.862,94.0
Default,4,11593,raw,95,28958563.0,-2.836,95.0
Default,4,11593,raw,96,28958613.0,-2.786,96.0
Default,4,11593,raw,97,28958719.0,-2.68,97.0
Default,4,11593,raw,98,28958730.0,-2.669,98.0
Default,4,11593,raw,99,28958751.0,-2.648,99.0
Default,4,11593,raw,100,28958767.0,-2.632,100.0
Default,4,11593,raw,101,28958821.0,-2.578,101.0
Default,4,11593,raw,102,28958837.0,-2.562,102.0
Default,4,11593,raw,103,28958852.0,-2.547,103.0
Default,4,11593,raw,104,28958885.0,-2.5140000000000002,104.0
Default,4,11593,raw,105,28958900.0,-2.499,105.0
Default,4,11593,raw,106,28959067.0,-2.332,106.0
Default,4,11593,raw,107,28959098.0,-2.301,107.0
Default,4,11593,raw,108,28959100.0,-2.299,108.0
Default,4,11593,raw,109,28959155.0,-2.244,109.0
Default,4,11593,raw,110,28959388.0,-2.011,110.0
Default,4,11593,raw,111,28959453.0,-1.946,111.0
Default,4,11593,raw,112,28959468.0,-1.931,112.0
Default,4,11593,raw,113,28959576.0,-1.823,113.0
Default,4,11593,raw,114,28959666.0,-1.733,114.0
Default,4,11593,raw,115,28959673.0,-1.726,115.0
Default,4,11593,raw,116,28959675.0,-1.724,116.0
Default,4,11593,raw,117,28959676.0,-1.723,117.0
Default,4,11593,raw,118,28959701.0,-1.698,118.0
Default,4,11593,raw,119,28959720.0,-1.679,119.0
Default,4,11593,raw,120,28959816.0,-1.583,120.0
Default,4,11593,raw,121,28959875.0,-1.524,121.0
Default,4,11593,raw,122,28959894.0,-1.5050000000000001,122.0
Default,4,11593,raw,123,28959912.0,-1.487,123.0
Default,4,11593,raw,124,28959927.0,-1.472,124.0
Default,4,11593,raw,125,28960140.0,-1.2590000000000001,125.0
Default,4,11593,raw,126,28960196.0,-1.203,126.0
Default,4,11593,raw,127,28960262.0,-1.137,127.0
Default,4,11593,raw,128,28960286.0,-1.113,128.0
Default,4,11593,raw,129,28960318.0,-1.081,129.0
Default,4,11593,raw,130,28960327.0,-1.072,130.0
Default,4,11593,raw,131,28960363.0,-1.036,131.0
Default,4,11593,raw,132,28960374.0,-1.025,132.0
Default,4,11593,raw,133,28960408.0,-0.991,133.0
Default,4,11593,raw,134,28960438.0,-0.961,134.0
Default,4,11593,raw,135,28960449.0,-0.9500000000000001,135.0
Default,4,11593,raw,136,28960484.0,-0.915,136.0
Default,4,11593,raw,137,28960487.0,-0.912,137.0
Default,4,11593,raw,138,28960500.0,-0.899,138.0
Default,4,11593,raw,139,28960533.0,-0.866,139.0
Default,4,11593,raw,140,28960547.0,-0.852,140.0
Default,4,11593,raw,141,28960655.0,-0.744,141.0
Default,4,11593,raw,142,28960759.0,-0.64,142.0
Default,4,11593,raw,143,28960787.0,-0.612,143.0
Default,4,11593,raw,144,28960789.0,-0.61,144.0
Default,4,11593,raw,145,28960808.0,-0.591,145.0
Default,4,11593,raw,146,28960840.0,-0.559,146.0
Default,4,11593,raw,147,28960926.0,-0.47300000000000003,147.0
Default,4,11593,raw,148,28960979.0,-0.42,148.0
Default,4,11593,raw,149,28960986.0,-0.41300000000000003,149.0
Default,4,11593,raw,150,28961045.0,-0.354,150.0
Default,4,11593,raw,151,28961174.0,-0.225,151.0
Default,4,11593,raw,152,28961323.0,-0.076,152.0
Default,4,11593,raw,153,28961334.0,-0.065,153.0
Default,4,11593,raw,154,28961353.0,-0.046,154.0
Default,4,11593,raw,155,28961394.0,-0.005,155.0
Default,4,11593,raw,156,28962623.0,1.224,154.0
Default,4,11593,raw,157,28962857.0,1.458,153.0
Default,4,11593,raw,158,28962877.0,1.478,152.0
Default,4,11593,raw,159,28962989.0,1.59,151.0
Default,4,11593,raw,160,28963069.0,1.67,150.0
Default,4,11593,raw,161,28963074.0,1.675,149.0
Default,4,11593,raw,162,28963095.0,1.696,148.0
Default,4,11593,raw,163,28963185.0,1.786,147.0
Default,4,11593,raw,164,28963297.0,1.8980000000000001,146.0
Default,4,11593,raw,165,28963358.0,1.959,145.0
Default,4,11593,raw,166,28963429.0,2.0300000000000002,144.0
Default,4,11593,raw,167,28963445.0,2.0460000000000003,143.0
Default,4,11593,raw,168,28963552.0,2.153,142.0
Default,4,11593,raw,169,28963595.0,2.196,141.0
Default,4,11593,raw,170,28963691.0,2.2920000000000003,140.0
Default,4,11593,raw,171,28963757.0,2.358,139.0
Default,4,11593,raw,172,28963795.0,2.396,138.0
Default,4,11593,raw,173,28963941.0,2.5420000000000003,137.0
Default,4,11593,raw,174,28963985.0,2.586,136.0
Default,4,11593,raw,175,28964290.0,2.891,135.0
Default,4,11593,raw,176,28964392.0,2.993,134.0
Default,4,11593,raw,177,28964487.0,3.088,133.0
Default,4,11593,raw,178,28964523.0,3.124,132.0
Default,4,11593,raw,179,28964550.0,3.1510000000000002,131.0
Default,4,11593,raw,180,28964666.0,3.267,130.0
Default,4,11593,raw,181,28964692.0,3.293,129.0
Default,4,11593,raw,182,28964827.0,3.428,128.0
Default,4,11593,raw,183,28964838.0,3.439,127.0
Default,4,11593,raw,184,28964851.0,3.452,126.0
Default,4,11593,raw,185,28964922.0,3.523,125.0
Default,4,11593,raw,186,28964968.0,3.569,124.0
Default,4,11593,raw,187,28965129.0,3.73,123.0
Default,4,11593,raw,188,28965165.0,3.766,122.0
Default,4,11593,raw,189,28965237.0,3.838,121.0
Default,4,11593,raw,190,28965271.0,3.872,120.0
Default,4,11593,raw,191,28965301.0,3.902,119.0
Default,4,11593,raw,192,28965453.0,4.054,118.0
Default,4,11593,raw,193,28965594.0,4.195,117.0
Default,4,11593,raw,194,28965675.0,4.276,116.0
Default,4,11593,raw,195,28965710.0,4.311,115.0
Default,4,11593,raw,196,28965720.0,4.321,114.0
Default,4,11593,raw,197,28965938.0,4.539,113.0
Default,4,11593,raw,198,28965946.0,4.547,112.0
Default,4,11593,raw,199,28966002.0,4.603,111.0
Default,4,11593,raw,200,28966058.0,4.659,110.0
Default,4,11593,raw,201,28966173.0,4.774,109.0
Default,4,11593,raw,202,28966226.0,4.827,108.0
Default,4,11593,raw,203,28966382.0,4.9830000000000005,107.0
Default,4,11593,raw,204,28966505.0,5.106,106.0
Default,4,11593,raw,205,28966643.0,5.244,105.0
Default,4,11593,raw,206,28966658.0,5.259,104.0
Default,4,11593,raw,207,28966677.0,5.2780000000000005,103.0
Default,4,11593,raw,208,28966752.0,5.353,102.0
Default,4,11593,raw,209,28966790.0,5.391,101.0
Default,4,11593,raw,210,28966840.0,5.441,100.0
Default,4,11593,raw,211,28966911.0,5.5120000000000005,99.0
Default,4,11593,raw,212,28966933.0,5.534,98.0
Default,4,11593,raw,213,28966991.0,5.5920000000000005,97.0
Default,4,11593,raw,214,28967341.0,5.942,96.0
Default,4,11593,raw,215,28967603.0,6.204,95.0
Default,4,11593,raw,216,28967754.0,6.355,94.0
Default,4,11593,raw,217,28967762.0,6.363,93.0
Default,4,11593,raw,218,28968084.0,6.6850000000000005,92.0
Default,4,11593,raw,219,28968085.0,6.686,91.0
Default,4,11593,raw,220,28968197.0,6.798,90.0
Default,4,11593,raw,221,28968263.0,6.864,89.0
Default,4,11593,interpolated,0,28954410.002964426,-6.988997035574168,-0.07684706600434765
Default,4,11593,interpolated,1,28954423.355731227,-6.975644268773496,0.9414301115002672
Default,4,11593,interpolated,2,28954436.708498023,-6.96229150197655,4.142374835287455
Default,4,11593,interpolated,3,28954450.06126482,-6.9489387351796035,5.022023487916613
Default,4,11593,interpolated,4,28954463.41403162,-6.935585968378931,5.11808655842492
Default,4,11593,interpolated,5,28954476.766798418,-6.922233201581985,5.214149628906625
Default,4,11593,interpolated,6,28954490.11956522,-6.908880434781313,5.310212699414933
Default,4,11593,interpolated,7,28954503.472332016,-6.895527667984367,5.406275769896638
Default,4,11593,interpolated,8,28954516.825098813,-6.88217490118742,5.502338840378343
Default,4,11593,interpolated,9,28954530.177865613,-6.868822134386749,5.5984019108866505
Default,4,11593,interpolated,10,28954543.53063241,-6.8554693675898015,5.694464981368355
Default,4,11593,interpolated,11,28954556.88339921,-6.84211660078913,5.790528051876663
Default,4,11593,interpolated,12,28954570.236166008,-6.828763833992183,5.886591122358368
Default,4,11593,interpolated,13,28954583.588932805,-6.815411067195237,5.982654192840073
Default,4,11593,interpolated,14,28954596.941699605,-6.802058300394565,6.0526043250260955
Default,4,11593,interpolated,15,28954610.294466402,-6.788705533597619,6.116800319242202
Default,4,11593,interpolated,16,28954623.647233203,-6.775352766796947,6.180996313476271
Default,4,11593,interpolated,17,28954637.0,-6.7620000000000005,6.245192307692378
Default,4,11593,interpolated,18,28954650.352766797,-6.748647233203053,6.309388301908484
Default,4,11593,interpolated,19,28954663.705533598,-6.735294466402382,6.373584296142326
Default,4,11593,interpolated,20,28954677.058300395,-6.721941699605435,6.4377802903584325
Default,4,11593,interpolated,21,28954690.411067195,-6.708588932804764,6.5019762845925015
Default,4,11593,interpolated,22,28954703.763833992,-6.695236166007817,6.566172278808608
Default,4,11593,interpolated,23,28954717.11660079,-6.681883399210871,6.630368273024715
Default,4,11593,interpolated,24,28954730.46936759,-6.6685306324101985,6.694564267258556
Default,4,11593,interpolated,25,28954743.822134387,-6.655177865613252,6.758760261474663
Default,4,11593,interpolated,26,28954757.174901187,-6.64182509881258,6.822956255708732
Default,4,11593,interpolated,27,28954770.527667984,-6.628472332015634,6.8871522499248385
Default,4,11593,interpolated,28,28954783.88043478,-6.615119565218687,6.951348244140945
Default,4,11593,interpolated,29,28954797.233201582,-6.601766798418016,7.01924524751189
Default,4,11593,interpolated,30,28954810.58596838,-6.588414031621069,7.098726002255489
Default,4,11593,interpolated,31,28954823.93873518,-6.575061264820397,7.178206757021371
Default,4,11593,interpolated,32,28954837.291501977,-6.56170849802345,7.257687511765198
Default,4,11593,interpolated,33,28954850.644268773,-6.548355731226504,7.337168266508797
Default,4,11593,interpolated,34,28954863.997035574,-6.535002964425832,7.416649021274907
Default,4,11593,interpolated,35,28954877.34980237,-6.521650197628886,7.496129776018506
Default,4,11593,interpolated,36,28954890.70256917,-6.508297430828214,7.575610530784388
Default,4,11593,interpolated,37,28954904.05533597,-6.494944664031268,7.655091285528215
Default,4,11593,interpolated,38,28954917.408102766,-6.4815918972343205,7.734572040271814
Default,4,11593,interpolated,39,28954930.760869566,-6.468239130433649,7.814052795037696
Default,4,11593,interpolated,40,28954944.113636363,-6.454886363636702,7.893533549781523
Default,4,11593,interpolated,41,28954957.46640316,-6.441533596839756,7.97301430452535
Default,4,11593,interpolated,42,28954970.81916996,-6.428180830039084,8.352766798436733
Default,4,11593,interpolated,43,28954984.171936758,-6.414828063242138,8.886877470314403
Default,4,11593,interpolated,44,28954997.52470356,-6.401475296441466,9.300705815958054
Default,4,11593,interpolated,45,28955010.877470355,-6.388122529644519,9.682213438728013
Default,4,11593,interpolated,46,28955024.230237152,-6.374769762847572,11.15377964405343
Default,4,11593,interpolated,47,28955037.583003953,-6.361416996046901,12.65830039530988
Default,4,11593,interpolated,48,28955050.93577075,-6.348064229249954,13.198715415000834
Default,4,11593,interpolated,49,28955064.28853755,-6.334711462449283,13.465770751014361
Default,4,11593,interpolated,50,28955077.641304348,-6.321358695652336,13.73282608695331
Default,4,11593,interpolated,51,28955090.994071145,-6.30800592885539,13.999881422892258
Default,4,11593,interpolated,52,28955104.346837945,-6.2946531620547175,14.741490996960238
Default,4,11593,interpolated,53,28955117.699604742,-6.281300395257771,15.414266892487149
Default,4,11593,interpolated,54,28955131.052371543,-6.267947628457099,16.019856066847296
Default,4,11593,interpolated,55,28955144.40513834,-6.254594861660153,16.271795063016043
Default,4,11593,interpolated,56,28955157.757905137,-6.241242094863206,16.52373405918479
Default,4,11593,interpolated,57,28955171.110671937,-6.227889328062535,16.775673055423795
Default,4,11593,interpolated,58,28955184.463438734,-6.214536561265588,17.029268774688262
Default,4,11593,interpolated,59,28955197.816205535,-6.201183794464916,17.29632411070179
Default,4,11593,interpolated,60,28955211.168972332,-6.187831027667969,17.56337944664051
Default,4,11593,interpolated,61,28955224.52173913,-6.174478260871023,17.83043478257946
Default,4,11593,interpolated,62,28955237.87450593,-6.161125494070351,18.05944519426407
Default,4,11593,interpolated,63,28955251.227272727,-6.147772727273405,18.222283813739068
Default,4,11593,interpolated,64,28955264.580039527,-6.134419960472733,18.385122433259312
Default,4,11593,interpolated,65,28955277.932806324,-6.1210671936757866,18.54796105273431
Default,4,11593,interpolated,66,28955291.28557312,-6.1077144268788395,18.710799672209305
Default,4,11593,interpolated,67,28955304.63833992,-6.094361660078168,18.87363829172955
Default,4,11593,interpolated,68,28955317.99110672,-6.081008893281221,19.099703557292514
Default,4,11593,interpolated,69,28955331.34387352,-6.06765612648055,19.544795783981726
Default,4,11593,interpolated,70,28955344.696640316,-6.054303359683603,19.989888010546565
Default,4,11593,interpolated,71,28955358.049407113,-6.040950592886657,20.16947281965372
Default,4,11593,interpolated,72,28955371.402173914,-6.027597826085985,20.34288537550674
Default,4,11593,interpolated,73,28955384.75494071,-6.014245059289038,20.5162979313111
Default,4,11593,interpolated,74,28955398.10770751,-6.000892292488366,20.68971048716412
Default,4,11593,interpolated,75,28955411.46047431,-5.98753952569142,20.863123042968482
Default,4,11593,interpolated,76,28955424.813241106,-5.974186758894473,21.080378317300756
Default,4,11593,interpolated,77,28955438.166007906,-5.960833992093802,21.461885940177126
Default,4,11593,interpolated,78,28955451.518774703,-5.947481225296855,21.843393562947085
Default,4,11593,interpolated,79,28955464.871541504,-5.9341284584961835,22.291538574215338
Default,4,11593,interpolated,80,28955478.2243083,-5.9207756916992365,22.78608549262094
Default,4,11593,interpolated,81,28955491.577075098,-5.90742292490229,24.0480895914759
Default,4,11593,interpolated,82,28955504.9298419,-5.894070158101618,25.14844937679868
Default,4,11593,interpolated,83,28955518.282608695,-5.880717391304672,26.06713554986254
Default,4,11593,interpolated,84,28955531.635375492,-5.867364624507726,26.45986398506693
Default,4,11593,interpolated,85,28955544.988142293,-5.854011857707054,26.852592420380688
Default,4,11593,interpolated,86,28955558.34090909,-5.840659090910107,27.308922558884888
Default,4,11593,interpolated,87,28955571.69367589,-5.827306324109435,27.80346947742828
Default,4,11593,interpolated,88,28955585.046442688,-5.813953557312488,28.618957129808678
Default,4,11593,interpolated,89,28955598.399209484,-5.800600790515542,29.76356449858713
Default,4,11593,interpolated,90,28955611.751976285,-5.78724802371487,30.488726194778565
Default,4,11593,interpolated,91,28955625.104743082,-5.773895256917924,31.051335197123763
Default,4,11593,interpolated,92,28955638.457509883,-5.760542490117252,31.377012436164478
Default,4,11593,interpolated,93,28955651.81027668,-5.7471897233203055,31.70268967511447
Default,4,11593,interpolated,94,28955665.163043477,-5.733836956523359,32.19384057944012
Default,4,11593,interpolated,95,28955678.515810277,-5.720484189722687,33.34063241109243
Default,4,11593,interpolated,96,28955691.868577074,-5.70713142292574,33.874743082970326
Default,4,11593,interpolated,97,28955705.221343875,-5.693778656125069,34.26898273355073
Default,4,11593,interpolated,98,28955718.574110672,-5.680425889328122,34.62037133347053
Default,4,11593,interpolated,99,28955731.92687747,-5.667073122531176,34.9717599333901
Default,4,11593,interpolated,100,28955745.27964427,-5.653720355730504,35.76747776684351
Default,4,11593,interpolated,101,28955758.632411066,-5.640367588933557,36.200675230550814
Default,4,11593,interpolated,102,28955771.985177867,-5.627014822132885,36.47885787223163
Default,4,11593,interpolated,103,28955785.337944664,-5.613662055335939,36.75704051383468
Default,4,11593,interpolated,104,28955798.69071146,-5.600309288538993,37.1537010419097
Default,4,11593,interpolated,105,28955812.04347826,-5.586956521738321,38.091897233219925
Default,4,11593,interpolated,106,28955825.39624506,-5.573603754941375,38.39536920587784
Default,4,11593,interpolated,107,28955838.74901186,-5.5602509881407025,38.69884117862034
Default,4,11593,interpolated,108,28955852.101778656,-5.546898221343755,39.016963109374046
Default,4,11593,interpolated,109,28955865.454545453,-5.533545454546809,40.57342657332242
Default,4,11593,interpolated,110,28955878.807312254,-5.520192687746137,41.09406400305852
Default,4,11593,interpolated,111,28955892.16007905,-5.506839920949191,41.25494071145545
Default,4,11593,interpolated,112,28955905.51284585,-5.493487154148519,41.415817419897394
Default,4,11593,interpolated,113,28955918.86561265,-5.480134387351573,41.57669412829432
Default,4,11593,interpolated,114,28955932.218379445,-5.4667816205546265,41.73757083669125
Default,4,11593,interpolated,115,28955945.571146246,-5.453428853753954,41.898447545133195
Default,4,11593,interpolated,116,28955958.923913043,-5.440076086957008,42.04734531772101
Default,4,11593,interpolated,117,28955972.276679844,-5.426723320156336,42.17573730618915
Default,4,11593,interpolated,118,28955985.62944664,-5.413370553359389,42.30412929462136
Default,4,11593,interpolated,119,28955998.982213438,-5.400017786562443,42.43252128305335
Default,4,11593,interpolated,120,28956012.33498024,-5.386665019761771,42.560913271521486
Default,4,11593,interpolated,121,28956025.687747035,-5.3733122529648245,42.6893052599537
Default,4,11593,interpolated,122,28956039.040513836,-5.359959486164152,42.81769724842161
Default,4,11593,interpolated,123,28956052.393280633,-5.346606719367206,42.94608923685382
Default,4,11593,interpolated,124,28956065.74604743,-5.33325395257026,43.05913013305144
Default,4,11593,interpolated,125,28956079.09881423,-5.319901185769588,43.16105965061388
Default,4,11593,interpolated,126,28956092.451581027,-5.306548418972642,43.26298916814767
Default,4,11593,interpolated,127,28956105.804347824,-5.293195652175695,43.36491868568169
Default,4,11593,interpolated,128,28956119.157114625,-5.2798428853750226,43.466848203244126
Default,4,11593,interpolated,129,28956132.509881422,-5.266490118578076,43.568777720778144
Default,4,11593,interpolated,130,28956145.862648223,-5.253137351777404,43.670707238340356
Default,4,11593,interpolated,131,28956159.21541502,-5.239784584980458,43.77263675587437
Default,4,11593,interpolated,132,28956172.568181816,-5.226431818183512,43.87456627340839
Default,4,11593,interpolated,133,28956185.920948617,-5.21307905138284,43.9764957909706
Default,4,11593,interpolated,134,28956199.273715414,-5.199726284585894,45.32874733954668
Default,4,11593,interpolated,135,28956212.626482215,-5.1863735177852215,46.77108036912978
Default,4,11593,interpolated,136,28956225.97924901,-5.173020750988275,47.217804527485896
Default,4,11593,interpolated,137,28956239.33201581,-5.159667984191328,47.460582105612275
Default,4,11593,interpolated,138,28956252.68478261,-5.146315217390657,47.703359683806184
Default,4,11593,interpolated,139,28956266.037549406,-5.13296245059371,47.94613726193256
Default,4,11593,interpolated,140,28956279.390316207,-5.119609683793038,48.212047269529876
Default,4,11593,interpolated,141,28956292.743083004,-5.106256916996092,48.48455271436546
Default,4,11593,interpolated,142,28956306.0958498,-5.092904150199145,48.75705815920105
Default,4,11593,interpolated,143,28956319.4486166,-5.079551383398473,49.07243083007643
Default,4,11593,interpolated,144,28956332.8013834,-5.066198616601527,49.74006916992357
Default,4,11593,interpolated,145,28956346.1541502,-5.052845849800855,50.105898054534464
Default,4,11593,interpolated,146,28956359.506916996,-5.039493083003909,50.279310610338825
Default,4,11593,interpolated,147,28956372.859683793,-5.026140316206962,50.452723166143414
Default,4,11593,interpolated,148,28956386.212450594,-5.012787549406291,50.62613572199621
Default,4,11593,interpolated,149,28956399.56521739,-4.9994347826093435,50.799548277800795
Default,4,11593,interpolated,150,28956412.91798419,-4.986082015808671,50.97296083365359
Default,4,11593,interpolated,151,28956426.27075099,-4.972729249011725,51.46961462451145
Default,4,11593,interpolated,152,28956439.623517785,-4.959376482214779,52.015587944630624
Default,4,11593,interpolated,153,28956452.976284586,-4.946023715414107,52.34940711464742
Default,4,11593,interpolated,154,28956466.329051383,-4.932670948617161,52.68322628457099
Default,4,11593,interpolated,155,28956479.681818184,-4.919318181816489,53.00437062938158
Default,4,11593,interpolated,156,28956493.03458498,-4.905965415019542,53.089965288336316
Default,4,11593,interpolated,157,28956506.387351777,-4.892612648222595,53.17555994729105
Default,4,11593,interpolated,158,28956519.740118578,-4.879259881421924,53.261154606269656
Default,4,11593,interpolated,159,28956533.092885375,-4.865907114624977,53.34674926522462
Default,4,11593,interpolated,160,28956546.445652176,-4.852554347824306,53.432343924203224
Default,4,11593,interpolated,161,28956559.798418973,-4.839201581027359,53.51793858315796
Default,4,11593,interpolated,162,28956573.15118577,-4.825848814230413,53.60353324211269
Default,4,11593,interpolated,163,28956586.50395257,-4.8124960474297405,53.6891279010913
Default,4,11593,interpolated,164,28956599.856719367,-4.799143280632794,53.77472256004626
Default,4,11593,interpolated,165,28956613.209486164,-4.785790513835847,53.86031721900099
Default,4,11593,interpolated,166,28956626.562252965,-4.772437747035176,53.9459118779796
Default,4,11593,interpolated,167,28956639.91501976,-4.759084980238229,54.44681997834277
Default,4,11593,interpolated,168,28956653.267786562,-4.745732213437558,55.559060504803256
Default,4,11593,interpolated,169,28956666.62055336,-4.732379446640611,56.200540877878666
Default,4,11593,interpolated,170,28956679.973320156,-4.719026679843664,56.55192947779824
Default,4,11593,interpolated,171,28956693.326086957,-4.705673913042992,56.90331807781604
Default,4,11593,interpolated,172,28956706.678853754,-4.692321146246046,57.35847606496122
Default,4,11593,interpolated,173,28956720.031620555,-4.678968379445374,57.853022983504616
Default,4,11593,interpolated,174,28956733.38438735,-4.665615612648428,58.180468987530276
Default,4,11593,interpolated,175,28956746.73715415,-4.652262845851481,58.4372529643947
Default,4,11593,interpolated,176,28956760.08992095,-4.6389100790508095,58.69403694133052
Default,4,11593,interpolated,177,28956773.442687746,-4.6255573122538625,58.95082091819495
Default,4,11593,interpolated,178,28956786.795454547,-4.612204545453191,59.13165188471726
Default,4,11593,interpolated,179,28956800.148221344,-4.598851778656244,59.294490504192254
Default,4,11593,interpolated,180,28956813.50098814,-4.585499011859298,59.45732912366702
Default,4,11593,interpolated,181,28956826.85375494,-4.572146245058626,59.620167743187494
Default,4,11593,interpolated,182,28956840.20652174,-4.55879347826168,59.78300636266249
Default,4,11593,interpolated,183,28956853.55928854,-4.545440711461008,59.945844982182734
Default,4,11593,interpolated,184,28956866.912055336,-4.532087944664061,60.21219179371292
Default,4,11593,interpolated,185,28956880.264822133,-4.518735177867114,60.53011481268777
Default,4,11593,interpolated,186,28956893.617588934,-4.505382411066443,60.8480378317513
Default,4,11593,interpolated,187,28956906.97035573,-4.492029644269496,61.06168456398677
Default,4,11593,interpolated,188,28956920.32312253,-4.478676877468825,61.179850641868825
Default,4,11593,interpolated,189,28956933.675889328,-4.465324110671878,61.29801671971791
Default,4,11593,interpolated,190,28956947.028656125,-4.4519713438749315,61.41618279756699
Default,4,11593,interpolated,191,28956960.381422926,-4.438618577074259,61.53434887544904
Default,4,11593,interpolated,192,28956973.734189723,-4.425265810277313,61.65251495329812
Default,4,11593,interpolated,193,28956987.086956523,-4.411913043476641,61.770681031180175
Default,4,11593,interpolated,194,28957000.43972332,-4.398560276679695,61.88884710902926
Default,4,11593,interpolated,195,28957013.792490117,-4.385207509882748,62.013903335390296
Default,4,11593,interpolated,196,28957027.145256918,-4.371854743082077,62.24816240206883
Default,4,11593,interpolated,197,28957040.498023715,-4.35850197628513,62.48242146868188
Default,4,11593,interpolated,198,28957053.850790516,-4.345149209484458,62.71668053536041
Default,4,11593,interpolated,199,28957067.203557312,-4.331796442687511,62.95093960197346
Default,4,11593,interpolated,200,28957080.55632411,-4.318443675890565,64.00381043910579
Default,4,11593,interpolated,201,28957093.90909091,-4.305090909089893,64.09526774595975
Default,4,11593,interpolated,202,28957107.261857707,-4.291738142292947,64.186725052788
Default,4,11593,interpolated,203,28957120.614624508,-4.278385375492275,64.27818235964196
Default,4,11593,interpolated,204,28957133.967391305,-4.2650326086953285,64.36963966647045
Default,4,11593,interpolated,205,28957147.3201581,-4.251679841898381,64.46109697329871
Default,4,11593,interpolated,206,28957160.672924902,-4.23832707509771,64.55255428015266
Default,4,11593,interpolated,207,28957174.0256917,-4.224974308300763,64.64401158698115
Default,4,11593,interpolated,208,28957187.378458496,-4.211621541503817,64.73546889380941
Default,4,11593,interpolated,209,28957200.731225297,-4.198268774703145,64.82692620066337
Default,4,11593,interpolated,210,28957214.083992094,-4.184916007906199,64.91838350749185
Default,4,11593,interpolated,211,28957227.436758894,-4.171563241105527,65.02394598157457
Default,4,11593,interpolated,212,28957240.78952569,-4.15821047430858,65.2464920948571
Default,4,11593,interpolated,213,28957254.14229249,-4.144857707511633,65.46903820813941
Default,4,11593,interpolated,214,28957267.49505929,-4.131504940710962,65.69158432148402
Default,4,11593,interpolated,215,28957280.847826086,-4.118152173914015,65.91413043476632
Default,4,11593,interpolated,216,28957294.200592887,-4.104799407113344,66.58575663476108
Default,4,11593,interpolated,217,28957307.553359684,-4.091446640316397,67.16420347138273
Default,4,11593,interpolated,218,28957320.90612648,-4.0780938735194505,67.45448101044667
Default,4,11593,interpolated,219,28957334.25889328,-4.064741106718778,67.74475854959178
Default,4,11593,interpolated,220,28957347.61166008,-4.051388339921832,68.02731627251137
Default,4,11593,interpolated,221,28957360.96442688,-4.03803557312116,68.25363435387862
Default,4,11593,interpolated,222,28957374.317193676,-4.024682806324214,68.4799524351829
Default,4,11593,interpolated,223,28957387.669960473,-4.011330039527268,68.70627051648694
Default,4,11593,interpolated,224,28957401.022727273,-3.9979772727265956,68.93258859785442
Default,4,11593,interpolated,225,28957414.37549407,-3.984624505929649,69.29298418969847
Default,4,11593,interpolated,226,28957427.72826087,-3.9712717391289774,69.71025815221947
Default,4,11593,interpolated,227,28957441.081027668,-3.9579189723320307,70.03924065065348
Default,4,11593,interpolated,228,28957454.433794465,-3.944566205535084,70.1676326390857
Default,4,11593,interpolated,229,28957467.786561266,-3.9312134387344124,70.29602462755383
Default,4,11593,interpolated,230,28957481.139328063,-3.917860671937466,70.42441661598582
Default,4,11593,interpolated,231,28957494.492094863,-3.904507905136794,70.55280860445396
Default,4,11593,interpolated,232,28957507.84486166,-3.8911551383398475,70.68120059288617
Default,4,11593,interpolated,233,28957521.197628457,-3.877802371542901,70.80959258131816
Default,4,11593,interpolated,234,28957534.550395258,-3.864449604742229,70.9379845697863
Default,4,11593,interpolated,235,28957547.903162055,-3.8510968379452826,71.05752635045587
Default,4,11593,interpolated,236,28957561.255928855,-3.837744071144611,71.16879940712829
Default,4,11593,interpolated,237,28957574.608695652,-3.8243913043476643,71.28007246376956
Default,4,11593,interpolated,238,28957587.96146245,-3.8110385375507176,71.3913455204106
Default,4,11593,interpolated,239,28957601.31422925,-3.797685770750046,71.50261857708301
Default,4,11593,interpolated,240,28957614.666996047,-3.7843330039530994,71.61389163372428
Default,4,11593,interpolated,241,28957628.019762848,-3.7709802371524277,71.72516469039647
Default,4,11593,interpolated,242,28957641.372529645,-3.757627470355481,71.83643774703773
Default,4,11593,interpolated,243,28957654.72529644,-3.7442747035585344,71.94771080367877
Default,4,11593,interpolated,244,28957668.078063242,-3.7309219367578628,72.337050630578
Default,4,11593,interpolated,245,28957681.43083004,-3.717569169960916,72.97289666852771
Default,4,11593,interpolated,246,28957694.78359684,-3.7042164031602445,73.12657026574016
Default,4,11593,interpolated,247,28957708.136363637,-3.690863636363298,73.258775877591
Default,4,11593,interpolated,248,28957721.489130434,-3.677510869566351,73.39098148944208
Default,4,11593,interpolated,249,28957734.841897234,-3.6641581027656795,73.52318710133
Default,4,11593,interpolated,250,28957748.19466403,-3.650805335968733,73.65539271318085
Default,4,11593,interpolated,251,28957761.54743083,-3.6374525691717863,73.78759832503192
Default,4,11593,interpolated,252,28957774.90019763,-3.6240998023711146,73.9198039369196
Default,4,11593,interpolated,253,28957788.252964426,-3.610747035574168,75.02851853703578
Default,4,11593,interpolated,254,28957801.605731227,-3.5973942687734963,75.19754090160131
Default,4,11593,interpolated,255,28957814.958498023,-3.5840415019765497,75.36656326611956
Default,4,11593,interpolated,256,28957828.31126482,-3.570688735179603,75.53558563063802
Default,4,11593,interpolated,257,28957841.66403162,-3.5573359683789314,75.70460799520333
Default,4,11593,interpolated,258,28957855.016798418,-3.5439832015819848,75.8736303597218
Default,4,11593,interpolated,259,28957868.36956522,-3.530630434781313,76.14039855077863
Default,4,11593,interpolated,260,28957881.722332016,-3.5172776679843665,76.69676383398473
Default,4,11593,interpolated,261,28957895.075098813,-3.50392490118742,78.1464332767896
Default,4,11593,interpolated,262,28957908.427865613,-3.490572134386748,78.78227931491665
Default,4,11593,interpolated,263,28957921.78063241,-3.4772193675898015,79.62718802929999
Default,4,11593,interpolated,264,28957935.13339921,-3.46386660078913,80.47843524769814
Default,4,11593,interpolated,265,28957948.486166008,-3.4505138339921833,81.07603671199695
Default,4,11593,interpolated,266,28957961.838932805,-3.4371610671952366,81.30235479330099
Default,4,11593,interpolated,267,28957975.191699605,-3.423808300394565,81.52867287466847
Default,4,11593,interpolated,268,28957988.544466402,-3.4104555335976183,81.75499095597252
Default,4,11593,interpolated,269,28958001.897233203,-3.3971027667969467,81.98130903734
Default,4,11593,interpolated,270,28958015.25,-3.38375,82.68055555555566
Default,4,11593,interpolated,271,28958028.602766797,-3.3703972332030534,83.84475186632744
Default,4,11593,interpolated,272,28958041.955533598,-3.3570444664023817,84.6641963109787
Default,4,11593,interpolated,273,28958055.308300395,-3.343691699605435,85.0794380477671
Default,4,11593,interpolated,274,28958068.661067195,-3.3303389328047635,85.22457681733954
Default,4,11593,interpolated,275,28958082.013833992,-3.316986166007817,85.36971558687151
Default,4,11593,interpolated,276,28958095.36660079,-3.30363339921087,85.51485435640348
Default,4,11593,interpolated,277,28958108.71936759,-3.2902806324101985,85.65999312597614
Default,4,11593,interpolated,278,28958122.072134387,-3.276927865613252,85.80513189550811
Default,4,11593,interpolated,279,28958135.424901187,-3.2635750988125802,85.95027066508055
Default,4,11593,interpolated,280,28958148.777667984,-3.2502223320156336,86.17211113694839
Default,4,11593,interpolated,281,28958162.13043478,-3.236869565218687,86.43393009375131
Default,4,11593,interpolated,282,28958175.483201582,-3.2235167984180153,86.69574905062723
Default,4,11593,interpolated,283,28958188.83596838,-3.2101640316210687,86.95756800742993
Default,4,11593,interpolated,284,28958202.18873518,-3.196811264820397,87.41439759924447
Default,4,11593,interpolated,285,28958215.541501977,-3.1834584980234504,87.90894451765007
Default,4,11593,interpolated,286,28958228.894268773,-3.1701057312265037,88.15563241104996
Default,4,11593,interpolated,287,28958242.247035574,-3.156752964425832,88.34638622248804
Default,4,11593,interpolated,288,28958255.59980237,-3.1434001976288855,88.53714003387313
Default,4,11593,interpolated,289,28958268.95256917,-3.130047430828214,88.7278938453112
Default,4,11593,interpolated,290,28958282.30533597,-3.116694664031267,88.9186476566963
Default,4,11593,interpolated,291,28958295.658102766,-3.1033418972343205,89.28363343576598
Default,4,11593,interpolated,292,28958309.010869566,-3.089989130433649,89.77818035430937
Default,4,11593,interpolated,293,28958322.363636363,-3.0766363636367022,90.10671936758399
Default,4,11593,interpolated,294,28958335.71640316,-3.063283596839756,90.30023772695995
Default,4,11593,interpolated,295,28958349.06916996,-3.049930830039084,90.49375608639002
Default,4,11593,interpolated,296,28958362.421936758,-3.0365780632421373,90.6872744457662
Default,4,11593,interpolated,297,28958375.77470356,-3.0232252964414656,90.88079280519605
Default,4,11593,interpolated,298,28958389.127470355,-3.009872529644519,91.0427289196291
Default,4,11593,interpolated,299,28958402.480237152,-2.996519762847573,91.15400197627014
Default,4,11593,interpolated,300,28958415.833003953,-2.9831669960469007,91.26527503294255
Default,4,11593,interpolated,301,28958429.18577075,-2.969814229249954,91.37654808958382
Default,4,11593,interpolated,302,28958442.53853755,-2.9564614624492824,91.48782114625601
Default,4,11593,interpolated,303,28958455.891304348,-2.943108695652336,91.59909420289728
Default,4,11593,interpolated,304,28958469.244071145,-2.9297559288553896,91.71036725953832
Default,4,11593,interpolated,305,28958482.596837945,-2.9164031620547175,91.82164031621073
Default,4,11593,interpolated,306,28958495.949604742,-2.903050395257771,91.932913372852
Default,4,11593,interpolated,307,28958509.302371543,-2.889697628457099,93.01079898367493
Default,4,11593,interpolated,308,28958522.65513834,-2.8763448616601526,93.48768351213744
Default,4,11593,interpolated,309,28958536.007905137,-2.8629920948632064,93.96456804059972
Default,4,11593,interpolated,310,28958549.360671937,-2.8496393280625343,94.4754104591334
Default,4,11593,interpolated,311,28958562.713438734,-2.8362865612655876,94.98897841286202
Default,4,11593,interpolated,312,28958576.066205535,-2.822933794464916,95.26132411070171
Default,4,11593,interpolated,313,28958589.418972332,-2.8095810276679694,95.52837944664066
Default,4,11593,interpolated,314,28958602.77173913,-2.796228260871023,95.7954347825796
Default,4,11593,interpolated,315,28958616.12450593,-2.782875494070351,96.02947647103451
Default,4,11593,interpolated,316,28958629.477272727,-2.769522727273405,96.15544596911877
Default,4,11593,interpolated,317,28958642.830039527,-2.7561699604727328,96.28141546723828
Default,4,11593,interpolated,318,28958656.182806324,-2.742817193675786,96.40738496532276
Default,4,11593,interpolated,319,28958669.53557312,-2.72946442687884,96.53335446340725
Default,4,11593,interpolated,320,28958682.88833992,-2.716111660078168,96.65932396152675
Default,4,11593,interpolated,321,28958696.24110672,-2.7027588932812217,96.78529345961101
Default,4,11593,interpolated,322,28958709.59387352,-2.6894061264805496,96.91126295773074
Default,4,11593,interpolated,323,28958722.946640316,-2.676053359683603,97.3587854833088
Default,4,11593,interpolated,324,28958736.299407113,-2.6627005928866567,98.29997176730217
Default,4,11593,interpolated,325,28958749.652173914,-2.6493478260859846,98.93581780542922
Default,4,11593,interpolated,326,28958763.00494071,-2.6359950592890384,99.75030879443511
Default,4,11593,interpolated,327,28958776.35770751,-2.6226422924883663,100.17329087984513
Default,4,11593,interpolated,328,28958789.71047431,-2.6092895256914197,100.42056433904781
Default,4,11593,interpolated,329,28958803.063241106,-2.5959367588944735,100.6678377982505
Default,4,11593,interpolated,330,28958816.416007906,-2.5825839920938014,100.91511125752208
Default,4,11593,interpolated,331,28958829.768774703,-2.569231225296855,101.54804841894656
Default,4,11593,interpolated,332,28958843.121541504,-2.555878458496183,102.40810276692105
Default,4,11593,interpolated,333,28958856.4743083,-2.5425256916992365,103.13558510002304
Default,4,11593,interpolated,334,28958869.827075098,-2.5291729249022903,103.54021439690041
Default,4,11593,interpolated,335,28958883.1798419,-2.515820158101618,103.94484369389033
Default,4,11593,interpolated,336,28958896.532608695,-2.502467391304672,104.76884057968846
Default,4,11593,interpolated,337,28958909.885375492,-2.4891146245077254,105.05919386522328
Default,4,11593,interpolated,338,28958923.238142293,-2.4757618577070533,105.13915055265238
Default,4,11593,interpolated,339,28958936.59090909,-2.462409090910107,105.2191072400592
Default,4,11593,interpolated,340,28958949.94367589,-2.449056324109435,105.2990639274883
Default,4,11593,interpolated,341,28958963.296442688,-2.4357035573124888,105.37902061489535
Default,4,11593,interpolated,342,28958976.649209484,-2.422350790515542,105.45897730230217
Default,4,11593,interpolated,343,28958990.001976285,-2.4089980237148705,105.53893398973128
Default,4,11593,interpolated,344,28959003.354743082,-2.395645256917924,105.6188906771381
Default,4,11593,interpolated,345,28959016.707509883,-2.3822924901172517,105.69884736456743
Default,4,11593,interpolated,346,28959030.06027668,-2.3689397233203056,105.77880405197425
Default,4,11593,interpolated,347,28959043.413043477,-2.355586956523359,105.85876073938107
Default,4,11593,interpolated,348,28959056.765810277,-2.3422341897226873,105.93871742681017
Default,4,11593,interpolated,349,28959070.118577074,-2.3288814229257406,106.10059926046006
Default,4,11593,interpolated,350,28959083.471343875,-2.3155286561250685,106.53133367338478
Default,4,11593,interpolated,351,28959096.824110672,-2.3021758893281223,106.96206808618967
Default,4,11593,interpolated,352,28959110.17687747,-2.2888231225311757,108.18503413579674
Default,4,11593,interpolated,353,28959123.52964427,-2.275470355730504,108.42781171399088
Default,4,11593,interpolated,354,28959136.882411066,-2.2621175889335574,108.67058929211703
Default,4,11593,interpolated,355,28959150.235177867,-2.2487648221328853,108.91336687031117
Default,4,11593,interpolated,356,28959163.587944664,-2.235412055335939,109.03685813160541
Default,4,11593,interpolated,357,28959176.94071146,-2.2220592885389925,109.09416614360953
Default,4,11593,interpolated,358,28959190.29347826,-2.208706521738321,109.15147415562956
Default,4,11593,interpolated,359,28959203.64624506,-2.195353754941374,109.20878216763367
Default,4,11593,interpolated,360,28959216.99901186,-2.182000988140702,109.2660901796537
Default,4,11593,interpolated,361,28959230.351778656,-2.168648221343756,109.32339819165759
Default,4,11593,interpolated,362,28959243.704545453,-2.1552954545468093,109.3807062036617
Default,4,11593,interpolated,363,28959257.057312254,-2.1419426877461376,109.43801421568173
Default,4,11593,interpolated,364,28959270.41007905,-2.128589920949191,109.49532222768585
Default,4,11593,interpolated,365,28959283.76284585,-2.115237154148519,109.55263023970588
Default,4,11593,interpolated,366,28959297.11561265,-2.1018843873515727,109.60993825170999
Default,4,11593,interpolated,367,28959310.468379445,-2.088531620554626,109.6672462637141
Default,4,11593,interpolated,368,28959323.821146246,-2.0751788537539544,109.72455427573414
Default,4,11593,interpolated,369,28959337.173913043,-2.0618260869570078,109.78186228773825
Default,4,11593,interpolated,370,28959350.526679844,-2.0484733201563357,109.83917029975828
Default,4,11593,interpolated,371,28959363.87944664,-2.0351205533593895,109.89647831176217
Default,4,11593,interpolated,372,28959377.232213438,-2.021767786562443,109.95378632376628
Default,4,11593,interpolated,373,28959390.58498024,-2.008415019761771,110.039768926742
Default,4,11593,interpolated,374,28959403.937747035,-1.9950622529648245,110.24519610823336
Default,4,11593,interpolated,375,28959417.290513836,-1.9817094861641527,110.45062328978224
Default,4,11593,interpolated,376,28959430.643280633,-1.9683567193672062,110.65605047127383
Default,4,11593,interpolated,377,28959443.99604743,-1.9550039525702596,110.86147765276519
Default,4,11593,interpolated,378,28959457.34881423,-1.9416511857695877,111.28992094869409
Default,4,11593,interpolated,379,28959470.701581027,-1.9282984189726413,112.02501463914223
Default,4,11593,interpolated,380,28959484.054347824,-1.9149456521756947,112.14865136874346
Default,4,11593,interpolated,381,28959497.407114625,-1.901592885375023,112.27228809837948
Default,4,11593,interpolated,382,28959510.759881422,-1.8882401185780764,112.3959248279807
Default,4,11593,interpolated,383,28959524.112648223,-1.8748873517774045,112.51956155761673
Default,4,11593,interpolated,384,28959537.46541502,-1.861534584980458,112.64319828721796
Default,4,11593,interpolated,385,28959550.818181816,-1.8481818181835115,112.76683501681941
Default,4,11593,interpolated,386,28959564.170948617,-1.8348290513828398,112.8904717464552
Default,4,11593,interpolated,387,28959577.523715414,-1.8214762845858932,113.01693017126786
Default,4,11593,interpolated,388,28959590.876482215,-1.8081235177852213,113.16529424683085
Default,4,11593,interpolated,389,28959604.22924901,-1.7947707509882749,113.31365832235247
Default,4,11593,interpolated,390,28959617.58201581,-1.7814179841913282,113.46202239787408
Default,4,11593,interpolated,391,28959630.93478261,-1.7680652173906566,113.61038647343707
Default,4,11593,interpolated,392,28959644.287549406,-1.75471245059371,113.75875054895869
Default,4,11593,interpolated,393,28959657.640316207,-1.741359683793038,113.90711462452191
Default,4,11593,interpolated,394,28959670.993083004,-1.7280069169960917,114.71329757198691
Default,4,11593,interpolated,395,28959684.3458498,-1.714654150199145,117.33383399203422
Default,4,11593,interpolated,396,28959697.6986166,-1.7013013833984734,117.86794466406104
Default,4,11593,interpolated,397,28959711.0513834,-1.6879486166015267,118.52902017886709
Default,4,11593,interpolated,398,28959724.4041502,-1.6745958498008549,119.04587656457443
Default,4,11593,interpolated,399,28959737.756916996,-1.6612430830039084,119.18496788537595
Default,4,11593,interpolated,400,28959751.109683793,-1.6478903162069618,119.32405920617748
Default,4,11593,interpolated,401,28959764.462450594,-1.6345375494062901,119.46315052701789
Default,4,11593,interpolated,402,28959777.81521739,-1.6211847826093435,119.60224184781941
Default,4,11593,interpolated,403,28959791.16798419,-1.6078320158086719,119.7413331686596
Default,4,11593,interpolated,404,28959804.52075099,-1.5944792490117252,119.88042448946112
Default,4,11593,interpolated,405,28959817.873517785,-1.5811264822147788,120.03175453873246
Default,4,11593,interpolated,406,28959831.226284586,-1.567773715414107,120.25807262009994
Default,4,11593,interpolated,407,28959844.579051383,-1.5544209486171603,120.48439070140398
Default,4,11593,interpolated,408,28959857.931818184,-1.5410681818164886,120.71070878277146
Default,4,11593,interpolated,409,28959871.28458498,-1.527715415019542,120.9370268640755
Default,4,11593,interpolated,410,28959884.637351777,-1.5143626482225956,121.50722904091595
Default,4,11593,interpolated,411,28959897.990118578,-1.5010098814219237,122.22167325433747
Default,4,11593,interpolated,412,28959911.342885375,-1.487657114624977,122.96349363194577
Default,4,11593,interpolated,413,28959924.695652176,-1.4743043478243054,123.84637681171307
Default,4,11593,interpolated,414,28959938.048418973,-1.4609515810273588,124.05187051160874
Default,4,11593,interpolated,415,28959951.40118577,-1.4475988142304124,124.1145595576038
Default,4,11593,interpolated,416,28959964.75395257,-1.4342460474297405,124.17724860361614
Default,4,11593,interpolated,417,28959978.106719367,-1.4208932806327939,124.23993764961119
Default,4,11593,interpolated,418,28959991.459486164,-1.4075405138358474,124.30262669560625
Default,4,11593,interpolated,419,28960004.812252965,-1.3941877470351756,124.36531574161882
Default,4,11593,interpolated,420,28960018.16501976,-1.3808349802382291,124.42800478761387
Default,4,11593,interpolated,421,28960031.517786562,-1.3674822134375573,124.49069383362644
Default,4,11593,interpolated,422,28960044.87055336,-1.3541294466406106,124.5533828796215
Default,4,11593,interpolated,423,28960058.223320156,-1.3407766798436642,124.61607192561655
Default,4,11593,interpolated,424,28960071.576086957,-1.3274239130429923,124.67876097162912
Default,4,11593,interpolated,425,28960084.928853754,-1.314071146246046,124.74145001762417
Default,4,11593,interpolated,426,28960098.281620555,-1.300718379445374,124.80413906363674
Default,4,11593,interpolated,427,28960111.63438735,-1.2873656126484274,124.8668281096318
Default,4,11593,interpolated,428,28960124.98715415,-1.274012845851481,124.92951715562685
Default,4,11593,interpolated,429,28960138.33992095,-1.2606600790508091,124.99220620163942
Default,4,11593,interpolated,430,28960151.692687746,-1.2473073122538627,125.20879799546674
Default,4,11593,interpolated,431,28960165.045454547,-1.2339545454531908,125.44724025976438
Default,4,11593,interpolated,432,28960178.398221344,-1.2206017786562442,125.68568252399564
Default,4,11593,interpolated,433,28960191.75098814,-1.2072490118592978,125.92412478822689
Default,4,11593,interpolated,434,28960205.10375494,-1.193896245058626,126.13793568093001
Default,4,11593,interpolated,435,28960218.45652174,-1.1805434782616795,126.34025032936847
Default,4,11593,interpolated,436,28960231.80928854,-1.1671907114610076,126.54256497786355
Default,4,11593,interpolated,437,28960245.162055336,-1.1538379446640612,126.74487962630201
Default,4,11593,interpolated,438,28960258.514822133,-1.1404851778671146,126.9471942747407
Default,4,11593,interpolated,439,28960271.867588934,-1.1271324110664427,127.41114953889814
Default,4,11593,interpolated,440,28960285.22035573,-1.1137796442694963,127.96751482210425
Default,4,11593,interpolated,441,28960298.57312253,-1.1004268774688244,128.39291007909924
Default,4,11593,interpolated,442,28960311.925889328,-1.087074110671878,128.81018404150382
Default,4,11593,interpolated,443,28960325.278656125,-1.0737213438749313,129.80873956945197
Default,4,11593,interpolated,444,28960338.631422926,-1.0603685770742595,130.3230950812706
Default,4,11593,interpolated,445,28960351.984189723,-1.047015810277313,130.69400527007474
Default,4,11593,interpolated,446,28960365.336956523,-1.0336630434766412,131.2124505930326
Default,4,11593,interpolated,447,28960378.68972332,-1.0203102766796948,132.13793303883244
Default,4,11593,interpolated,448,28960392.042490117,-1.0069575098827481,132.53066147403683
Default,4,11593,interpolated,449,28960405.395256918,-0.9936047430820764,132.9233899093506
Default,4,11593,interpolated,450,28960418.748023715,-0.9802519762851298,133.35826745716236
Default,4,11593,interpolated,451,28960432.100790516,-0.966899209484458,133.80335968385134
Default,4,11593,interpolated,452,28960445.453557312,-0.9535464426875114,134.67759611931706
Default,4,11593,interpolated,453,28960458.80632411,-0.9401936758905649,135.28018068884103
Default,4,11593,interpolated,454,28960472.15909091,-0.9268409090898931,135.6616883117174
Default,4,11593,interpolated,455,28960485.511857707,-0.9134881422929466,136.50395256901788
Default,4,11593,interpolated,456,28960498.864624508,-0.9001353754922747,137.91266342367112
Default,4,11593,interpolated,457,28960512.217391305,-0.8867826086953282,138.37022397892952
Default,4,11593,interpolated,458,28960525.5701581,-0.8734298418983817,138.77485327580666
Default,4,11593,interpolated,459,28960538.922924902,-0.8600770750977099,139.42306606444936
Default,4,11593,interpolated,460,28960552.2756917,-0.8467243083007634,140.04884899721515
Default,4,11593,interpolated,461,28960565.628458496,-0.8333715415038169,140.1724857268166
Default,4,11593,interpolated,462,28960578.981225297,-0.820018774703145,140.2961224564524
Default,4,11593,interpolated,463,28960592.333992094,-0.8066660079061985,140.41975918605362
Default,4,11593,interpolated,464,28960605.686758894,-0.7933132411055267,140.54339591568964
Default,4,11593,interpolated,465,28960619.03952569,-0.7799604743085802,140.66703264529087
Default,4,11593,interpolated,466,28960632.39229249,-0.7666077075116337,140.79066937489233
Default,4,11593,interpolated,467,28960645.74505929,-0.7532549407109619,140.91430610452812
Default,4,11593,interpolated,468,28960659.097826086,-0.7399021739140154,141.03940217390368
Default,4,11593,interpolated,469,28960672.450592887,-0.7265494071133435,141.1677941623716
Default,4,11593,interpolated,470,28960685.803359684,-0.713196640316397,141.2961861508038
Default,4,11593,interpolated,471,28960699.15612648,-0.6998438735194504,141.42457813923602
Default,4,11593,interpolated,472,28960712.50889328,-0.6864911067187787,141.55297012770416
Default,4,11593,interpolated,473,28960725.86166008,-0.6731383399218321,141.68136211613614
Default,4,11593,interpolated,474,28960739.21442688,-0.6597855731211603,141.80975410460428
Default,4,11593,interpolated,475,28960752.567193676,-0.6464328063242137,141.9381460930365
Default,4,11593,interpolated,476,28960765.919960473,-0.6330800395272672,142.24714144545464
Default,4,11593,interpolated,477,28960779.272727273,-0.6197272727265954,142.72402597405016
Default,4,11593,interpolated,478,28960792.62549407,-0.6063745059296489,144.19081547738688
Default,4,11593,interpolated,479,28960805.97826087,-0.593021739128977,144.89359267742225
Default,4,11593,interpolated,480,28960819.331027668,-0.5796689723320305,145.35409461462405
Default,4,11593,interpolated,481,28960832.683794465,-0.566316205535084,145.77136857702862
Default,4,11593,interpolated,482,28960846.036561266,-0.5529634387344122,146.0701925728556
Default,4,11593,interpolated,483,28960859.389328063,-0.5396106719374657,146.22545730305274
Default,4,11593,interpolated,484,28960872.742094863,-0.5262579051367938,146.38072203329307
Default,4,11593,interpolated,485,28960886.09486166,-0.5129051383398473,146.5359867634902
Default,4,11593,interpolated,486,28960899.447628457,-0.49955237154290083,146.6912514936871
Default,4,11593,interpolated,487,28960912.800395258,-0.486199604742229,146.84651622392767
Default,4,11593,interpolated,488,28960926.153162055,-0.4728468379452825,147.0028898500891
Default,4,11593,interpolated,489,28960939.505928855,-0.45949407114461066,147.2548288463281
Default,4,11593,interpolated,490,28960952.858695652,-0.44614130434766414,147.50676784249686
Default,4,11593,interpolated,491,28960966.21146245,-0.4327885375507176,147.7587068386656
Default,4,11593,interpolated,492,28960979.56422925,-0.4194357707500458,148.08060417856495
Default,4,11593,interpolated,493,28960992.916996047,-0.40608300395309926,149.11723722113402
Default,4,11593,interpolated,494,28961006.269762848,-0.39273023715242744,149.34355530250127
Default,4,11593,interpolated,495,28961019.622529645,-0.3793774703554809,149.56987338380532
Default,4,11593,interpolated,496,28961032.97529644,-0.3660247035585344,149.7961914651096
Default,4,11593,interpolated,497,28961046.328063242,-0.35267193675786257,150.0102950638925
Default,4,11593,interpolated,498,28961059.68083004,-0.33931916996091604,150.11380488402392
Default,4,11593,interpolated,499,28961073.03359684,-0.3259664031602442,150.21731470418422
Default,4,11593,interpolated,500,28961086.386363637,-0.3126136363632977,150.3208245243154
Default,4,11593,interpolated,501,28961099.739130434,-0.2992608695663512,150.42433434444683
Default,4,11593,interpolated,502,28961113.091897234,-0.28590810276567935,150.52784416460713
Default,4,11593,interpolated,503,28961126.44466403,-0.2725553359687328,150.63135398473855
Default,4,11593,interpolated,504,28961139.79743083,-0.2592025691717863,150.73486380486997
Default,4,11593,interpolated,505,28961153.15019763,-0.2458498023711145,150.83837362503004
Default,4,11593,interpolated,506,28961166.502964426,-0.23249703557416798,150.94188344516147
Default,4,11593,interpolated,507,28961179.855731227,-0.21914426877349616,151.03930020957387
Default,4,11593,interpolated,508,28961193.208498023,-0.20579150197654963,151.12891609411713
Default,4,11593,interpolated,509,28961206.56126482,-0.1924387351796031,151.2185319786604
Default,4,11593,interpolated,510,28961219.91403162,-0.1790859683789313,151.30814786322867
Default,4,11593,interpolated,511,28961233.266798418,-0.16573320158198476,151.39776374777193
Default,4,11593,interpolated,512,28961246.61956522,-0.15238043478131294,151.4873796323402
Default,4,11593,interpolated,513,28961259.972332016,-0.13902766798436642,151.57699551688347
Default,4,11593,interpolated,514,28961273.325098813,-0.1256749011874199,151.66661140142674
Default,4,11593,interpolated,515,28961286.677865613,-0.11232213438674808,151.756227285995
Default,4,11593,interpolated,516,28961300.03063241,-0.09896936758980156,151.84584317053827
Default,4,11593,interpolated,517,28961313.38339921,-0.08561660078912973,151.93545905510655
Default,4,11593,interpolated,518,28961326.736166008,-0.07226383399218321,152.339651455256
Default,4,11593,interpolated,519,28961340.088932805,-0.058911067195236685,153.32047014761906
Default,4,11593,interpolated,520,28961353.441699605,-0.04555830039456487,154.0107731611081
Default,4,11593,interpolated,521,28961366.794466402,-0.032205533597618345,154.33645040005808
Default,4,11593,interpolated,522,28961380.147233203,-0.018852766796946526,154.6621276390988
Default,4,11593,interpolated,523,28961393.5,-0.0055,154.9878048780488
Default,4,11593,interpolated,524,28961406.852766797,0.007852766796946525,154.98954209373733
Default,4,11593,interpolated,525,28961420.205533598,0.021205533597618342,154.9786773526464
Default,4,11593,interpolated,526,28961433.558300395,0.03455830039456487,154.96781261155843
Default,4,11593,interpolated,527,28961446.911067195,0.04791106719523668,154.95694787046773
Default,4,11593,interpolated,528,28961460.263833992,0.06126383399218321,154.94608312937976
Default,4,11593,interpolated,529,28961473.61660079,0.07461660078912974,154.93521838829201
Default,4,11593,interpolated,530,28961486.96936759,0.08796936758980155,154.9243536472011
Default,4,11593,interpolated,531,28961500.322134387,0.10132213438674807,154.91348890611334
Default,4,11593,interpolated,532,28961513.674901187,0.1146749011874199,154.90262416502242
Default,4,11593,interpolated,533,28961527.027667984,0.12802766798436643,154.89175942393467
Default,4,11593,interpolated,534,28961540.38043478,0.14138043478131296,154.8808946828467
Default,4,11593,interpolated,535,28961553.733201582,0.15473320158198475,154.870029941756
Default,4,11593,interpolated,536,28961567.08596838,0.16808596837893128,154.85916520066803
Default,4,11593,interpolated,537,28961580.43873518,0.1814387351796031,154.8483004595771
Default,4,11593,interpolated,538,28961593.791501977,0.19479150197654962,154.83743571848936
Default,4,11593,interpolated,539,28961607.144268773,0.20814426877349615,154.82657097740162
Default,4,11593,interpolated,540,28961620.497035574,0.22149703557416797,154.8157062363107
Default,4,11593,interpolated,541,28961633.84980237,0.2348498023711145,154.80484149522295
Default,4,11593,interpolated,542,28961647.20256917,0.24820256917178632,154.79397675413202
Default,4,11593,interpolated,543,28961660.55533597,0.2615553359687328,154.78311201304405
Default,4,11593,interpolated,544,28961673.908102766,0.27490810276567934,154.7722472719563
Default,4,11593,interpolated,545,28961687.260869566,0.28826086956635116,154.76138253086538
Default,4,11593,interpolated,546,28961700.613636363,0.3016136363632977,154.75051778977763
Default,4,11593,interpolated,547,28961713.96640316,0.3149664031602442,154.7396530486899
Default,4,11593,interpolated,548,28961727.31916996,0.32831916996091604,154.72878830759896
Default,4,11593,interpolated,549,28961740.671936758,0.34167193675786256,154.717923566511
Default,4,11593,interpolated,550,28961754.02470356,0.3550247035585344,154.7070588254203
Default,4,11593,interpolated,551,28961767.377470355,0.3683774703554809,154.69619408433232
Default,4,11593,interpolated,552,28961780.730237152,0.38173023715242743,154.68532934324458
Default,4,11593,interpolated,553,28961794.083003953,0.39508300395309925,154.67446460215365
Default,4,11593,interpolated,554,28961807.43577075,0.4084357707500458,154.6635998610659
Default,4,11593,interpolated,555,28961820.78853755,0.4217885375507176,154.65273511997498
Default,4,11593,interpolated,556,28961834.141304348,0.4351413043476641,154.64187037888723
Default,4,11593,interpolated,557,28961847.494071145,0.44849407114461065,154.63100563779926
Default,4,11593,interpolated,558,28961860.846837945,0.4618468379452825,154.62014089670856
Default,4,11593,interpolated,559,28961874.199604742,0.475199604742229,154.6092761556206
Default,4,11593,interpolated,560,28961887.552371543,0.4885523715429008,154.5984114145299
Default,4,11593,interpolated,561,28961900.90513834,0.5019051383398473,154.58754667344192
Default,4,11593,interpolated,562,28961914.257905137,0.5152579051367938,154.57668193235418
Default,4,11593,interpolated,563,28961927.610671937,0.5286106719374657,154.56581719126325
Default,4,11593,interpolated,564,28961940.963438734,0.5419634387344122,154.5549524501755
Default,4,11593,interpolated,565,28961954.316205535,0.555316205535084,154.54408770908458
Default,4,11593,interpolated,566,28961967.668972332,0.5686689723320305,154.5332229679966
Default,4,11593,interpolated,567,28961981.02173913,0.582021739128977,154.52235822690886
Default,4,11593,interpolated,568,28961994.37450593,0.5953745059296489,154.51149348581794
Default,4,11593,interpolated,569,28962007.727272727,0.6087272727265954,154.5006287447302
Default,4,11593,interpolated,570,28962021.080039527,0.6220800395272672,154.48976400363927
Default,4,11593,interpolated,571,28962034.432806324,0.6354328063242137,154.47889926255152
Default,4,11593,interpolated,572,28962047.78557312,0.6487855731211603,154.46803452146355
Default,4,11593,interpolated,573,28962061.13833992,0.6621383399218321,154.45716978037285
Default,4,11593,interpolated,574,28962074.49110672,0.6754911067187787,154.44630503928488
Default,4,11593,interpolated,575,28962087.84387352,0.6888438735194504,154.43544029819418
Default,4,11593,interpolated,576,28962101.196640316,0.702196640316397,154.4245755571062
Default,4,11593,interpolated,577,28962114.549407113,0.7155494071133435,154.41371081601847
Default,4,11593,interpolated,578,28962127.902173914,0.7289021739140153,154.40284607492754
Default,4,11593,interpolated,579,28962141.25494071,0.7422549407109619,154.3919813338398
Default,4,11593,interpolated,580,28962154.60770751,0.7556077075116336,154.38111659274887
Default,4,11593,interpolated,581,28962167.96047431,0.7689604743085802,154.37025185166112
Default,4,11593,interpolated,582,28962181.313241106,0.7823132411055267,154.35938711057315
Default,4,11593,interpolated,583,28962194.666007906,0.7956660079061986,154.34852236948245
Default,4,11593,interpolated,584,28962208.018774703,0.8090187747031451,154.33765762839448
Default,4,11593,interpolated,585,28962221.371541504,0.8223715415038169,154.32679288730355
Default,4,11593,interpolated,586,28962234.7243083,0.8357243083007634,154.3159281462158
Default,4,11593,interpolated,587,28962248.077075098,0.8490770750977099,154.30506340512807
Default,4,11593,interpolated,588,28962261.4298419,0.8624298418983817,154.29419866403714
Default,4,11593,interpolated,589,28962274.782608695,0.8757826086953282,154.2833339229494
Default,4,11593,interpolated,590,28962288.135375492,0.8891353754922747,154.27246918186142
Default,4,11593,interpolated,591,28962301.488142293,0.9024881422929466,154.2616044407705
Default,4,11593,interpolated,592,28962314.84090909,0.9158409090898931,154.25073969968275
Default,4,11593,interpolated,593,28962328.19367589,0.9291936758905649,154.23987495859183
Default,4,11593,interpolated,594,28962341.546442688,0.9425464426875114,154.22901021750408
Default,4,11593,interpolated,595,28962354.899209484,0.955899209484458,154.21814547641634
Default,4,11593,interpolated,596,28962368.251976285,0.9692519762851298,154.2072807353254
Default,4,11593,interpolated,597,28962381.604743082,0.9826047430820763,154.19641599423744
Default,4,11593,interpolated,598,28962394.957509883,0.9959575098827481,154.18555125314674
Default,4,11593,interpolated,599,28962408.31027668,1.0093102766796946,154.17468651205877
Default,4,11593,interpolated,600,28962421.663043477,1.0226630434766413,154.16382177097103
Default,4,11593,interpolated,601,28962435.015810277,1.036015810277313,154.1529570298801
Default,4,11593,interpolated,602,28962448.368577074,1.0493685770742596,154.14209228879236
Default,4,11593,interpolated,603,28962461.721343875,1.0627213438749314,154.13122754770143
Default,4,11593,interpolated,604,28962475.074110672,1.0760741106718779,154.12036280661368
Default,4,11593,interpolated,605,28962488.42687747,1.0894268774688245,154.1094980655257
Default,4,11593,interpolated,606,28962501.77964427,1.1027796442694962,154.098633324435
Default,4,11593,interpolated,607,28962515.132411066,1.1161324110664428,154.08776858334704
Default,4,11593,interpolated,608,28962528.485177867,1.1294851778671147,154.07690384225612
Default,4,11593,interpolated,609,28962541.837944664,1.142837944664061,154.06603910116837
Default,4,11593,interpolated,610,28962555.19071146,1.1561907114610077,154.05517436008063
Default,4,11593,interpolated,611,28962568.54347826,1.1695434782616794,154.0443096189897
Default,4,11593,interpolated,612,28962581.89624506,1.182896245058626,154.03344487790196
Default,4,11593,interpolated,613,28962595.24901186,1.1962490118592979,154.02258013681103
Default,4,11593,interpolated,614,28962608.601778656,1.2096017786562443,154.01171539572306
Default,4,11593,interpolated,615,28962621.954545453,1.222954545453191,154.00085065463531
Default,4,11593,interpolated,616,28962635.307312254,1.2363073122538626,153.9474046484877
Default,4,11593,interpolated,617,28962648.66007905,1.2496600790508092,153.89034154251794
Default,4,11593,interpolated,618,28962662.01284585,1.2630128458514809,153.83327843653205
Default,4,11593,interpolated,619,28962675.36561265,1.2763656126484275,153.7762153305623
Default,4,11593,interpolated,620,28962688.718379445,1.289718379445374,153.71915222459234
Default,4,11593,interpolated,621,28962702.071146246,1.3030711462460458,153.66208911860667
Default,4,11593,interpolated,622,28962715.423913043,1.3164239130429924,153.6050260126367
Default,4,11593,interpolated,623,28962728.776679844,1.329776679843664,153.54796290665104
Default,4,11593,interpolated,624,28962742.12944664,1.3431294466406107,153.49089980068106
Default,4,11593,interpolated,625,28962755.482213438,1.3564822134375571,153.43383669471132
Default,4,11593,interpolated,626,28962768.83498024,1.369834980238229,153.37677358872543
Default,4,11593,interpolated,627,28962782.187747035,1.3831877470351757,153.31971048275568
Default,4,11593,interpolated,628,28962795.540513836,1.3965405138358473,153.2626473767698
Default,4,11593,interpolated,629,28962808.893280633,1.409893280632794,153.20558427080005
Default,4,11593,interpolated,630,28962822.24604743,1.4232460474297404,153.14852116483007
Default,4,11593,interpolated,631,28962835.59881423,1.4365988142304122,153.0914580588444
Default,4,11593,interpolated,632,28962848.951581027,1.4499515810273589,153.03439495287444
Default,4,11593,interpolated,633,28962862.304347824,1.4633043478243053,152.73478260878483
Default,4,11593,interpolated,634,28962875.657114625,1.4766571146249772,152.06714426875124
Default,4,11593,interpolated,635,28962889.009881422,1.4900098814219236,151.89276891587565
Default,4,11593,interpolated,636,28962902.362648223,1.5033626482225955,151.77354778372683
Default,4,11593,interpolated,637,28962915.71541502,1.516715415019542,151.6543266516112
Default,4,11593,interpolated,638,28962929.068181816,1.5300681818164885,151.53510551949557
Default,4,11593,interpolated,639,28962942.420948617,1.5434209486171604,151.41588438734675
Default,4,11593,interpolated,640,28962955.773715414,1.5567737154141068,151.29666325523112
Default,4,11593,interpolated,641,28962969.126482215,1.5701264822147787,151.1774421230823
Default,4,11593,interpolated,642,28962982.47924901,1.5834792490117253,151.05822099096667
Default,4,11593,interpolated,643,28962995.83201581,1.5968320158086717,150.91459980239165
Default,4,11593,interpolated,644,28963009.18478261,1.6101847826093436,150.74769021738325
Default,4,11593,interpolated,645,28963022.537549406,1.62353754940629,150.58078063242147
Default,4,11593,interpolated,646,28963035.890316207,1.636890316206962,150.41387104741307
Default,4,11593,interpolated,647,28963049.243083004,1.6502430830039085,150.24696146245105
Default,4,11593,interpolated,648,28963062.5958498,1.663595849800855,150.08005187748927
Default,4,11593,interpolated,649,28963075.9486166,1.6769486166015268,148.90720873326063
Default,4,11593,interpolated,650,28963089.3013834,1.6903013833984732,148.2713626953107
Default,4,11593,interpolated,651,28963102.6541502,1.7036541501991451,147.91495388667613
Default,4,11593,interpolated,652,28963116.006916996,1.7170069169960915,147.76658981115452
Default,4,11593,interpolated,653,28963129.359683793,1.7303596837930382,147.6182257356329
Default,4,11593,interpolated,654,28963142.712450594,1.74371245059371,147.4698616600699
Default,4,11593,interpolated,655,28963156.06521739,1.7570652173906565,147.3214975845483
Default,4,11593,interpolated,656,28963169.41798419,1.7704179841913283,147.1731335089853
Default,4,11593,interpolated,657,28963182.77075099,1.7837707509882748,147.0247694334637
Default,4,11593,interpolated,658,28963196.123517785,1.7971235177852214,146.9006828769177
Default,4,11593,interpolated,659,28963209.476284586,1.8104762845858933,146.78146174476888
Default,4,11593,interpolated,660,28963222.829051383,1.8238290513828397,146.66224061265325
Default,4,11593,interpolated,661,28963236.181818184,1.8371818181835116,146.54301948050443
Default,4,11593,interpolated,662,28963249.53458498,1.850534584980458,146.4237983483888
Default,4,11593,interpolated,663,28963262.887351777,1.8638873517774046,146.30457721627317
Default,4,11593,interpolated,664,28963276.240118578,1.8772401185780765,146.18535608412435
Default,4,11593,interpolated,665,28963289.592885375,1.890592885375023,146.06613495200872
Default,4,11593,interpolated,666,28963302.945652176,1.9039456521756948,145.90253029220162
Default,4,11593,interpolated,667,28963316.298418973,1.9172984189726412,145.6836324758583
Default,4,11593,interpolated,668,28963329.65118577,1.9306511857695878,145.464734659515
Default,4,11593,interpolated,669,28963343.00395257,1.9440039525702597,145.2458368431105
Default,4,11593,interpolated,670,28963356.356719367,1.9573567193672061,145.0269390267672
Default,4,11593,interpolated,671,28963369.709486164,1.9707094861641528,144.83507765965987
Default,4,11593,interpolated,672,28963383.062252965,1.9840622529648244,144.64701052162218
Default,4,11593,interpolated,673,28963396.41501976,1.997415019761771,144.458943383637
Default,4,11593,interpolated,674,28963409.767786562,2.0107677865624427,144.2708762455993
Default,4,11593,interpolated,675,28963423.12055336,2.0241205533593893,144.08280910761414
Default,4,11593,interpolated,676,28963436.473320156,2.037473320156336,143.532917490229
Default,4,11593,interpolated,677,28963449.826086957,2.0508260869570076,142.95489638357935
Default,4,11593,interpolated,678,28963463.178853754,2.0641788537539543,142.83010417052378
Default,4,11593,interpolated,679,28963476.531620555,2.077531620554626,142.70531195743342
Default,4,11593,interpolated,680,28963489.88438735,2.0908843873515726,142.58051974437785
Default,4,11593,interpolated,681,28963503.23715415,2.104237154148519,142.45572753132228
Default,4,11593,interpolated,682,28963516.58992095,2.117589920949191,142.33093531823192
Default,4,11593,interpolated,683,28963529.942687746,2.1309426877461375,142.20614310517635
Default,4,11593,interpolated,684,28963543.295454547,2.144295454546809,142.081350892086
Default,4,11593,interpolated,685,28963556.648221344,2.157648221343756,141.89190182921493
Default,4,11593,interpolated,686,28963570.00098814,2.1710009881407024,141.5813723688209
Default,4,11593,interpolated,687,28963583.35375494,2.184353754941374,141.27084290834023
Default,4,11593,interpolated,688,28963596.70652174,2.1977065217383207,140.98222373189242
Default,4,11593,interpolated,689,28963610.05928854,2.2110592885389924,140.84313241105224
Default,4,11593,interpolated,690,28963623.412055336,2.224412055335939,140.7040410902507
Default,4,11593,interpolated,691,28963636.764822133,2.2377648221328856,140.56494976944919
Default,4,11593,interpolated,692,28963650.117588934,2.2511175889335573,140.42585844860878
Default,4,11593,interpolated,693,28963663.47035573,2.264470355730504,140.28676712780725
Default,4,11593,interpolated,694,28963676.82312253,2.2778231225311756,140.14767580696684
Default,4,11593,interpolated,695,28963690.175889328,2.291175889328122,140.00858448616532
Default,4,11593,interpolated,696,28963703.528656125,2.304528656125069,139.8101718768928
Default,4,11593,interpolated,697,28963716.881422926,2.3178814229257405,139.60785722839796
Default,4,11593,interpolated,698,28963730.234189723,2.331234189722687,139.40554257995927
Default,4,11593,interpolated,699,28963743.586956523,2.344586956523359,139.2032279314642
Default,4,11593,interpolated,700,28963756.93972332,2.3579397233203054,139.00091328302574
Default,4,11593,interpolated,701,28963770.292490117,2.371292490117252,138.6501976284933
Default,4,11593,interpolated,702,28963783.645256918,2.3846452569179237,138.29880902847572
Default,4,11593,interpolated,703,28963796.998023715,2.3979980237148704,137.9863149060625
Default,4,11593,interpolated,704,28963810.350790516,2.411350790515542,137.89485759920854
Default,4,11593,interpolated,705,28963823.703557312,2.4247035573124887,137.80340029238027
Default,4,11593,interpolated,706,28963837.05632411,2.4380563241094353,137.7119429855518
Default,4,11593,interpolated,707,28963850.40909091,2.451409090910107,137.62048567869783
Default,4,11593,interpolated,708,28963863.761857707,2.4647618577070536,137.52902837186957
Default,4,11593,interpolated,709,28963877.114624508,2.4781146245077252,137.43757106501562
Default,4,11593,interpolated,710,28963890.467391305,2.491467391304672,137.34611375818713
Default,4,11593,interpolated,711,28963903.8201581,2.5048201581016185,137.25465645135887
Default,4,11593,interpolated,712,28963917.172924902,2.51817292490229,137.16319914450492
Default,4,11593,interpolated,713,28963930.5256917,2.531525691699237,137.07174183767643
Default,4,11593,interpolated,714,28963943.878458496,2.544878458496183,136.9345804887232
Default,4,11593,interpolated,715,28963957.231225297,2.558231225296855,136.6311085159805
Default,4,11593,interpolated,716,28963970.583992094,2.5715839920938017,136.3276365433228
Default,4,11593,interpolated,717,28963983.936758894,2.5849367588944734,136.02416457058007
Default,4,11593,interpolated,718,28963997.28952569,2.59828952569142,135.9597064731429
Default,4,11593,interpolated,719,28964010.64229249,2.611642292488366,135.91592690987432
Default,4,11593,interpolated,720,28964023.99505929,2.6249950592890383,135.87214734659324
Default,4,11593,interpolated,721,28964037.347826086,2.638347826085985,135.82836778332467
Default,4,11593,interpolated,722,28964050.700592887,2.6517005928866566,135.78458822004382
Default,4,11593,interpolated,723,28964064.053359684,2.6650533596836032,135.74080865677502
Default,4,11593,interpolated,724,28964077.40612648,2.6784061264805494,135.69702909350644
Default,4,11593,interpolated,725,28964090.75889328,2.6917588932812215,135.6532495302256
Default,4,11593,interpolated,726,28964104.11166008,2.705111660078168,135.6094699669568
Default,4,11593,interpolated,727,28964117.46442688,2.71846442687884,135.56569040367594
Default,4,11593,interpolated,728,28964130.817193676,2.7318171936757865,135.52191084040714
Default,4,11593,interpolated,729,28964144.169960473,2.7451699604727327,135.47813127713857
Default,4,11593,interpolated,730,28964157.522727273,2.7585227272734048,135.43435171385772
Default,4,11593,interpolated,731,28964170.87549407,2.7718754940703514,135.39057215058892
Default,4,11593,interpolated,732,28964184.22826087,2.785228260871023,135.34679258730807
Default,4,11593,interpolated,733,28964197.581027668,2.7985810276679697,135.3030130240395
Default,4,11593,interpolated,734,28964210.933794465,2.811933794464916,135.2592334607707
Default,4,11593,interpolated,735,28964224.286561266,2.825286561265588,135.21545389748985
Default,4,11593,interpolated,736,28964237.639328063,2.8386393280625346,135.17167433422128
Default,4,11593,interpolated,737,28964250.992094863,2.8519920948632063,135.1278947709402
Default,4,11593,interpolated,738,28964264.34486166,2.865344861660153,135.08411520767163
Default,4,11593,interpolated,739,28964277.697628457,2.878697628457099,135.04033564440306
Default,4,11593,interpolated,740,28964291.050395258,2.892050395257771,134.98970200727672
Default,4,11593,interpolated,741,28964304.403162055,2.9054031620547174,134.85879252887526
Default,4,11593,interpolated,742,28964317.755928855,2.9187559288553895,134.7278830504374
Default,4,11593,interpolated,743,28964331.108695652,2.932108695652336,134.59697357203595
Default,4,11593,interpolated,744,28964344.46146245,2.9454614624492823,134.4660640936345
Default,4,11593,interpolated,745,28964357.81422925,2.9588142292499544,134.33515461519642
Default,4,11593,interpolated,746,28964371.166996047,2.9721669960469006,134.20424513679518
Default,4,11593,interpolated,747,28964384.519762848,2.9855197628475727,134.0733356583571
Default,4,11593,interpolated,748,28964397.872529645,2.9988725296445193,133.93818389847866
Default,4,11593,interpolated,749,28964411.22529644,3.0122252964414655,133.79762845851087
Default,4,11593,interpolated,750,28964424.578063242,3.0255780632421376,133.65707301850375
Default,4,11593,interpolated,751,28964437.93083004,3.038930830039084,133.51651757853597
Default,4,11593,interpolated,752,28964451.28359684,3.052283596839756,133.37596213852885
Default,4,11593,interpolated,753,28964464.636363637,3.0656363636367026,133.23540669856106
Default,4,11593,interpolated,754,28964477.989130434,3.0789891304336487,133.09485125859328
Default,4,11593,interpolated,755,28964491.341897234,3.092341897234321,132.87939174349117
Default,4,11593,interpolated,756,28964504.69466403,3.105694664031267,132.50848155468702
Default,4,11593,interpolated,757,28964518.04743083,3.1190474308282137,132.13757136588288
Default,4,11593,interpolated,758,28964531.40019763,3.1324001976288858,131.68888156930052
Default,4,11593,interpolated,759,28964544.752964426,3.145752964425832,131.19433465089514
Default,4,11593,interpolated,760,28964558.105731227,3.159105731226504,130.93012300666805
Default,4,11593,interpolated,761,28964571.458498023,3.1724584980234503,130.81501294807367
Default,4,11593,interpolated,762,28964584.81126482,3.185811264820397,130.6999028894793
Default,4,11593,interpolated,763,28964598.16403162,3.199164031621069,130.58479283085285
Default,4,11593,interpolated,764,28964611.516798418,3.212516798418015,130.46968277225847
Default,4,11593,interpolated,765,28964624.86956522,3.2258695652186873,130.35457271363202
Default,4,11593,interpolated,766,28964638.222332016,3.2392223320156335,130.23946265503764
Default,4,11593,interpolated,767,28964651.575098813,3.25257509881258,130.12435259644326
Default,4,11593,interpolated,768,28964664.927865613,3.265927865613252,130.00924253781682
Default,4,11593,interpolated,769,28964678.28063241,3.2792806324101984,129.52766798422317
Default,4,11593,interpolated,770,28964691.63339921,3.2926333992108705,129.01410003035107
Default,4,11593,interpolated,771,28964704.986166008,3.3059861660078167,128.90380617771984
Default,4,11593,interpolated,772,28964718.338932805,3.3193389328047633,128.80489679403877
Default,4,11593,interpolated,773,28964731.691699605,3.332691699605435,128.70598741033018
Default,4,11593,interpolated,774,28964745.044466402,3.3460444664023816,128.6070780266491
Default,4,11593,interpolated,775,28964758.397233203,3.3593972332030537,128.5081686429403
Default,4,11593,interpolated,776,28964771.75,3.37275,128.40925925925922
Default,4,11593,interpolated,777,28964785.102766797,3.3861027667969466,128.31034987557814
Default,4,11593,interpolated,778,28964798.455533598,3.399455533597618,128.21144049186955
Default,4,11593,interpolated,779,28964811.808300395,3.412808300394565,128.11253110818848
Default,4,11593,interpolated,780,28964825.161067195,3.426161067195237,128.01362172447966
Default,4,11593,interpolated,781,28964838.513833992,3.439513833992183,126.96047430829367
Default,4,11593,interpolated,782,28964851.86660079,3.4528666007891298,125.98779435508277
Default,4,11593,interpolated,783,28964865.21936759,3.4662193675898014,125.79972721704507
Default,4,11593,interpolated,784,28964878.572134387,3.479572134386748,125.6116600790599
Default,4,11593,interpolated,785,28964891.924901187,3.49292490118742,125.4235929410222
Default,4,11593,interpolated,786,28964905.277667984,3.5062776679843664,125.23552580303704
Default,4,11593,interpolated,787,28964918.63043478,3.519630434781313,125.04745866505186
Default,4,11593,interpolated,788,28964931.983201582,3.5329832015819846,124.78297387865246
Default,4,11593,interpolated,789,28964945.33596838,3.5463359683789313,124.49269633958852
Default,4,11593,interpolated,790,28964958.68873518,3.5596887351796034,124.20241880044341
Default,4,11593,interpolated,791,28964972.041501977,3.5730415019765496,123.97489750325121
Default,4,11593,interpolated,792,28964985.394268773,3.586394268773496,123.89196106351869
Default,4,11593,interpolated,793,28964998.747035574,3.599747035574168,123.80902462376298
Default,4,11593,interpolated,794,28965012.09980237,3.6130998023711145,123.72608818403023
Default,4,11593,interpolated,795,28965025.45256917,3.6264525691717866,123.64315174427452
Default,4,11593,interpolated,796,28965038.80533597,3.639805335968733,123.560215304542
Default,4,11593,interpolated,797,28965052.158102766,3.6531581027656794,123.47727886480948
Default,4,11593,interpolated,798,28965065.510869566,3.666510869566351,123.39434242505376
Default,4,11593,interpolated,799,28965078.863636363,3.6798636363632977,123.31140598532124
Default,4,11593,interpolated,800,28965092.21640316,3.6932164031602444,123.2284695455885
Default,4,11593,interpolated,801,28965105.56916996,3.706569169960916,123.14553310583278
Default,4,11593,interpolated,802,28965118.921936758,3.7199219367578626,123.06259666610026
Default,4,11593,interpolated,803,28965132.27470356,3.7332747035585343,122.90903601226296
Default,4,11593,interpolated,804,28965145.627470355,3.746627470355481,122.53812582345881
Default,4,11593,interpolated,805,28965158.980237152,3.7599802371524276,122.1672156346549
Default,4,11593,interpolated,806,28965172.333003953,3.7733330039530992,121.89815272287365
Default,4,11593,interpolated,807,28965185.68577075,3.786685770750046,121.71269762847169
Default,4,11593,interpolated,808,28965199.03853755,3.8000385375507175,121.52724253401789
Default,4,11593,interpolated,809,28965212.391304348,3.813391304347664,121.3417874396157
Default,4,11593,interpolated,810,28965225.744071145,3.826744071144611,121.15633234521374
Default,4,11593,interpolated,811,28965239.096837945,3.8400968379452824,120.93832829572693
Default,4,11593,interpolated,812,28965252.449604742,3.853449604742229,120.54559986052277
Default,4,11593,interpolated,813,28965265.802371543,3.8668023715429007,120.15287142520879
Default,4,11593,interpolated,814,28965279.15513834,3.8801551383398474,119.72816205533832
Default,4,11593,interpolated,815,28965292.507905137,3.893507905136794,119.28306982877348
Default,4,11593,interpolated,816,28965305.860671937,3.9068606719374657,118.96802189514824
Default,4,11593,interpolated,817,28965319.213438734,3.9202134387344123,118.88017474516823
Default,4,11593,interpolated,818,28965332.566205535,3.933566205535084,118.7923275951639
Default,4,11593,interpolated,819,28965345.918972332,3.9469189723320306,118.70448044518412
Default,4,11593,interpolated,820,28965359.27173913,3.9602717391289772,118.61663329520411
Default,4,11593,interpolated,821,28965372.62450593,3.973624505929649,118.52878614519977
Default,4,11593,interpolated,822,28965385.977272727,3.9869772727265955,118.44093899521977
Default,4,11593,interpolated,823,28965399.330039527,4.000330039527268,118.35309184521543
Default,4,11593,interpolated,824,28965412.682806324,4.013682806324214,118.26524469523542
Default,4,11593,interpolated,825,28965426.03557312,4.02703557312116,118.17739754525542
Default,4,11593,interpolated,826,28965439.38833992,4.040388339921832,118.08955039525108
Default,4,11593,interpolated,827,28965452.74110672,4.053741106718778,118.0017032452713
Default,4,11593,interpolated,828,28965466.09387352,4.06709387351945,117.9071356487982
Default,4,11593,interpolated,829,28965479.446640316,4.0804466403163975,117.81243517506095
Default,4,11593,interpolated,830,28965492.799407113,4.093799407113344,117.7177347013237
Default,4,11593,interpolated,831,28965506.152173914,4.107152173914016,117.62303422756008
Default,4,11593,interpolated,832,28965519.50494071,4.120504940710962,117.52833375382306
Default,4,11593,interpolated,833,28965532.85770751,4.133857707511634,117.43363328005944
Default,4,11593,interpolated,834,28965546.21047431,4.14721047430858,117.33893280632219
Default,4,11593,interpolated,835,28965559.563241106,4.1605632411055264,117.24423233258494
Default,4,11593,interpolated,836,28965572.916007906,4.1739160079061985,117.14953185882132
Default,4,11593,interpolated,837,28965586.268774703,4.187268774703145,117.05483138508407
Default,4,11593,interpolated,838,28965599.621541504,4.200621541503817,116.9305982530393
Default,4,11593,interpolated,839,28965612.9743083,4.213974308300763,116.76574928023751
Default,4,11593,interpolated,840,28965626.327075098,4.22732707509771,116.60090030743572
Default,4,11593,interpolated,841,28965639.6798419,4.240679841898382,116.43605133458777
Default,4,11593,interpolated,842,28965653.032608695,4.254032608695328,116.27120236178598
Default,4,11593,interpolated,843,28965666.385375492,4.267385375492275,116.10635338898419
Default,4,11593,interpolated,844,28965679.738142293,4.280738142292947,115.8646245059158
Default,4,11593,interpolated,845,28965693.09090909,4.294090909089893,115.48311688314584
Default,4,11593,interpolated,846,28965706.44367589,4.307443675890565,115.10160926026947
Default,4,11593,interpolated,847,28965719.796442688,4.320796442687511,114.02035573124886
Default,4,11593,interpolated,848,28965733.149209484,4.334149209484458,113.93968252530067
Default,4,11593,interpolated,849,28965746.501976285,4.3475019762851295,113.87843130144438
Default,4,11593,interpolated,850,28965759.854743082,4.3608547430820765,113.81718007760514
Default,4,11593,interpolated,851,28965773.207509883,4.374207509882749,113.75592885374886
Default,4,11593,interpolated,852,28965786.56027668,4.387560276679695,113.69467762990962
Default,4,11593,interpolated,853,28965799.913043477,4.400913043476641,113.63342640607038
Default,4,11593,interpolated,854,28965813.265810277,4.414265810277313,113.5721751822141
Default,4,11593,interpolated,855,28965826.618577074,4.427618577074259,113.51092395837486
Default,4,11593,interpolated,856,28965839.971343875,4.440971343874931,113.44967273451857
Default,4,11593,interpolated,857,28965853.324110672,4.454324110671878,113.38842151067956
Default,4,11593,interpolated,858,28965866.67687747,4.467676877468825,113.32717028684033
Default,4,11593,interpolated,859,28965880.02964427,4.481029644269496,113.26591906298404
Default,4,11593,interpolated,860,28965893.382411066,4.494382411066443,113.2046678391448
Default,4,11593,interpolated,861,28965906.735177867,4.507735177867114,113.14341661528852
Default,4,11593,interpolated,862,28965920.087944664,4.521087944664061,113.08216539144928
Default,4,11593,interpolated,863,28965933.44071146,4.5344407114610075,113.02091416761004
Default,4,11593,interpolated,864,28965946.79347826,4.54779347826168,111.98583074532712
Default,4,11593,interpolated,865,28965960.14624506,4.561146245058626,111.74738848109587
Default,4,11593,interpolated,866,28965973.49901186,4.574499011859298,111.50894621679822
Default,4,11593,interpolated,867,28965986.851778656,4.587851778656244,111.27050395256697
Default,4,11593,interpolated,868,28966000.204545453,4.601204545453191,111.03206168833594
Default,4,11593,interpolated,869,28966013.557312254,4.614557312253862,110.79361942403807
Default,4,11593,interpolated,870,28966026.91007905,4.627910079050809,110.55517715980704
Default,4,11593,interpolated,871,28966040.26284585,4.641262845851481,110.31673489550917
Default,4,11593,interpolated,872,28966053.61561265,4.654615612648428,110.07829263127815
Default,4,11593,interpolated,873,28966066.968379445,4.667968379445374,109.92201409177937
Default,4,11593,interpolated,874,28966080.321146246,4.681321146246046,109.80590307612124
Default,4,11593,interpolated,875,28966093.673913043,4.694673913042992,109.68979206049562
Default,4,11593,interpolated,876,28966107.026679844,4.708026679843664,109.57368104483771
Default,4,11593,interpolated,877,28966120.37944664,4.7213794466406105,109.45757002921209
Default,4,11593,interpolated,878,28966133.732213438,4.734732213437558,109.34145901358647
Default,4,11593,interpolated,879,28966147.08498024,4.748084980238229,109.22534799792834
Default,4,11593,interpolated,880,28966160.437747035,4.761437747035176,109.10923698230272
Default,4,11593,interpolated,881,28966173.790513836,4.774790513835847,108.98508464460656
Default,4,11593,interpolated,882,28966187.143280633,4.788143280632794,108.73314564843781
Default,4,11593,interpolated,883,28966200.49604743,4.80149604742974,108.48120665226907
Default,4,11593,interpolated,884,28966213.84881423,4.814848814230412,108.22926765603006
Default,4,11593,interpolated,885,28966227.201581027,4.828201581027359,107.99229755751685
Default,4,11593,interpolated,886,28966240.554347824,4.841554347824306,107.90670289856212
Default,4,11593,interpolated,887,28966253.907114625,4.854907114624977,107.82110823958351
Default,4,11593,interpolated,888,28966267.259881422,4.868259881421924,107.73551358062878
Default,4,11593,interpolated,889,28966280.612648223,4.881612648222595,107.64991892164994
Default,4,11593,interpolated,890,28966293.96541502,4.894965415019542,107.56432426269521
Default,4,11593,interpolated,891,28966307.318181816,4.9083181818164885,107.47872960374048
Default,4,11593,interpolated,892,28966320.670948617,4.921670948617161,107.39313494476187
Default,4,11593,interpolated,893,28966334.023715414,4.935023715414107,107.30754028580691
Default,4,11593,interpolated,894,28966347.376482215,4.948376482214779,107.2219456268283
Default,4,11593,interpolated,895,28966360.72924901,4.961729249011725,107.13635096787357
Default,4,11593,interpolated,896,28966374.08201581,4.975082015808672,107.05075630891884
Default,4,11593,interpolated,897,28966387.43478261,4.988434782609343,106.95581477553378
Default,4,11593,interpolated,898,28966400.787549406,5.0017875494062904,106.84725569588386
Default,4,11593,interpolated,899,28966414.140316207,5.015140316206962,106.73869661620347
Default,4,11593,interpolated,900,28966427.493083004,5.028493083003909,106.63013753655355
Default,4,11593,interpolated,901,28966440.8458498,5.041845849800855,106.52157845690363
Default,4,11593,interpolated,902,28966454.1986166,5.055198616601527,106.41301937722346
Default,4,11593,interpolated,903,28966467.5513834,5.068551383398473,106.30446029757331
Default,4,11593,interpolated,904,28966480.9041502,5.081904150199145,106.19590121789315
Default,4,11593,interpolated,905,28966494.256916996,5.0952569169960915,106.08734213824323
Default,4,11593,interpolated,906,28966507.609683793,5.108609683793039,105.98108924787653
Default,4,11593,interpolated,907,28966520.962450594,5.12196245059371,105.88433006816149
Default,4,11593,interpolated,908,28966534.31521739,5.135315217390657,105.78757088847351
Default,4,11593,interpolated,909,28966547.66798419,5.148667984191328,105.69081170875847
Default,4,11593,interpolated,910,28966561.02075099,5.162020750988275,105.5940525290705
Default,4,11593,interpolated,911,28966574.373517785,5.175373517785221,105.49729334938252
Default,4,11593,interpolated,912,28966587.726284586,5.1887262845858935,105.40053416966748
Default,4,11593,interpolated,913,28966601.079051383,5.20207905138284,105.3037749899795
Default,4,11593,interpolated,914,28966614.431818184,5.215431818183512,105.20701581026447
Default,4,11593,interpolated,915,28966627.78458498,5.228784584980458,105.11025663057649
Default,4,11593,interpolated,916,28966641.137351777,5.242137351777405,105.01349745088828
Default,4,11593,interpolated,917,28966654.490118578,5.255490118578076,104.23399209479498
Default,4,11593,interpolated,918,28966667.842885375,5.268842885375023,103.48195340131451
Default,4,11593,interpolated,919,28966681.195652176,5.2821956521756945,102.9440579709908
Default,4,11593,interpolated,920,28966694.548418973,5.295548418972642,102.76602108036468
Default,4,11593,interpolated,921,28966707.90118577,5.308901185769588,102.58798418973879
Default,4,11593,interpolated,922,28966721.25395257,5.32225395257026,102.4099472990631
Default,4,11593,interpolated,923,28966734.606719367,5.335606719367206,102.23191040843722
Default,4,11593,interpolated,924,28966747.959486164,5.348959486164153,102.05387351781133
Default,4,11593,interpolated,925,28966761.312252965,5.362312252964824,101.75494071145204
Default,4,11593,interpolated,926,28966774.66501976,5.3756650197617715,101.40355211153224
Default,4,11593,interpolated,927,28966788.017786562,5.389017786562443,101.05216351151466
Default,4,11593,interpolated,928,28966801.37055336,5.40237055335939,100.77258893281214
Default,4,11593,interpolated,929,28966814.723320156,5.415723320156336,100.50553359687319
Default,4,11593,interpolated,930,28966828.076086957,5.429076086957008,100.23847826085989
Default,4,11593,interpolated,931,28966841.428853754,5.442428853753954,99.97987529924012
Default,4,11593,interpolated,932,28966854.781620555,5.455781620554626,99.79180816120243
Default,4,11593,interpolated,933,28966868.13438735,5.4691343873515725,99.60374102321725
Default,4,11593,interpolated,934,28966881.48715415,5.482487154148519,99.41567388523208
Default,4,11593,interpolated,935,28966894.83992095,5.495839920949191,99.22760674719439
Default,4,11593,interpolated,936,28966908.192687746,5.509192687746138,99.03953960920944
Default,4,11593,interpolated,937,28966921.545454547,5.522545454546809,98.52066115696311
Default,4,11593,interpolated,938,28966934.898221344,5.535898221343756,97.96727204579724
Default,4,11593,interpolated,939,28966948.25098814,5.549250988140702,97.73705192860848
Default,4,11593,interpolated,940,28966961.60375494,5.5626037549413745,97.5068318113556
Default,4,11593,interpolated,941,28966974.95652174,5.575956521738321,97.27661169416683
Default,4,11593,interpolated,942,28966988.30928854,5.589309288538993,97.04639157691395
Default,4,11593,interpolated,943,28967001.662055336,5.602662055335939,96.96953698475454
Default,4,11593,interpolated,944,28967015.014822133,5.616014822132885,96.93138622247739
Default,4,11593,interpolated,945,28967028.367588934,5.629367588933557,96.89323546018977
Default,4,11593,interpolated,946,28967041.72035573,5.642720355730504,96.85508469791284
Default,4,11593,interpolated,947,28967055.07312253,5.656073122531176,96.81693393562523
Default,4,11593,interpolated,948,28967068.425889328,5.669425889328123,96.7787831733483
Default,4,11593,interpolated,949,28967081.778656125,5.682778656125069,96.74063241107115
Default,4,11593,interpolated,950,28967095.131422926,5.696131422925741,96.70248164878353
Default,4,11593,interpolated,951,28967108.484189723,5.709484189722687,96.6643308865066
Default,4,11593,interpolated,952,28967121.836956523,5.722836956523359,96.62618012421899
Default,4,11593,interpolated,953,28967135.18972332,5.736189723320305,96.58802936194206
Default,4,11593,interpolated,954,28967148.542490117,5.749542490117252,96.54987859966491
Default,4,11593,interpolated,955,28967161.895256918,5.762895256917924,96.5117278373773
Default,4,11593,interpolated,956,28967175.248023715,5.77624802371487,96.47357707510037
Default,4,11593,interpolated,957,28967188.600790516,5.789600790515542,96.43542631281275
Default,4,11593,interpolated,958,28967201.953557312,5.802953557312489,96.39727555053582
Default,4,11593,interpolated,959,28967215.30632411,5.816306324109435,96.35912478825867
Default,4,11593,interpolated,960,28967228.65909091,5.829659090910107,96.32097402597105
Default,4,11593,interpolated,961,28967242.011857707,5.843011857707054,96.28282326369413
Default,4,11593,interpolated,962,28967255.364624508,5.856364624507726,96.24467250140651
Default,4,11593,interpolated,963,28967268.717391305,5.869717391304672,96.20652173912958
Default,4,11593,interpolated,964,28967282.0701581,5.883070158101618,96.16837097685243
Default,4,11593,interpolated,965,28967295.422924902,5.89642292490229,96.13022021456482
Default,4,11593,interpolated,966,28967308.7756917,5.909775691699236,96.09206945228789
Default,4,11593,interpolated,967,28967322.128458496,5.923128458496183,96.05391869001096
Default,4,11593,interpolated,968,28967335.481225297,5.9364812252968555,96.01576792772335
Default,4,11593,interpolated,969,28967348.833992094,5.949833992093802,95.97009926681744
Default,4,11593,interpolated,970,28967362.186758894,5.963186758894474,95.91913450803645
Default,4,11593,interpolated,971,28967375.53952569,5.97653952569142,95.86816974926933
Default,4,11593,interpolated,972,28967388.89229249,5.989892292488366,95.81720499050243
Default,4,11593,interpolated,973,28967402.24505929,6.003245059289038,95.76624023172121
Default,4,11593,interpolated,974,28967415.597826086,6.0165978260859845,95.71527547295432
Default,4,11593,interpolated,975,28967428.950592887,6.029950592886657,95.6643107141731
Default,4,11593,interpolated,976,28967442.303359684,6.043303359683603,95.6133459554062
Default,4,11593,interpolated,977,28967455.65612648,6.05665612648055,95.56238119663908
Default,4,11593,interpolated,978,28967469.00889328,6.070008893281222,95.51141643785786
Default,4,11593,interpolated,979,28967482.36166008,6.083361660078168,95.46045167909097
Default,4,11593,interpolated,980,28967495.71442688,6.09671442687884,95.40948692030975
Default,4,11593,interpolated,981,28967509.067193676,6.110067193675786,95.35852216154285
Default,4,11593,interpolated,982,28967522.419960473,6.123419960472733,95.30755740277573
Default,4,11593,interpolated,983,28967535.772727273,6.136772727273405,95.25659264399474
Default,4,11593,interpolated,984,28967549.12549407,6.150125494070351,95.20562788522761
Default,4,11593,interpolated,985,28967562.47826087,6.163478260871023,95.1546631264464
Default,4,11593,interpolated,986,28967575.831027668,6.176831027667969,95.1036983676795
Default,4,11593,interpolated,987,28967589.183794465,6.190183794464916,95.0527336089126
Default,4,11593,interpolated,988,28967602.536561266,6.2035365612655875,95.00176885013138
Default,4,11593,interpolated,989,28967615.889328063,6.216889328062535,94.91464021150637
Default,4,11593,interpolated,990,28967629.242094863,6.230242094863207,94.82621129229665
Default,4,11593,interpolated,991,28967642.59486166,6.243594861660153,94.73778237311149
Default,4,11593,interpolated,992,28967655.947628457,6.256947628457099,94.64935345392655
Default,4,11593,interpolated,993,28967669.300395258,6.270300395257771,94.56092453471683
Default,4,11593,interpolated,994,28967682.653162055,6.283653162054717,94.47249561553167
Default,4,11593,interpolated,995,28967696.005928855,6.2970059288553895,94.38406669632195
Default,4,11593,interpolated,996,28967709.358695652,6.310358695652336,94.29563777713679
Default,4,11593,interpolated,997,28967722.71146245,6.323711462449283,94.20720885795185
Default,4,11593,interpolated,998,28967736.06422925,6.337064229249954,94.11877993874214
Default,4,11593,interpolated,999,28967749.416996047,6.350416996046901,94.03035101955697
Default,4,11593,interpolated,1000,28967762.769762848,6.363769762847573,92.99760943215028
Default,4,11593,interpolated,1001,28967776.122529645,6.377122529644519,92.95614121228414
Default,4,11593,interpolated,1002,28967789.47529644,6.3904752964414655,92.91467299241776
Default,4,11593,interpolated,1003,28967802.828063242,6.403828063242138,92.87320477254002
Default,4,11593,interpolated,1004,28967816.18083004,6.417180830039084,92.83173655267365
Default,4,11593,interpolated,1005,28967829.53359684,6.430533596839756,92.79026833279568
Default,4,11593,interpolated,1006,28967842.886363637,6.443886363636702,92.74880011292953
Default,4,11593,interpolated,1007,28967856.239130434,6.457239130433649,92.70733189306316
Default,4,11593,interpolated,1008,28967869.591897234,6.47059189723432,92.66586367318541
Default,4,11593,interpolated,1009,28967882.94466403,6.4839446640312675,92.62439545331904
Default,4,11593,interpolated,1010,28967896.29743083,6.497297430828214,92.58292723345266
Default,4,11593,interpolated,1011,28967909.65019763,6.510650197628886,92.54145901357492
Default,4,11593,interpolated,1012,28967923.002964426,6.524002964425832,92.49999079370855
Default,4,11593,interpolated,1013,28967936.355731227,6.537355731226504,92.4585225738308
Default,4,11593,interpolated,1014,28967949.708498023,6.55070849802345,92.41705435396443
Default,4,11593,interpolated,1015,28967963.06126482,6.564061264820397,92.37558613409806
Default,4,11593,interpolated,1016,28967976.41403162,6.5774140316210685,92.33411791422031
Default,4,11593,interpolated,1017,28967989.766798418,6.590766798418016,92.29264969435394
Default,4,11593,interpolated,1018,28968003.11956522,6.604119565218687,92.2511814744762
Default,4,11593,interpolated,1019,28968016.472332016,6.617472332015634,92.20971325460982
Default,4,11593,interpolated,1020,28968029.825098813,6.63082509881258,92.16824503474345
Default,4,11593,interpolated,1021,28968043.177865613,6.644177865613252,92.1267768148657
Default,4,11593,interpolated,1022,28968056.53063241,6.657530632410198,92.08530859499933
Default,4,11593,interpolated,1023,28968069.88339921,6.6708833992108705,92.04384037512159
Default,4,11593,interpolated,1024,28968083.236166008,6.684236166007817,92.00237215525522
Default,4,11593,interpolated,1025,28968096.588932805,6.697588932804764,90.89652738567179
Default,4,11593,interpolated,1026,28968109.941699605,6.710941699605435,90.77730625352297
Default,4,11593,interpolated,1027,28968123.294466402,6.724294466402382,90.65808512140734
Default,4,11593,interpolated,1028,28968136.647233203,6.737647233203053,90.53886398925852
Default,4,11593,interpolated,1029,28968150.0,6.751,90.41964285714289
Default,4,11593,interpolated,1030,28968163.352766797,6.7643527667969465,90.30042172502726
Default,4,11593,interpolated,1031,28968176.705533598,6.777705533597619,90.18120059287844
Default,4,11593,interpolated,1032,28968190.058300395,6.791058300394565,90.06197946076281
Default,4,11593,interpolated,1033,28968203.411067195,6.804411067195237,89.90286261825395
Default,4,11593,interpolated,1034,28968216.763833992,6.817763833992183,89.70054796981549
Default,4,11593,interpolated,1035,28968230.11660079,6.83111660078913,89.4982333213768
Default,4,11593,interpolated,1036,28968243.46936759,6.844469367589801,89.29591867288173
Default,4,11593,interpolated,1037,28968256.822134387,6.8578221343867485,89.09360402444327
Default,4,11593,interpolated,1038,28968270.174901187,6.87117490118742,88.97700352183529
Default,4,11593,interpolated,1039,28968283.527667984,6.884527667984367,88.9342061923578
Default,4,11593,interpolated,1040,28968296.88043478,6.897880434781313,88.89140886288033
Default,4,11593,interpolated,1041,28968310.233201582,6.911233201581985,88.84861153339102
Default,4,11593,interpolated,1042,28968323.58596838,6.924585968378931,88.80581420391377
Default,4,11593,interpolated,1043,28968336.93873518,6.937938735179603,88.76301687442424
Default,4,11593,interpolated,1044,28968350.291501977,6.9512915019765495,88.72021954494699
Default,4,11593,interpolated,1045,28968363.644268773,6.964644268773497,88.6774222154695
Default,4,11593,interpolated,1046,28968376.997035574,6.977997035574168,88.6346248859802
Default,4,11593,interpolated,1047,28968390.34980237,6.991349802371115,88.59182755650295
Default,5,19445,raw,0,48534458.0,-6.955,0.0
Default,5,19445,raw,1,48534471.0,-6.942,1.0
Default,5,19445,raw,2,48534486.0,-6.9270000000000005,2.0
Default,5,19445,raw,3,48534499.0,-6.914,3.0
Default,5,19445,raw,4,48534523.0,-6.890000000000001,4.0
Default,5,19445,raw,5,48534550.0,-6.863,5.0
Default,5,19445,raw,6,48534553.0,-6.86,6.0
Default,5,19445,raw,7,48534618.0,-6.795,7.0
Default,5,19445,raw,8,48534668.0,-6.745,8.0
Default,5,19445,raw,9,48534722.0,-6.691,9.0
Default,5,19445,raw,10,48534736.0,-6.6770000000000005,10.0
Default,5,19445,raw,11,48534773.0,-6.640000000000001,11.0
Default,5,19445,raw,12,48534810.0,-6.603,12.0
Default,5,19445,raw,13,48534822.0,-6.591,13.0
Default,5,19445,raw,14,48534859.0,-6.554,14.0
Default,5,19445,raw,15,48534864.0,-6.549,15.0
Default,5,19445,raw,16,48534886.0,-6.527,16.0
Default,5,19445,raw,17,48534925.0,-6.488,17.0
Default,5,19445,raw,18,48535021.0,-6.392,18.0
Default,5,19445,raw,19,48535066.0,-6.347,19.0
Default,5,19445,raw,20,48535072.0,-6.341,20.0
Default,5,19445,raw,21,48535074.0,-6.339,21.0
Default,5,19445,raw,22,48535100.0,-6.313,22.0
Default,5,19445,raw,23,48535134.0,-6.279,23.0
Default,5,19445,raw,24,48535159.0,-6.2540000000000004,24.0
Default,5,19445,raw,25,48535207.0,-6.206,25.0
Default,5,19445,raw,26,48535229.0,-6.184,26.0
Default,5,19445,raw,27,48535236.0,-6.1770000000000005,27.0
Default,5,19445,raw,28,48535241.0,-6.172,28.0
Default,5,19445,raw,29,48535258.0,-6.155,29.0
Default,5,19445,raw,30,48535263.0,-6.15,30.0
Default,5,19445,raw,31,48535268.0,-6.1450000000000005,31.0
Default,5,19445,raw,32,48535312.0,-6.101,32.0
Default,5,19445,raw,33,48535320.0,-6.093,33.0
Default,5,19445,raw,34,48535321.0,-6.0920000000000005,34.0
Default,5,19445,raw,35,48535392.0,-6.021,35.0
Default,5,19445,raw,36,48535523.0,-5.89,36.0
Default,5,19445,raw,37,48535528.0,-5.885,37.0
Default,5,19445,raw,38,48535544.0,-5.869,38.0
Default,5,19445,raw,39,48535571.0,-5.8420000000000005,39.0
Default,5,19445,raw,40,48535581.0,-5.832,40.0
Default,5,19445,raw,41,48535593.0,-5.82,41.0
Default,5,19445,raw,42,48535630.0,-5.783,42.0
Default,5,19445,raw,43,48535730.0,-5.683,43.0
Default,5,19445,raw,44,48535766.0,-5.647,44.0
Default,5,19445,raw,45,48535815.0,-5.598,45.0
Default,5,19445,raw,46,48535897.0,-5.516,46.0
Default,5,19445,raw,47,48535898.0,-5.515,47.0
Default,5,19445,raw,48,48535905.0,-5.508,48.0
Default,5,19445,raw,49,48535908.0,-5.505,49.0
Default,5,19445,raw,50,48535914.0,-5.4990000000000006,50.0
Default,5,19445,raw,51,48535967.0,-5.446,51.0
Default,5,19445,raw,52,48535972.0,-5.441,52.0
Default,5,19445,raw,53,48535991.0,-5.422,53.0
Default,5,19445,raw,54,48535998.0,-5.415,54.0
Default,5,19445,raw,55,48536011.0,-5.402,55.0
Default,5,19445,raw,56,48536045.0,-5.368,56.0
Default,5,19445,raw,57,48536049.0,-5.364,57.0
Default,5,19445,raw,58,48536126.0,-5.287,58.0
Default,5,19445,raw,59,48536132.0,-5.281,59.0
Default,5,19445,raw,60,48536228.0,-5.1850000000000005,60.0
Default,5,19445,raw,61,48536235.0,-5.178,61.0
Default,5,19445,raw,62,48536259.0,-5.154,62.0
Default,5,19445,raw,63,48536274.0,-5.139,63.0
Default,5,19445,raw,64,48536277.0,-5.136,64.0
Default,5,19445,raw,65,48536323.0,-5.09,65.0
Default,5,19445,raw,66,48536359.0,-5.054,66.0
Default,5,19445,raw,67,48536366.0,-5.047,67.0
Default,5,19445,raw,68,48536388.0,-5.025,68.0
Default,5,19445,raw,69,48536406.0,-5.007,69.0
Default,5,19445,raw,70,48536427.0,-4.986,70.0
Default,5,19445,raw,71,48536435.0,-4.978,71.0
Default,5,19445,raw,72,48536513.0,-4.9,72.0
Default,5,19445,raw,73,48536532.0,-4.881,73.0
Default,5,19445,raw,74,48536548.0,-4.865,74.0
Default,5,19445,raw,75,48536605.0,-4.808,75.0
Default,5,19445,raw,76,48536606.0,-4.807,76.0
Default,5,19445,raw,77,48536613.0,-4.8,77.0
Default,5,19445,raw,78,48536687.0,-4.726,78.0
Default,5,19445,raw,79,48536696.0,-4.7170000000000005,79.0
Default,5,19445,raw,80,48536716.0,-4.697,80.0
Default,5,19445,raw,81,48536742.0,-4.671,81.0
Default,5,19445,raw,82,48536792.0,-4.621,82.0
Default,5,19445,raw,83,48536816.0,-4.597,83.0
Default,5,19445,raw,84,48536820.0,-4.593,84.0
Default,5,19445,raw,85,48536916.0,-4.497,85.0
Default,5,19445,raw,86,48536986.0,-4.4270000000000005,86.0
Default,5,19445,raw,87,48537000.0,-4.413,87.0
Default,5,19445,raw,88,48537051.0,-4.362,88.0
Default,5,19445,raw,89,48537059.0,-4.354,89.0
Default,5,19445,raw,90,48537136.0,-4.277,90.0
Default,5,19445,raw,91,48537176.0,-4.237,91.0
Default,5,19445,raw,92,48537195.0,-4.218,92.0
Default,5,19445,raw,93,48537218.0,-4.195,93.0
Default,5,19445,raw,94,48537232.0,-4.181,94.0
Default,5,19445,raw,95,48537248.0,-4.165,95.0
Default,5,19445,raw,96,48537259.0,-4.154,96.0
Default,5,19445,raw,97,48537286.0,-4.127,97.0
Default,5,19445,raw,98,48537339.0,-4.074,98.0
Default,5,19445,raw,99,48537408.0,-4.005,99.0
Default,5,19445,raw,100,48537429.0,-3.984,100.0
Default,5,19445,raw,101,48537441.0,-3.972,101.0
Default,5,19445,raw,102,48537464.0,-3.9490000000000003,102.0
Default,5,19445,raw,103,48537475.0,-3.938,103.0
Default,5,19445,raw,104,48537516.0,-3.8970000000000002,104.0
Default,5,19445,raw,105,48537534.0,-3.879,105.0
Default,5,19445,raw,106,48537618.0,-3.795,106.0
Default,5,19445,raw,107,48537621.0,-3.7920000000000003,107.0
Default,5,19445,raw,108,48537639.0,-3.774,108.0
Default,5,19445,raw,109,48537693.0,-3.72,109.0
Default,5,19445,raw,110,48537696.0,-3.717,110.0
Default,5,19445,raw,111,48537706.0,-3.7070000000000003,111.0
Default,5,19445,raw,112,48537774.0,-3.6390000000000002,112.0
Default,5,19445,raw,113,48537779.0,-3.634,113.0
Default,5,19445,raw,114,48537810.0,-3.603,114.0
Default,5,19445,raw,115,48537822.0,-3.591,115.0
Default,5,19445,raw,116,48537869.0,-3.544,116.0
Default,5,19445,raw,117,48537887.0,-3.5260000000000002,117.0
Default,5,19445,raw,118,48537940.0,-3.473,118.0
Default,5,19445,raw,119,48537976.0,-3.4370000000000003,119.0
Default,5,19445,raw,120,48538005.0,-3.408,120.0
Default,5,19445,raw,121,48538025.0,-3.388,121.0
Default,5,19445,raw,122,48538078.0,-3.335,122.0
Default,5,19445,raw,123,48538129.0,-3.2840000000000003,123.0
Default,5,19445,raw,124,48538155.0,-3.258,124.0
Default,5,19445,raw,125,48538187.0,-3.226,125.0
Default,5,19445,raw,126,48538192.0,-3.221,126.0
Default,5,19445,raw,127,48538199.0,-3.214,127.0
Default,5,19445,raw,128,48538226.0,-3.1870000000000003,128.0
Default,5,19445,raw,129,48538304.0,-3.109,129.0
Default,5,19445,raw,130,48538402.0,-3.011,130.0
Default,5,19445,raw,131,48538415.0,-2.998,131.0
Default,5,19445,raw,132,48538483.0,-2.93,132.0
Default,5,19445,raw,133,48538493.0,-2.92,133.0
Default,5,19445,raw,134,48538507.0,-2.906,134.0
Default,5,19445,raw,135,48538515.0,-2.898,135.0
Default,5,19445,raw,136,48538518.0,-2.895,136.0
Default,5,19445,raw,137,48538562.0,-2.851,137.0
Default,5,19445,raw,138,48538660.0,-2.753,138.0
Default,5,19445,raw,139,48538680.0,-2.733,139.0
Default,5,19445,raw,140,48538692.0,-2.721,140.0
Default,5,19445,raw,141,48538706.0,-2.707,141.0
Default,5,19445,raw,142,48538731.0,-2.682,142.0
Default,5,19445,raw,143,48538790.0,-2.623,143.0
Default,5,19445,raw,144,48538889.0,-2.524,144.0
Default,5,19445,raw,145,48538929.0,-2.484,145.0
Default,5,19445,raw,146,48538972.0,-2.441,146.0
Default,5,19445,raw,147,48538977.0,-2.436,147.0
Default,5,19445,raw,148,48538999.0,-2.414,148.0
Default,5,19445,raw,149,48539072.0,-2.341,149.0
Default,5,19445,raw,150,48539166.0,-2.247,150.0
Default,5,19445,raw,151,48539186.0,-2.227,151.0
Default,5,19445,raw,152,48539198.0,-2.215,152.0
Default,5,19445,raw,153,48539214.0,-2.199,153.0
Default,5,19445,raw,154,48539243.0,-2.17,154.0
Default,5,19445,raw,155,48539348.0,-2.065,155.0
Default,5,19445,raw,156,48539351.0,-2.062,156.0
Default,5,19445,raw,157,48539371.0,-2.0420000000000003,157.0
Default,5,19445,raw,158,48539374.0,-2.039,158.0
Default,5,19445,raw,159,48539422.0,-1.991,159.0
Default,5,19445,raw,160,48539551.0,-1.862,160.0
Default,5,19445,raw,161,48539585.0,-1.828,161.0
Default,5,19445,raw,162,48539601.0,-1.812,162.0
Default,5,19445,raw,163,48539622.0,-1.7910000000000001,163.0
Default,5,19445,raw,164,48539693.0,-1.72,164.0
Default,5,19445,raw,165,48539732.0,-1.681,165.0
Default,5,19445,raw,166,48539841.0,-1.572,166.0
Default,5,19445,raw,167,48539853.0,-1.56,167.0
Default,5,19445,raw,168,48539916.0,-1.497,168.0
Default,5,19445,raw,169,48539981.0,-1.432,169.0
Default,5,19445,raw,170,48540030.0,-1.383,170.0
Default,5,19445,raw,171,48540054.0,-1.359,171.0
Default,5,19445,raw,172,48540061.0,-1.352,172.0
Default,5,19445,raw,173,48540230.0,-1.183,173.0
Default,5,19445,raw,174,48540297.0,-1.116,174.0
Default,5,19445,raw,175,48540302.0,-1.111,175.0
Default,5,19445,raw,176,48540479.0,-0.934,176.0
Default,5,19445,raw,177,48540514.0,-0.899,177.0
Default,5,19445,raw,178,48540564.0,-0.849,178.0
Default,5,19445,raw,179,48540706.0,-0.707,179.0
Default,5,19445,raw,180,48540755.0,-0.658,180.0
Default,5,19445,raw,181,48540772.0,-0.641,181.0
Default,5,19445,raw,182,48540828.0,-0.585,182.0
Default,5,19445,raw,183,48540856.0,-0.557,183.0
Default,5,19445,raw,184,48540923.0,-0.49,184.0
Default,5,19445,raw,185,48540962.0,-0.451,185.0
Default,5,19445,raw,186,48540972.0,-0.441,186.0
Default,5,19445,raw,187,48540974.0,-0.439,187.0
Default,5,19445,raw,188,48540978.0,-0.435,188.0
Default,5,19445,raw,189,48541060.0,-0.353,189.0
Default,5,19445,raw,190,48541149.0,-0.264,190.0
Default,5,19445,raw,191,48541234.0,-0.179,191.0
Default,5,19445,raw,192,48541241.0,-0.17200000000000001,192.0
Default,5,19445,raw,193,48541330.0,-0.083,193.0
Default,5,19445,raw,194,48541407.0,-0.006,194.0
Default,5,19445,raw,195,48542247.0,0.834,193.0
Default,5,19445,raw,196,48542278.0,0.865,192.0
Default,5,19445,raw,197,48542339.0,0.926,191.0
Default,5,19445,raw,198,48542352.0,0.9390000000000001,190.0
Default,5,19445,raw,199,48542358.0,0.9450000000000001,189.0
Default,5,19445,raw,200,48542476.0,1.063,188.0
Default,5,19445,raw,201,48542501.0,1.088,187.0
Default,5,19445,raw,202,48542507.0,1.094,186.0
Default,5,19445,raw,203,48542552.0,1.139,185.0
Default,5,19445,raw,204,48542593.0,1.18,184.0
Default,5,19445,raw,205,48542621.0,1.208,183.0
Default,5,19445,raw,206,48542637.0,1.224,182.0
Default,5,19445,raw,207,48542640.0,1.227,181.0
Default,5,19445,raw,208,48542645.0,1.232,180.0
Default,5,19445,raw,209,48542697.0,1.284,179.0
Default,5,19445,raw,210,48542735.0,1.322,178.0
Default,5,19445,raw,211,48542833.0,1.42,177.0
Default,5,19445,raw,212,48543121.0,1.708,176.0
Default,5,19445,raw,213,48543174.0,1.7610000000000001,175.0
Default,5,19445,raw,214,48543379.0,1.966,174.0
Default,5,19445,raw,215,48543438.0,2.025,173.0
Default,5,19445,raw,216,48543493.0,2.08,172.0
Default,5,19445,raw,217,48543572.0,2.1590000000000003,171.0
Default,5,19445,raw,218,48543608.0,2.195,170.0
Default,5,19445,raw,219,48543660.0,2.247,169.0
Default,5,19445,raw,220,48543674.0,2.261,168.0
Default,5,19445,raw,221,48543709.0,2.2960000000000003,167.0
Default,5,19445,raw,222,48543711.0,2.298,166.0
Default,5,19445,raw,223,48543749.0,2.336,165.0
Default,5,19445,raw,224,48543776.0,2.363,164.0
Default,5,19445,raw,225,48543829.0,2.416,163.0
Default,5,19445,raw,226,48543850.0,2.437,162.0
Default,5,19445,raw,227,48544051.0,2.638,161.0
Default,5,19445,raw,228,48544109.0,2.696,160.0
Default,5,19445,raw,229,48544110.0,2.697,159.0
Default,5,19445,raw,230,48544116.0,2.703,158.0
Default,5,19445,raw,231,48544142.0,2.729,157.0
Default,5,19445,raw,232,48544285.0,2.872,156.0
Default,5,19445,raw,233,48544329.0,2.916,155.0
Default,5,19445,raw,234,48544332.0,2.919,154.0
Default,5,19445,raw,235,48544396.0,2.983,153.0
Default,5,19445,raw,236,48544420.0,3.007,152.0
Default,5,19445,raw,237,48544565.0,3.152,151.0
Default,5,19445,raw,238,48544581.0,3.168,150.0
Default,5,19445,raw,239,48544660.0,3.247,149.0
Default,5,19445,raw,240,48544697.0,3.2840000000000003,148.0
Default,5,19445,raw,241,48544940.0,3.527,147.0
Default,5,19445,raw,242,48544967.0,3.5540000000000003,146.0
Default,5,19445,raw,243,48544978.0,3.565,145.0
Default,5,19445,raw,244,48545317.0,3.904,144.0
Default,5,19445,raw,245,48545339.0,3.926,143.0
Default,5,19445,raw,246,48545504.0,4.091,142.0
Default,5,19445,raw,247,48545525.0,4.112,141.0
Default,5,19445,raw,248,48545545.0,4.132,140.0
Default,5,19445,raw,249,48545588.0,4.175,139.0
Default,5,19445,raw,250,48545687.0,4.274,138.0
Default,5,19445,raw,251,48545696.0,4.283,137.0
Default,5,19445,raw,252,48545706.0,4.293,136.0
Default,5,19445,raw,253,48545727.0,4.314,135.0
Default,5,19445,raw,254,48545740.0,4.327,134.0
Default,5,19445,raw,255,48545756.0,4.343,133.0
Default,5,19445,raw,256,48545785.0,4.372,132.0
Default,5,19445,raw,257,48545828.0,4.415,131.0
Default,5,19445,raw,258,48545886.0,4.473,130.0
Default,5,19445,raw,259,48545900.0,4.487,129.0
Default,5,19445,raw,260,48546199.0,4.7860000000000005,128.0
Default,5,19445,raw,261,48546262.0,4.849,127.0
Default,5,19445,raw,262,48546317.0,4.904,126.0
Default,5,19445,raw,263,48546332.0,4.9190000000000005,125.0
Default,5,19445,raw,264,48546351.0,4.938,124.0
Default,5,19445,raw,265,48546408.0,4.995,123.0
Default,5,19445,raw,266,48546465.0,5.0520000000000005,122.0
Default,5,19445,raw,267,48546597.0,5.184,121.0
Default,5,19445,raw,268,48546671.0,5.258,120.0
Default,5,19445,raw,269,48546801.0,5.388,119.0
Default,5,19445,raw,270,48546824.0,5.4110000000000005,118.0
Default,5,19445,raw,271,48546836.0,5.423,117.0
Default,5,19445,raw,272,48546927.0,5.514,116.0
Default,5,19445,raw,273,48546947.0,5.534,115.0
Default,5,19445,raw,274,48547047.0,5.634,114.0
Default,5,19445,raw,275,48547115.0,5.702,113.0
Default,5,19445,raw,276,48547365.0,5.952,112.0
Default,5,19445,raw,277,48547394.0,5.981,111.0
Default,5,19445,raw,278,48547454.0,6.041,110.0
Default,5,19445,raw,279,48547562.0,6.149,109.0
Default,5,19445,raw,280,48547606.0,6.1930000000000005,108.0
Default,5,19445,raw,281,48547621.0,6.208,107.0
Default,5,19445,raw,282,48547734.0,6.321,106.0
Default,5,19445,raw,283,48547758.0,6.345,105.0
Default,5,19445,raw,284,48547878.0,6.465,104.0
Default,5,19445,raw,285,48547977.0,6.564,103.0
Default,5,19445,raw,286,48548021.0,6.6080000000000005,102.0
Default,5,19445,raw,287,48548026.0,6.613,101.0
Default,5,19445,raw,288,48548046.0,6.633,100.0
Default,5,19445,raw,289,48548099.0,6.686,99.0
Default,5,19445,raw,290,48548152.0,6.739,98.0
Default,5,19445,raw,291,48548238.0,6.825,97.0
Default,5,19445,raw,292,48548386.0,6.973,96.0
Default,5,19445,interpolated,0,48534420.24353288,-6.992756467118859,-0.3701614423416686
Default,5,19445,interpolated,1,48534430.264243715,-6.982735756285488,-0.27191917926938913
Default,5,19445,interpolated,2,48534440.28495455,-6.972715045452118,-0.17367691619733705
Default,5,19445,interpolated,3,48534450.305665374,-6.962694334626198,-0.07543465319804454
Default,5,19445,interpolated,4,48534460.32637621,-6.952673623792827,0.17895201593637466
Default,5,19445,interpolated,5,48534470.34708704,-6.942652912959456,0.9497759261955707
Default,5,19445,interpolated,6,48534480.36779787,-6.9326322021335365,1.6245198577641986
Default,5,19445,interpolated,7,48534490.3885087,-6.922611491300166,2.3375775922950197
Default,5,19445,interpolated,8,48534500.40921953,-6.912590780466795,3.0587174805502855
Default,5,19445,interpolated,9,48534510.42993036,-6.902570069640875,3.4762470982968807
Default,5,19445,interpolated,10,48534520.45064119,-6.892549358807504,3.8937767163540684
Default,5,19445,interpolated,11,48534530.471352026,-6.882528647974134,4.276716741698692
Default,5,19445,interpolated,12,48534540.49206285,-6.872507937148214,4.6478541796957415
Default,5,19445,interpolated,13,48534550.512773685,-6.862487226314843,5.1709245617191755
Default,5,19445,interpolated,14,48534560.53348452,-6.852466515481472,6.115899761823584
Default,5,19445,interpolated,15,48534570.554195344,-6.842445804655552,6.270064543760782
Default,5,19445,interpolated,16,48534580.57490618,-6.832425093822182,6.4242293258125756
Default,5,19445,interpolated,17,48534590.59561701,-6.822404382988811,6.578394107864369
Default,5,19445,interpolated,18,48534600.616327845,-6.81238367215544,6.73255888991639
Default,5,19445,interpolated,19,48534610.63703867,-6.80236296132952,6.886723671853588
Default,5,19445,interpolated,20,48534620.657749504,-6.792342250496149,7.053154990077019
Default,5,19445,interpolated,21,48534630.67846034,-6.782321539662779,7.253569206744487
Default,5,19445,interpolated,22,48534640.69917116,-6.772300828836858,7.453983423262798
Default,5,19445,interpolated,23,48534650.719882,-6.7622801180034875,7.6543976399302665
Default,5,19445,interpolated,24,48534660.74059283,-6.752259407170117,7.854811856597735
Default,5,19445,interpolated,25,48534670.761303656,-6.742238696344197,8.05113525288516
Default,5,19445,interpolated,26,48534680.78201449,-6.732217985510826,8.236703972021814
Default,5,19445,interpolated,27,48534690.80272532,-6.722197274677455,8.422272691158241
Default,5,19445,interpolated,28,48534700.82343615,-6.712176563851536,8.607841410156652
Default,5,19445,interpolated,29,48534710.84414698,-6.702155853018165,8.793410129293306
Default,5,19445,interpolated,30,48534720.864857815,-6.692135142184794,8.978978848429733
Default,5,19445,interpolated,31,48534730.88556864,-6.682114431358874,9.634683474366057
Default,5,19445,interpolated,32,48534740.906279474,-6.6720937205255035,10.13260214795946
Default,5,19445,interpolated,33,48534750.92699031,-6.662073009692133,10.403432170482802
Default,5,19445,interpolated,34,48534760.94770114,-6.652052298858762,10.67426219300637
Default,5,19445,interpolated,35,48534770.96841197,-6.642031588032842,10.945092215328714
Default,5,19445,interpolated,36,48534780.9891228,-6.6320108771994715,11.215922237852055
Default,5,19445,interpolated,37,48534791.009833634,-6.621990166366101,11.486752260375624
Default,5,19445,interpolated,38,48534801.03054446,-6.61196945554018,11.75758228269774
Default,5,19445,interpolated,39,48534811.05125529,-6.601948744706809,12.087604607765797
Default,5,19445,interpolated,40,48534821.07196613,-6.591928033873439,12.922663843880173
Default,5,19445,interpolated,41,48534831.09267695,-6.581907323047519,13.245748025742841
Default,5,19445,interpolated,42,48534841.113387786,-6.571886612214148,13.516578048266183
Default,5,19445,interpolated,43,48534851.13409862,-6.561865901380777,13.787408070789752
Default,5,19445,interpolated,44,48534861.154809445,-6.551845190554857,14.430961889028595
Default,5,19445,interpolated,45,48534871.17552028,-6.541824479721487,15.326160012659784
Default,5,19445,interpolated,46,48534881.19623111,-6.531803768888116,15.781646868721964
Default,5,19445,interpolated,47,48534891.21694194,-6.521783058062196,16.133767741994916
Default,5,19445,interpolated,48,48534901.23765277,-6.511762347228825,16.390709045414724
Default,5,19445,interpolated,49,48534911.258363605,-6.5017416363954545,16.64765034883453
Default,5,19445,interpolated,50,48534921.27907444,-6.491720925562084,16.90459165225434
Default,5,19445,interpolated,51,48534931.299785264,-6.481700214736164,17.065622763165038
Default,5,19445,interpolated,52,48534941.3204961,-6.471679503902793,17.170005167679165
Default,5,19445,interpolated,53,48534951.34120693,-6.4616587930694225,17.27438757219352
Default,5,19445,interpolated,54,48534961.36191776,-6.451638082243503,17.37876997663011
Default,5,19445,interpolated,55,48534971.38262859,-6.441617371410132,17.483152381144464
Default,5,19445,interpolated,56,48534981.40333942,-6.431596660576761,17.587534785658818
Default,5,19445,interpolated,57,48534991.42405025,-6.4215759497508405,17.69191719009541
Default,5,19445,interpolated,58,48535001.44476108,-6.41155523891747,17.796299594609764
Default,5,19445,interpolated,59,48535011.465471916,-6.4015345280841,17.90068199912389
Default,5,19445,interpolated,60,48535021.48618274,-6.391513817258179,18.01080406092933
Default,5,19445,interpolated,61,48535031.506893575,-6.381493106424808,18.233486523893134
Default,5,19445,interpolated,62,48535041.52760441,-6.371472395591438,18.456168986856937
Default,5,19445,interpolated,63,48535051.548315234,-6.361451684765518,18.678851449655212
Default,5,19445,interpolated,64,48535061.56902607,-6.351430973932147,18.901533912619016
Default,5,19445,interpolated,65,48535071.5897369,-6.341410263098776,19.931622816870686
Default,5,19445,interpolated,66,48535081.610447735,-6.331389552265406,21.29270952825368
Default,5,19445,interpolated,67,48535091.63115856,-6.321368841439486,21.678121483096675
Default,5,19445,interpolated,68,48535101.651869394,-6.311348130606115,22.048584393937745
Default,5,19445,interpolated,69,48535111.67258023,-6.301327419772744,22.343311183154583
Default,5,19445,interpolated,70,48535121.69329105,-6.291306708946824,22.638037972152233
Default,5,19445,interpolated,71,48535131.71400189,-6.281285998113454,22.93276476136907
Default,5,19445,interpolated,72,48535141.73471272,-6.271265287280083,23.3093885087967
Default,5,19445,interpolated,73,48535151.755423546,-6.261244576454163,23.71021694183355
Default,5,19445,interpolated,74,48535161.77613438,-6.251223865620792,24.057836132900093
Default,5,19445,interpolated,75,48535171.79684521,-6.241203154787422,24.2666009419288
Default,5,19445,interpolated,76,48535181.81755604,-6.231182443961501,24.475365750801984
Default,5,19445,interpolated,77,48535191.83826687,-6.22116173312813,24.68413055983069
Default,5,19445,interpolated,78,48535201.858977705,-6.21114102229476,24.892895368859172
Default,5,19445,interpolated,79,48535211.87968853,-6.20112031146884,25.221804024143694
Default,5,19445,interpolated,80,48535221.900399365,-6.191099600635469,25.677290880205874
Default,5,19445,interpolated,81,48535231.9211102,-6.181078889802098,26.417301456843006
Default,5,19445,interpolated,82,48535241.94182103,-6.171058178968727,28.055401237133765
Default,5,19445,interpolated,83,48535251.96253186,-6.1610374681428075,28.644854815129065
Default,5,19445,interpolated,84,48535261.98324269,-6.151016757309437,29.79664853811255
Default,5,19445,interpolated,85,48535272.003953524,-6.140996046476066,31.090998943725708
Default,5,19445,interpolated,86,48535282.02466435,-6.130975335650146,31.318742371587632
Default,5,19445,interpolated,87,48535292.04537518,-6.120954624816775,31.546485799618722
Default,5,19445,interpolated,88,48535302.06608602,-6.110933913983405,31.774229227649812
Default,5,19445,interpolated,89,48535312.08679684,-6.100913203157485,32.010849605314434
Default,5,19445,interpolated,90,48535322.107507676,-6.090892492324114,34.01559869966036
Default,5,19445,interpolated,91,48535332.12821851,-6.080871781490743,34.15673547196138
Default,5,19445,interpolated,92,48535342.148929335,-6.0708510706648235,34.29787224415736
Default,5,19445,interpolated,93,48535352.16964017,-6.060830359831453,34.439009016458385
Default,5,19445,interpolated,94,48535362.190351,-6.050809648998082,34.58014578875941
Default,5,19445,interpolated,95,48535372.21106183,-6.040788938172161,34.72128256095539
Default,5,19445,interpolated,96,48535382.23177266,-6.030768227338791,34.86241933325641
Default,5,19445,interpolated,97,48535392.252483495,-6.020747516505421,35.001927354920554
Default,5,19445,interpolated,98,48535402.27319433,-6.01072680567205,35.07842133074769
Default,5,19445,interpolated,99,48535412.293905154,-6.000706094846129,35.154915306518205
Default,5,19445,interpolated,100,48535422.31461599,-5.9906853840127585,35.23140928234534
Default,5,19445,interpolated,101,48535432.33532682,-5.980664673179388,35.3079032581727
Default,5,19445,interpolated,102,48535442.35603765,-5.970643962353468,35.38439723394299
Default,5,19445,interpolated,103,48535452.37674848,-5.960623251520097,35.46089120977035
Default,5,19445,interpolated,104,48535462.39745931,-5.9506025406867264,35.537385185597486
Default,5,19445,interpolated,105,48535472.41817014,-5.940581829860807,35.61387916136778
Default,5,19445,interpolated,106,48535482.43888097,-5.930561119027436,35.69037313719514
Default,5,19445,interpolated,107,48535492.459591806,-5.920540408194065,35.7668671130225
Default,5,19445,interpolated,108,48535502.48030263,-5.910519697368145,35.84336108879279
Default,5,19445,interpolated,109,48535512.501013465,-5.900498986534775,35.91985506462015
Default,5,19445,interpolated,110,48535522.5217243,-5.890478275701404,35.996349040447285
Default,5,19445,interpolated,111,48535532.542435125,-5.880457564875484,37.28390219528228
Default,5,19445,interpolated,112,48535542.56314596,-5.870436854042113,37.91019662236795
Default,5,19445,interpolated,113,48535552.58385679,-5.8604161432087425,38.31792062189834
Default,5,19445,interpolated,114,48535562.604567625,-5.850395432375372,38.68905806017142
Default,5,19445,interpolated,115,48535572.62527845,-5.840374721549451,39.16252784505491
Default,5,19445,interpolated,116,48535582.645989284,-5.830354010716081,40.137165773659945
Default,5,19445,interpolated,117,48535592.66670012,-5.82033329988271,40.97222500977409
Default,5,19445,interpolated,118,48535602.68741094,-5.81031258905679,41.26182191738417
Default,5,19445,interpolated,119,48535612.70812178,-5.800291878223419,41.53265193990751
Default,5,19445,interpolated,120,48535622.72883261,-5.790271167390048,41.80348196243108
Default,5,19445,interpolated,121,48535632.749543436,-5.780250456564128,42.0274954343588
Default,5,19445,interpolated,122,48535642.77025427,-5.770229745730758,42.12770254269253
Default,5,19445,interpolated,123,48535652.7909651,-5.760209034897387,42.22790965102604
Default,5,19445,interpolated,124,48535662.81167593,-5.750188324071467,42.32811675928542
Default,5,19445,interpolated,125,48535672.83238676,-5.740167613238096,42.42832386761893
Default,5,19445,interpolated,126,48535682.853097595,-5.730146902404726,42.52853097595266
Default,5,19445,interpolated,127,48535692.87380842,-5.720126191578806,42.628738084212046
Default,5,19445,interpolated,128,48535702.894519255,-5.710105480745435,42.72894519254555
Default,5,19445,interpolated,129,48535712.91523009,-5.700084769912064,42.82915230087929
Default,5,19445,interpolated,130,48535722.93594092,-5.6900640590786935,42.92935940921302
Default,5,19445,interpolated,131,48535732.95665175,-5.680043348252774,43.082129215200666
Default,5,19445,interpolated,132,48535742.97736258,-5.670022637419403,43.360482293905534
Default,5,19445,interpolated,133,48535752.998073414,-5.660001926586032,43.638835372610174
Default,5,19445,interpolated,134,48535763.01878424,-5.649981215760112,43.917188451107904
Default,5,19445,interpolated,135,48535773.03949507,-5.639960504926742,44.14366316476048
Default,5,19445,interpolated,136,48535783.06020591,-5.629939794093371,44.3481674674822
Default,5,19445,interpolated,137,48535793.08091673,-5.61991908326745,44.55267177005203
Default,5,19445,interpolated,138,48535803.101627566,-5.609898372434079,44.75717607277397
Default,5,19445,interpolated,139,48535813.1223384,-5.599877661600709,44.96168037549569
Default,5,19445,interpolated,140,48535823.143049225,-5.589856950774789,45.0993054783562
Default,5,19445,interpolated,141,48535833.16376006,-5.579836239941418,45.22150926900713
Default,5,19445,interpolated,142,48535843.18447089,-5.569815529108047,45.34371305965806
Default,5,19445,interpolated,143,48535853.20518172,-5.5597948182821275,45.465916850218036
Default,5,19445,interpolated,144,48535863.22589255,-5.549774107448757,45.58812064086874
Default,5,19445,interpolated,145,48535873.246603385,-5.539753396615386,45.710324431519666
Default,5,19445,interpolated,146,48535883.26731422,-5.529732685782015,45.832528222170595
Default,5,19445,interpolated,147,48535893.288025044,-5.5197119749560954,45.954732012730574
Default,5,19445,interpolated,148,48535903.30873588,-5.509691264122725,47.75839083961068
Default,5,19445,interpolated,149,48535913.32944671,-5.499670553289354,49.8882411184411
Default,5,19445,interpolated,150,48535923.35015754,-5.489649842463434,50.17641806672759
Default,5,19445,interpolated,151,48535933.37086837,-5.479629131630063,50.36548808245175
Default,5,19445,interpolated,152,48535943.3915792,-5.469608420796693,50.554558098175676
Default,5,19445,interpolated,153,48535953.41229003,-5.459587709970773,50.74362811375909
Default,5,19445,interpolated,154,48535963.43300086,-5.449566999137402,50.932698129483015
Default,5,19445,interpolated,155,48535973.453711696,-5.439546288304031,52.07651114189321
Default,5,19445,interpolated,156,48535983.47442252,-5.429525577478111,52.60391697483624
Default,5,19445,interpolated,157,48535993.495133355,-5.41950486664474,53.356447622179985
Default,5,19445,interpolated,158,48536003.51584419,-5.409484155811369,54.4242957068177
Default,5,19445,interpolated,159,48536013.536555015,-5.399463444985449,55.074604559251384
Default,5,19445,interpolated,160,48536023.55726585,-5.3894427341520785,55.36933134846822
Default,5,19445,interpolated,161,48536033.57797668,-5.379422023318708,55.66405813768506
Default,5,19445,interpolated,162,48536043.598687515,-5.369401312485337,55.9587849269019
Default,5,19445,interpolated,163,48536053.61939834,-5.359380601659417,57.05999218624129
Default,5,19445,interpolated,164,48536063.640109174,-5.3493598908260465,57.19013128797337
Default,5,19445,interpolated,165,48536073.66082001,-5.339339179992676,57.320270389705456
Default,5,19445,interpolated,166,48536083.68153083,-5.329318469166756,57.450409491340906
Default,5,19445,interpolated,167,48536093.70224167,-5.319297758333385,57.58054859307299
Default,5,19445,interpolated,168,48536103.7229525,-5.309277047500014,57.710687694805074
Default,5,19445,interpolated,169,48536113.743663326,-5.299256336674095,57.8408267964403
Default,5,19445,interpolated,170,48536123.76437416,-5.289235625840724,57.97096589817238
Default,5,19445,interpolated,171,48536133.78508499,-5.279214915007353,59.01859463534015
Default,5,19445,interpolated,172,48536143.80579582,-5.269194204181433,59.12297703977674
Default,5,19445,interpolated,173,48536153.82650665,-5.2591734933480625,59.227359444291096
Default,5,19445,interpolated,174,48536163.847217485,-5.249152782514692,59.33174184880522
Default,5,19445,interpolated,175,48536173.86792831,-5.239132071688771,59.43612425324204
Default,5,19445,interpolated,176,48536183.888639145,-5.2291113608554,59.54050665775617
Default,5,19445,interpolated,177,48536193.90934998,-5.2190906500220295,59.64488906227052
Default,5,19445,interpolated,178,48536203.93006081,-5.20906993918866,59.749271466784876
Default,5,19445,interpolated,179,48536213.95077164,-5.199049228362739,59.85365387122147
Default,5,19445,interpolated,180,48536223.97148247,-5.189028517529368,59.95803627573582
Default,5,19445,interpolated,181,48536233.992193304,-5.1790078066959975,60.85602761485757
Default,5,19445,interpolated,182,48536244.01290413,-5.168987095870078,61.3755376720801
Default,5,19445,interpolated,183,48536254.03361496,-5.158966385036707,61.79306729013729
Default,5,19445,interpolated,184,48536264.0543258,-5.148945674203336,62.33695505311084
Default,5,19445,interpolated,185,48536274.07503662,-5.138924963377416,63.02501220752788
Default,5,19445,interpolated,186,48536284.095747456,-5.128904252544046,64.15425537947726
Default,5,19445,interpolated,187,48536294.11645829,-5.118883541710675,64.37209691933322
Default,5,19445,interpolated,188,48536304.137169115,-5.108862830884755,64.58993845902705
Default,5,19445,interpolated,189,48536314.15787995,-5.098842120051384,64.807779998883
Default,5,19445,interpolated,190,48536324.17859078,-5.0888214092180135,65.03273863283289
Default,5,19445,interpolated,191,48536334.19930161,-5.078800698392094,65.31109171133085
Default,5,19445,interpolated,192,48536344.22001244,-5.068779987558723,65.58944479003549
Default,5,19445,interpolated,193,48536354.240723275,-5.058759276725352,65.86779786874013
Default,5,19445,interpolated,194,48536364.26143411,-5.0487385658919814,66.75163344400266
Default,5,19445,interpolated,195,48536374.282144934,-5.038717855066061,67.37646113336086
Default,5,19445,interpolated,196,48536384.30285577,-5.028697144232691,67.83194798942327
Default,5,19445,interpolated,197,48536394.3235666,-5.01867643339932,68.35130925559338
Default,5,19445,interpolated,198,48536404.34427743,-5.008655722573399,68.90801541258884
Default,5,19445,interpolated,199,48536414.36498826,-4.998635011740029,69.39833277428443
Default,5,19445,interpolated,200,48536424.38569909,-4.988614300906658,69.8755094806354
Default,5,19445,interpolated,201,48536434.40640992,-4.978593590080738,70.92580123990774
Default,5,19445,interpolated,202,48536444.42712075,-4.968572879247367,71.12086052246968
Default,5,19445,interpolated,203,48536454.447831586,-4.958552168413997,71.24933117417959
Default,5,19445,interpolated,204,48536464.46854241,-4.948531457588077,71.377801825794
Default,5,19445,interpolated,205,48536474.489253245,-4.938510746754706,71.50627247750367
Default,5,19445,interpolated,206,48536484.50996408,-4.928490035921335,71.63474312921358
Default,5,19445,interpolated,207,48536494.530674905,-4.9184693250954155,71.76321378082798
Default,5,19445,interpolated,208,48536504.55138574,-4.908448614262045,71.89168443253789
Default,5,19445,interpolated,209,48536514.57209657,-4.898427903428674,72.08274192480667
Default,5,19445,interpolated,210,48536524.592807405,-4.888407192595303,72.61014775814192
Default,5,19445,interpolated,211,48536534.61351823,-4.878386481769383,73.16334488941357
Default,5,19445,interpolated,212,48536544.634229064,-4.868365770936013,73.78963931649923
Default,5,19445,interpolated,213,48536554.6549399,-4.858345060102642,74.11675333153266
Default,5,19445,interpolated,214,48536564.67565072,-4.848324349276721,74.29255527584701
Default,5,19445,interpolated,215,48536574.69636156,-4.838303638443351,74.46835722029209
Default,5,19445,interpolated,216,48536584.71707239,-4.828282927609981,74.64415916473718
Default,5,19445,interpolated,217,48536594.737783216,-4.81826221678406,74.81996110905152
Default,5,19445,interpolated,218,48536604.75849405,-4.808241505950689,74.9957630534966
Default,5,19445,interpolated,219,48536614.77920488,-4.798220795117318,77.02404330922536
Default,5,19445,interpolated,220,48536624.79991571,-4.7882000842913985,77.15945832038642
Default,5,19445,interpolated,221,48536634.82062654,-4.778179373458028,77.2948733316482
Default,5,19445,interpolated,222,48536644.841337375,-4.768158662624657,77.43028834290999
Default,5,19445,interpolated,223,48536654.8620482,-4.758137951798737,77.56570335407105
Default,5,19445,interpolated,224,48536664.882759035,-4.7481172409653665,77.70111836533283
Default,5,19445,interpolated,225,48536674.90346987,-4.738096530131996,77.83653337659462
Default,5,19445,interpolated,226,48536684.9241807,-4.728075819298625,77.9719483878564
Default,5,19445,interpolated,227,48536694.94489153,-4.718055108472705,78.88276572525501
Default,5,19445,interpolated,228,48536704.96560236,-4.708034397639334,79.44828011803338
Default,5,19445,interpolated,229,48536714.986313194,-4.698013686805964,79.94931565970182
Default,5,19445,interpolated,230,48536725.00702402,-4.687992975980044,80.34642400076746
Default,5,19445,interpolated,231,48536735.02773485,-4.677972265146673,80.73183595589717
Default,5,19445,interpolated,232,48536745.04844569,-4.667951554313302,81.06096891373386
Default,5,19445,interpolated,233,48536755.06915651,-4.657930843487382,81.2613831302524
Default,5,19445,interpolated,234,48536765.089867346,-4.647910132654012,81.46179734691987
Default,5,19445,interpolated,235,48536775.11057818,-4.637889421820641,81.6622115635871
Default,5,19445,interpolated,236,48536785.131289005,-4.62786871099472,81.86262578010565
Default,5,19445,interpolated,237,48536795.15199984,-4.6178480001613496,82.1313333266105
Default,5,19445,interpolated,238,48536805.17271067,-4.607827289327979,82.54886294466746
Default,5,19445,interpolated,239,48536815.1934215,-4.597806578502059,82.96639256241428
Default,5,19445,interpolated,240,48536825.21413233,-4.587785867668688,84.05431387845124
Default,5,19445,interpolated,241,48536835.234843165,-4.5777651568353175,84.15869628296537
Default,5,19445,interpolated,242,48536845.255554,-4.567744446001947,84.26307868747972
Default,5,19445,interpolated,243,48536855.276264824,-4.557723735176027,84.36746109191631
Default,5,19445,interpolated,244,48536865.29697566,-4.547703024342656,84.47184349643067
Default,5,19445,interpolated,245,48536875.31768649,-4.537682313509285,84.57622590094502
Default,5,19445,interpolated,246,48536885.33839732,-4.527661602683366,84.68060830538161
Default,5,19445,interpolated,247,48536895.35910815,-4.517640891849995,84.78499070989596
Default,5,19445,interpolated,248,48536905.37981898,-4.507620181016624,84.88937311441009
Default,5,19445,interpolated,249,48536915.40052981,-4.497599470190704,84.99375551884691
Default,5,19445,interpolated,250,48536925.42124064,-4.4875787593573335,85.13458915203819
Default,5,19445,interpolated,251,48536935.441951476,-4.477558048523963,85.27774216394346
Default,5,19445,interpolated,252,48536945.4626623,-4.467537337698042,85.42089517574232
Default,5,19445,interpolated,253,48536955.483373135,-4.457516626864672,85.56404818764759
Default,5,19445,interpolated,254,48536965.50408397,-4.4474959160313015,85.70720119955286
Default,5,19445,interpolated,255,48536975.524794795,-4.437475205205381,85.85035421135171
Default,5,19445,interpolated,256,48536985.54550563,-4.42745449437201,85.99350722325698
Default,5,19445,interpolated,257,48536995.56621646,-4.417433783538639,86.6833011758115
Default,5,19445,interpolated,258,48537005.586927295,-4.407413072705269,87.10954759401443
Default,5,19445,interpolated,259,48537015.60763812,-4.397392361879349,87.30603212001279
Default,5,19445,interpolated,260,48537025.628348954,-4.387371651045978,87.50251664615735
Default,5,19445,interpolated,261,48537035.64905979,-4.377350940212607,87.6990011723019
Default,5,19445,interpolated,262,48537045.66977061,-4.367330229386687,87.89548569830026
Default,5,19445,interpolated,263,48537055.69048145,-4.357309518553317,88.58631018083543
Default,5,19445,interpolated,264,48537065.71119228,-4.347288807719946,89.0871583412993
Default,5,19445,interpolated,265,48537075.731903106,-4.337268096894026,89.21729744293475
Default,5,19445,interpolated,266,48537085.75261394,-4.327247386060655,89.34743654466683
Default,5,19445,interpolated,267,48537095.77332477,-4.3172266752272845,89.47757564639892
Default,5,19445,interpolated,268,48537105.7940356,-4.307205964401365,89.60771474803414
Default,5,19445,interpolated,269,48537115.81474643,-4.297185253567994,89.73785384976622
Default,5,19445,interpolated,270,48537125.835457265,-4.287164542734623,89.86799295149831
Default,5,19445,interpolated,271,48537135.85616809,-4.2771438319087025,89.99813205313376
Default,5,19445,interpolated,272,48537145.876878925,-4.267123121075333,90.24692197311674
Default,5,19445,interpolated,273,48537155.89758976,-4.257102410241962,90.49743974395096
Default,5,19445,interpolated,274,48537165.91830059,-4.247081699408591,90.74795751478518
Default,5,19445,interpolated,275,48537175.93901142,-4.23706098858267,90.99847528543319
Default,5,19445,interpolated,276,48537185.95972225,-4.2270402777493,91.52419590793147
Default,5,19445,interpolated,277,48537195.980433084,-4.21701956691593,92.04262752539444
Default,5,19445,interpolated,278,48537206.00114391,-4.206998856090009,92.47831060478211
Default,5,19445,interpolated,279,48537216.02185474,-4.196978145256638,92.91399368449402
Default,5,19445,interpolated,280,48537226.04256558,-4.186957434423268,93.57446896976649
Default,5,19445,interpolated,281,48537236.0632764,-4.176936723597348,94.25395477516577
Default,5,19445,interpolated,282,48537246.083987236,-4.166916012763977,94.88024920225143
Default,5,19445,interpolated,283,48537256.10469807,-4.156895301930606,95.7367907335813
Default,5,19445,interpolated,284,48537266.125408895,-4.1468745911046865,96.26390403315986
Default,5,19445,interpolated,285,48537276.14611973,-4.136853880271316,96.63504147143271
Default,5,19445,interpolated,286,48537286.16683056,-4.126833169437945,97.0031477464538
Default,5,19445,interpolated,287,48537296.18754139,-4.116812458612025,97.19221776203722
Default,5,19445,interpolated,288,48537306.20825222,-4.106791747778654,97.38128777776114
Default,5,19445,interpolated,289,48537316.228963055,-4.096771036945284,97.5703577934853
Default,5,19445,interpolated,290,48537326.24967389,-4.086750326111913,97.75942780920923
Default,5,19445,interpolated,291,48537336.270384714,-4.076729615285993,97.94849782479264
Default,5,19445,interpolated,292,48537346.29109555,-4.066708904452622,98.10566805141139
Default,5,19445,interpolated,293,48537356.31180638,-4.056688193619252,98.25089574464846
Default,5,19445,interpolated,294,48537366.33251721,-4.046667482793331,98.39612343777776
Default,5,19445,interpolated,295,48537376.35322804,-4.03664677195996,98.54135113101506
Default,5,19445,interpolated,296,48537386.37393887,-4.02662606112659,98.68657882425236
Default,5,19445,interpolated,297,48537396.3946497,-4.01660535030067,98.83180651738166
Default,5,19445,interpolated,298,48537406.41536053,-4.006584639467299,98.97703421061897
Default,5,19445,interpolated,299,48537416.436071366,-3.9965639286339285,99.40171768409868
Default,5,19445,interpolated,300,48537426.45678219,-3.9865432178080082,99.87889439009496
Default,5,19445,interpolated,301,48537436.477493025,-3.9765225069746375,100.62312441878021
Default,5,19445,interpolated,302,48537446.49820386,-3.9665017961412667,101.2390523416841
Default,5,19445,interpolated,303,48537456.518914685,-3.956481085315347,101.67473542107177
Default,5,19445,interpolated,304,48537466.53962552,-3.946460374481976,102.23087504709315
Default,5,19445,interpolated,305,48537476.56033635,-3.9364396636486054,103.03805698418046
Default,5,19445,interpolated,306,48537486.581047185,-3.9264189528152347,103.28246456548209
Default,5,19445,interpolated,307,48537496.60175801,-3.916398241989315,103.52687214660205
Default,5,19445,interpolated,308,48537506.622468844,-3.906377531155944,103.7712797279039
Default,5,19445,interpolated,309,48537516.64317968,-3.8963568203225734,104.03573220430144
Default,5,19445,interpolated,310,48537526.6638905,-3.886336109496653,104.59243836129713
Default,5,19445,interpolated,311,48537536.68460134,-3.8763153986632823,105.03195953972272
Default,5,19445,interpolated,312,48537546.70531217,-3.8662946878299116,105.15125371631052
Default,5,19445,interpolated,313,48537556.726022996,-3.8562739770039918,105.27054789280965
Default,5,19445,interpolated,314,48537566.74673383,-3.846253266170621,105.38984206939745
Default,5,19445,interpolated,315,48537576.76744466,-3.8362325553372503,105.50913624598502
Default,5,19445,interpolated,316,48537586.78815549,-3.82621184451133,105.62843042248414
Default,5,19445,interpolated,317,48537596.80886632,-3.8161911336779597,105.74772459907194
Default,5,19445,interpolated,318,48537606.829577155,-3.806170422844589,105.86701877565974
Default,5,19445,interpolated,319,48537616.85028798,-3.7961497120186687,105.98631295215864
Default,5,19445,interpolated,320,48537626.870998815,-3.786129001185298,107.3261666008168
Default,5,19445,interpolated,321,48537636.89170965,-3.776108290351927,107.88287275822631
Default,5,19445,interpolated,322,48537646.91242048,-3.766087579518557,108.14652630521186
Default,5,19445,interpolated,323,48537656.93313131,-3.7560668686926366,108.3320950242105
Default,5,19445,interpolated,324,48537666.95384214,-3.746046157859266,108.51766374334693
Default,5,19445,interpolated,325,48537676.974552974,-3.736025447025895,108.70323246248336
Default,5,19445,interpolated,326,48537686.9952638,-3.7260047361999753,108.888801181482
Default,5,19445,interpolated,327,48537697.01597463,-3.7159840253666045,110.10159746333966
Default,5,19445,interpolated,328,48537707.03668547,-3.705963314533234,111.01524537451132
Default,5,19445,interpolated,329,48537717.05739629,-3.6959426037073135,111.16260876901015
Default,5,19445,interpolated,330,48537727.078107126,-3.685921892873943,111.30997216361857
Default,5,19445,interpolated,331,48537737.09881796,-3.675901182040572,111.45733555822699
Default,5,19445,interpolated,332,48537747.119528785,-3.665880471214652,111.60469895272581
Default,5,19445,interpolated,333,48537757.14023962,-3.6558597603812815,111.752062347334
Default,5,19445,interpolated,334,48537767.16095045,-3.6458390495479107,111.89942574194242
Default,5,19445,interpolated,335,48537777.18166128,-3.6358183387219905,112.63633225560193
Default,5,19445,interpolated,336,48537787.20237211,-3.62579762788862,113.26459264875416
Default,5,19445,interpolated,337,48537797.223082945,-3.6157769170552494,113.5878413853145
Default,5,19445,interpolated,338,48537807.24379378,-3.6057562062218786,113.91109012187485
Default,5,19445,interpolated,339,48537817.264504604,-3.5957354953959584,114.60537538367021
Default,5,19445,interpolated,340,48537827.28521544,-3.5857147845625876,115.11245139228527
Default,5,19445,interpolated,341,48537837.30592627,-3.5756940737292173,115.3256580057614
Default,5,19445,interpolated,342,48537847.3266371,-3.565673362903297,115.53886461907882
Default,5,19445,interpolated,343,48537857.34734793,-3.5556526520699263,115.75207123255473
Default,5,19445,interpolated,344,48537867.36805876,-3.5456319412365556,115.96527784603063
Default,5,19445,interpolated,345,48537877.38876959,-3.5356112304106357,116.46604275496475
Default,5,19445,interpolated,346,48537887.40948042,-3.525590519577265,117.00772604571193
Default,5,19445,interpolated,347,48537897.430191256,-3.5155698087438942,117.19679606143586
Default,5,19445,interpolated,348,48537907.45090208,-3.505549097917974,117.38586607701927
Default,5,19445,interpolated,349,48537917.471612915,-3.4955283870846032,117.57493609274343
Default,5,19445,interpolated,350,48537927.49232375,-3.4855076762512325,117.76400610846736
Default,5,19445,interpolated,351,48537937.513034575,-3.4754869654253127,117.95307612405077
Default,5,19445,interpolated,352,48537947.53374541,-3.465466254591942,118.20927070577932
Default,5,19445,interpolated,353,48537957.55445624,-3.455445543758571,118.48762378448419
Default,5,19445,interpolated,354,48537967.575167075,-3.4454248329252004,118.76597686318883
Default,5,19445,interpolated,355,48537977.5958779,-3.4354041220992806,119.05503027243867
Default,5,19445,interpolated,356,48537987.616588734,-3.42538341126591,119.40057202531352
Default,5,19445,interpolated,357,48537997.63729957,-3.415362700432539,119.74611377818837
Default,5,19445,interpolated,358,48538007.65801039,-3.405341989606619,120.13290051966896
Default,5,19445,interpolated,359,48538017.67872123,-3.395321278773248,120.63393606133764
Default,5,19445,interpolated,360,48538027.69943206,-3.3853005679398778,121.05093268037967
Default,5,19445,interpolated,361,48538037.720142886,-3.3752798571139575,121.24000269596308
Default,5,19445,interpolated,362,48538047.74085372,-3.3652591462805868,121.42907271168701
Default,5,19445,interpolated,363,48538057.76156455,-3.355238435447216,121.61814272741094
Default,5,19445,interpolated,364,48538067.78227538,-3.345217724621296,121.80721274299435
Default,5,19445,interpolated,365,48538077.80298621,-3.3351970137879254,121.99628275871828
Default,5,19445,interpolated,366,48538087.823697045,-3.3251763029545547,122.19262151069506
Default,5,19445,interpolated,367,48538097.84440787,-3.3151555921286344,122.38910603669342
Default,5,19445,interpolated,368,48538107.865118705,-3.3051348812952637,122.58559056283798
Default,5,19445,interpolated,369,48538117.88582954,-3.2951141704618934,122.78207508898254
Default,5,19445,interpolated,370,48538127.90654037,-3.2850934596285226,122.9785596151271
Default,5,19445,interpolated,371,48538137.9272512,-3.2750727488026024,123.34335581528444
Default,5,19445,interpolated,372,48538147.94796203,-3.2650520379692316,123.72876777041415
Default,5,19445,interpolated,373,48538157.968672864,-3.255031327135861,124.09277102700435
Default,5,19445,interpolated,374,48538167.98938369,-3.245010616309941,124.40591824031435
Default,5,19445,interpolated,375,48538178.01009452,-3.2349899054765703,124.71906545385718
Default,5,19445,interpolated,376,48538188.03080536,-3.2249691946431995,125.20616107136016
Default,5,19445,interpolated,377,48538198.05151618,-3.2149484838172793,126.8645023118172
Default,5,19445,interpolated,378,48538208.072227016,-3.2049277729839085,127.33600840800341
Default,5,19445,interpolated,379,48538218.09293785,-3.194907062150538,127.70714584627626
Default,5,19445,interpolated,380,48538228.113648675,-3.184886351324618,128.02709805994073
Default,5,19445,interpolated,381,48538238.13435951,-3.174865640491247,128.15556871165063
Default,5,19445,interpolated,382,48538248.15507034,-3.1648449296578764,128.28403936336053
Default,5,19445,interpolated,383,48538258.17578117,-3.1548242188319566,128.41251001497494
Default,5,19445,interpolated,384,48538268.196492,-3.144803507998586,128.54098066668485
Default,5,19445,interpolated,385,48538278.217202835,-3.134782797165215,128.66945131839475
Default,5,19445,interpolated,386,48538288.23791367,-3.1247620863318444,128.79792197010465
Default,5,19445,interpolated,387,48538298.258624494,-3.114741375505924,128.92639262171883
Default,5,19445,interpolated,388,48538308.27933533,-3.104720664672554,129.04366668701482
Default,5,19445,interpolated,389,48538318.30004616,-3.094699953839183,129.1459188383758
Default,5,19445,interpolated,390,48538328.32075699,-3.084679243013263,129.2481709896606
Default,5,19445,interpolated,391,48538338.34146782,-3.074658532179892,129.35042314102157
Default,5,19445,interpolated,392,48538348.36217865,-3.0646378213465213,129.45267529238254
Default,5,19445,interpolated,393,48538358.38288948,-3.0546171105206015,129.55492744366734
Default,5,19445,interpolated,394,48538368.40360031,-3.0445963996872307,129.6571795950283
Default,5,19445,interpolated,395,48538378.424311146,-3.03457568885386,129.75943174638928
Default,5,19445,interpolated,396,48538388.44502197,-3.0245549780279397,129.86168389767408
Default,5,19445,interpolated,397,48538398.465732805,-3.014534267194569,129.96393604903506
Default,5,19445,interpolated,398,48538408.48644364,-3.0045135563611987,130.49895720298468
Default,5,19445,interpolated,399,48538418.507154465,-2.9944928455352784,131.0515758009517
Default,5,19445,interpolated,400,48538428.5278653,-2.9844721347019076,131.19893919556011
Default,5,19445,interpolated,401,48538438.54857613,-2.974451423868537,131.34630259016853
Default,5,19445,interpolated,402,48538448.569286965,-2.964430713035166,131.49366598477695
Default,5,19445,interpolated,403,48538458.58999779,-2.9544100022092463,131.64102937927578
Default,5,19445,interpolated,404,48538468.610708624,-2.9443892913758756,131.7883927738842
Default,5,19445,interpolated,405,48538478.63141946,-2.934368580542505,131.93575616849262
Default,5,19445,interpolated,406,48538488.65213028,-2.9243478697165846,132.56521302834153
Default,5,19445,interpolated,407,48538498.67284112,-2.9143271588832143,133.40520293691338
Default,5,19445,interpolated,408,48538508.69355195,-2.9043064480498435,134.2116939937696
Default,5,19445,interpolated,409,48538518.714262776,-2.8942857372239232,136.01623324491084
Default,5,19445,interpolated,410,48538528.73497361,-2.8842650263905525,136.24397667294193
Default,5,19445,interpolated,411,48538538.75568444,-2.8742443155571817,136.47172010097324
Default,5,19445,interpolated,412,48538548.77639527,-2.864223604731262,136.69946352883494
Default,5,19445,interpolated,413,48538558.7971061,-2.854202893897891,136.92720695686603
Default,5,19445,interpolated,414,48538568.817816935,-2.8441821830645204,137.06956956056615
Default,5,19445,interpolated,415,48538578.83852776,-2.8341614722386,137.17182171185095
Default,5,19445,interpolated,416,48538588.859238595,-2.82414076140523,137.27407386321192
Default,5,19445,interpolated,417,48538598.87994943,-2.814120050571859,137.3763260145729
Default,5,19445,interpolated,418,48538608.90066026,-2.8040993397384884,137.47857816593387
Default,5,19445,interpolated,419,48538618.92137109,-2.794078628912568,137.58083031721867
Default,5,19445,interpolated,420,48538628.94208192,-2.7840579180791973,137.68308246857964
Default,5,19445,interpolated,421,48538638.962792754,-2.7740372072458266,137.7853346199406
Default,5,19445,interpolated,422,48538648.98350358,-2.7640164964199068,137.88758677122541
Default,5,19445,interpolated,423,48538659.00421441,-2.753995785586536,137.9898389225864
Default,5,19445,interpolated,424,48538669.02492525,-2.7439750747531653,138.45124626234178
Default,5,19445,interpolated,425,48538679.04563607,-2.733954363927245,138.9522818036378
Default,5,19445,interpolated,426,48538689.066346906,-2.7239336530938747,139.75552890884387
Default,5,19445,interpolated,427,48538699.08705774,-2.713912942260504,140.50621840996405
Default,5,19445,interpolated,428,48538709.107768565,-2.7038922314345837,141.12431074261667
Default,5,19445,interpolated,429,48538719.1284794,-2.693871520601213,141.52513917595138
Default,5,19445,interpolated,430,48538729.14919023,-2.683850809767842,141.92596760928632
Default,5,19445,interpolated,431,48538739.16990106,-2.6738300989419224,142.13847289928935
Default,5,19445,interpolated,432,48538749.19061189,-2.6638093881085516,142.30831545578735
Default,5,19445,interpolated,433,48538759.211322725,-2.653788677275181,142.47815801228512
Default,5,19445,interpolated,434,48538769.23203356,-2.64376796644181,142.6480005687829
Default,5,19445,interpolated,435,48538779.252744384,-2.6337472556158903,142.81784312515447
Default,5,19445,interpolated,436,48538789.27345522,-2.6237265447825195,142.98768568165224
Default,5,19445,interpolated,437,48538799.29416605,-2.613705833949149,143.09388046516005
Default,5,19445,interpolated,438,48538809.31487688,-2.6036851231232285,143.19509976643212
Default,5,19445,interpolated,439,48538819.33558771,-2.593664412289858,143.29631906777922
Default,5,19445,interpolated,440,48538829.35629854,-2.583643701456487,143.39753836912632
Default,5,19445,interpolated,441,48538839.37700937,-2.573622990630567,143.4987576703984
Default,5,19445,interpolated,442,48538849.3977202,-2.5636022797971965,143.5999769717455
Default,5,19445,interpolated,443,48538859.418431036,-2.5535815689638257,143.7011962730926
Default,5,19445,interpolated,444,48538869.43914186,-2.5435608581379054,143.80241557436466
Default,5,19445,interpolated,445,48538879.459852695,-2.533540147304535,143.90363487571176
Default,5,19445,interpolated,446,48538889.48056353,-2.5235194364711644,144.0120140882209
Default,5,19445,interpolated,447,48538899.501274355,-2.513498725645244,144.2625318588689
Default,5,19445,interpolated,448,48538909.52198519,-2.5034780148118734,144.51304962970312
Default,5,19445,interpolated,449,48538919.54269602,-2.4934573039785026,144.76356740053734
Default,5,19445,interpolated,450,48538929.563406855,-2.4834365931451323,145.01310248499703
Default,5,19445,interpolated,451,48538939.58411768,-2.473415882319212,145.24614227164625
Default,5,19445,interpolated,452,48538949.604828514,-2.4633951714858413,145.47918205846872
Default,5,19445,interpolated,453,48538959.62553935,-2.4533744606524706,145.71222184529142
Default,5,19445,interpolated,454,48538969.64625017,-2.4433537498265507,145.94526163194064
Default,5,19445,interpolated,455,48538979.66696101,-2.43333303899318,147.12122550030995
Default,5,19445,interpolated,456,48538989.68767184,-2.4233123281598092,147.57671235637235
Default,5,19445,interpolated,457,48538999.708382666,-2.413291617333889,148.00970387213852
Default,5,19445,interpolated,458,48539009.7290935,-2.4032709065005182,148.14697388355444
Default,5,19445,interpolated,459,48539019.74980433,-2.3932501956671475,148.2842438949706
Default,5,19445,interpolated,460,48539029.77051516,-2.3832294848412277,148.42151390628464
Default,5,19445,interpolated,461,48539039.79122599,-2.373208774007857,148.55878391770057
Default,5,19445,interpolated,462,48539049.811936826,-2.363188063174486,148.69605392911672
Default,5,19445,interpolated,463,48539059.83264765,-2.353167352348566,148.83332394043055
Default,5,19445,interpolated,464,48539069.853358485,-2.3431466415151956,148.9705939518467
Default,5,19445,interpolated,465,48539079.87406932,-2.333125930681825,149.08376669487416
Default,5,19445,interpolated,466,48539089.89478015,-2.323105219848454,149.1903700016121
Default,5,19445,interpolated,467,48539099.91549098,-2.313084509022534,149.29697330827094
Default,5,19445,interpolated,468,48539109.93620181,-2.303063798189163,149.4035766150089
Default,5,19445,interpolated,469,48539119.956912644,-2.2930430873557928,149.51017992174684
Default,5,19445,interpolated,470,48539129.97762347,-2.2830223765298725,149.61678322840567
Default,5,19445,interpolated,471,48539139.9983343,-2.2730016656965017,149.72338653514362
Default,5,19445,interpolated,472,48539150.01904514,-2.262980954863131,149.82998984188157
Default,5,19445,interpolated,473,48539160.03975596,-2.252960244037211,149.9365931485404
Default,5,19445,interpolated,474,48539170.060466796,-2.2429395332038404,150.20302333980794
Default,5,19445,interpolated,475,48539180.08117763,-2.2329188223704697,150.7040588814766
Default,5,19445,interpolated,476,48539190.101888455,-2.2228981115445494,151.3418240379542
Default,5,19445,interpolated,477,48539200.12259929,-2.2128774007111787,152.13266245555133
Default,5,19445,interpolated,478,48539210.14331012,-2.2028566898778084,152.758956882637
Default,5,19445,interpolated,479,48539220.16402095,-2.192835979051888,153.2125524464866
Default,5,19445,interpolated,480,48539230.18473178,-2.1828152682185173,153.55809419936145
Default,5,19445,interpolated,481,48539240.205442615,-2.1727945573851466,153.9036359522363
Default,5,19445,interpolated,482,48539250.22615345,-2.162773846551776,154.06882050903073
Default,5,19445,interpolated,483,48539260.246864274,-2.152753135725856,154.1642558502299
Default,5,19445,interpolated,484,48539270.26757511,-2.1427324248924853,154.25969119150022
Default,5,19445,interpolated,485,48539280.28828594,-2.1327117140591145,154.35512653277033
Default,5,19445,interpolated,486,48539290.30899677,-2.1226910032331943,154.4505618739695
Default,5,19445,interpolated,487,48539300.3297076,-2.1126702923998235,154.54599721523982
Default,5,19445,interpolated,488,48539310.35041843,-2.102649581566453,154.64143255650993
Default,5,19445,interpolated,489,48539320.37112926,-2.092628870740533,154.73686789770932
Default,5,19445,interpolated,490,48539330.39184009,-2.082608159907162,154.83230323897942
Default,5,19445,interpolated,491,48539340.412550926,-2.0725874490737914,154.92773858024952
Default,5,19445,interpolated,492,48539350.43326175,-2.0625667382478716,155.81108725070953
Default,5,19445,interpolated,493,48539360.453972585,-2.052546027414501,156.47269862927487
Default,5,19445,interpolated,494,48539370.47468342,-2.04252531658113,156.97373417094354
Default,5,19445,interpolated,495,48539380.495394245,-2.03250460575521,158.1353207134332
Default,5,19445,interpolated,496,48539390.51610508,-2.022483894921839,158.34408552246168
Default,5,19445,interpolated,497,48539400.53681591,-2.012463184088469,158.55285033149016
Default,5,19445,interpolated,498,48539410.557526745,-2.002442473255098,158.76161514051887
Default,5,19445,interpolated,499,48539420.57823757,-1.9924217624291778,158.97037994939205
Default,5,19445,interpolated,500,48539430.598948404,-1.982401051595807,159.06665851476123
Default,5,19445,interpolated,501,48539440.61965924,-1.9723803407624365,159.14433844370205
Default,5,19445,interpolated,502,48539450.64037006,-1.9623596299365162,159.22201837258513
Default,5,19445,interpolated,503,48539460.6610809,-1.9523389191031457,159.29969830152595
Default,5,19445,interpolated,504,48539470.68179173,-1.942318208269775,159.37737823046677
Default,5,19445,interpolated,505,48539480.702502556,-1.932297497443855,159.45505815935007
Default,5,19445,interpolated,506,48539490.72321339,-1.9222767866104842,159.5327380882909
Default,5,19445,interpolated,507,48539500.74392422,-1.9122560757771134,159.61041801723172
Default,5,19445,interpolated,508,48539510.76463505,-1.9022353649511934,159.6880979461148
Default,5,19445,interpolated,509,48539520.78534588,-1.8922146541178226,159.76577787505562
Default,5,19445,interpolated,510,48539530.806056716,-1.882193943284452,159.84345780399644
Default,5,19445,interpolated,511,48539540.82676754,-1.8721732324585318,159.92113773287952
Default,5,19445,interpolated,512,48539550.847478375,-1.8621525216251613,159.99881766182057
Default,5,19445,interpolated,513,48539560.86818921,-1.8521318107917906,160.29024085906508
Default,5,19445,interpolated,514,48539570.88890004,-1.8421110999584198,160.5849676482817
Default,5,19445,interpolated,515,48539580.90961087,-1.8320903891324998,160.87969443727934
Default,5,19445,interpolated,516,48539590.9303217,-1.822069678299129,161.37064510630444
Default,5,19445,interpolated,517,48539600.951032534,-1.8120489674657583,161.9969395333901
Default,5,19445,interpolated,518,48539610.97174336,-1.8020282566398382,162.47484492191256
Default,5,19445,interpolated,519,48539620.99245419,-1.7920075458064675,162.95202162826354
Default,5,19445,interpolated,520,48539631.01316503,-1.781986834973097,163.12694598629446
Default,5,19445,interpolated,521,48539641.03387585,-1.7719661241471767,163.26808275849044
Default,5,19445,interpolated,522,48539651.054586686,-1.7619454133138062,163.40921953079146
Default,5,19445,interpolated,523,48539661.07529752,-1.7519247024804354,163.55035630309249
Default,5,19445,interpolated,524,48539671.096008345,-1.7419039916545154,163.69149307528846
Default,5,19445,interpolated,525,48539681.11671918,-1.7318832808211446,163.8326298475895
Default,5,19445,interpolated,526,48539691.13743001,-1.7218625699877739,163.9737666198905
Default,5,19445,interpolated,527,48539701.15814084,-1.7118418591618538,164.2091830984141
Default,5,19445,interpolated,528,48539711.17885167,-1.701821148328483,164.46612440183367
Default,5,19445,interpolated,529,48539721.199562505,-1.6918004374951126,164.72306570525348
Default,5,19445,interpolated,530,48539731.22027334,-1.6817797266617418,164.98000700867328
Default,5,19445,interpolated,531,48539741.240984164,-1.6717590158358218,165.084779671231
Default,5,19445,interpolated,532,48539751.261695,-1.661738305002451,165.17671279814272
Default,5,19445,interpolated,533,48539761.28240583,-1.6517175941690803,165.26864592505422
Default,5,19445,interpolated,534,48539771.30311666,-1.6416968833431602,165.3605790518975
Default,5,19445,interpolated,535,48539781.32382749,-1.6316761725097895,165.45251217880923
Default,5,19445,interpolated,536,48539791.34453832,-1.6216554616764187,165.54444530572096
Default,5,19445,interpolated,537,48539801.36524915,-1.6116347508504987,165.63637843256424
Default,5,19445,interpolated,538,48539811.38595998,-1.601614040017128,165.72831155947597
Default,5,19445,interpolated,539,48539821.406670816,-1.5915933291837574,165.82024468638747
Default,5,19445,interpolated,540,48539831.42738164,-1.5815726183578371,165.91217781323076
Default,5,19445,interpolated,541,48539841.448092476,-1.5715519075244666,166.0373410396278
Default,5,19445,interpolated,542,48539851.46880331,-1.5615311966910959,166.87240027574194
Default,5,19445,interpolated,543,48539861.489514135,-1.5515104858651758,167.13475419261636
Default,5,19445,interpolated,544,48539871.51022497,-1.541489775031805,167.2938130947332
Default,5,19445,interpolated,545,48539881.5309358,-1.5314690641984343,167.45287199685026
Default,5,19445,interpolated,546,48539891.551646635,-1.5214483533650638,167.61193089896733
Default,5,19445,interpolated,547,48539901.57235746,-1.5114276425391435,167.77098980096594
Default,5,19445,interpolated,548,48539911.593068294,-1.501406931705773,167.930048703083
Default,5,19445,interpolated,549,48539921.61377913,-1.4913862208724022,168.08636583273233
Default,5,19445,interpolated,550,48539931.63448995,-1.4813655100464822,168.24053061466952
Default,5,19445,interpolated,551,48539941.65520079,-1.4713447992131115,168.39469539672132
Default,5,19445,interpolated,552,48539951.67591162,-1.4613240883797407,168.5488601787731
Default,5,19445,interpolated,553,48539961.696622446,-1.4513033775538207,168.70302496071054
Default,5,19445,interpolated,554,48539971.71733328,-1.44128266672045,168.85718974276233
Default,5,19445,interpolated,555,48539981.73804411,-1.4312619558870792,169.0150621247535
Default,5,19445,interpolated,556,48539991.75875494,-1.4212412450611591,169.21956642732334
Default,5,19445,interpolated,557,48540001.77946577,-1.4112205342277884,169.42407073004506
Default,5,19445,interpolated,558,48540011.800176606,-1.4011998233944178,169.628575032767
Default,5,19445,interpolated,559,48540021.82088743,-1.3911791125684976,169.83307933533683
Default,5,19445,interpolated,560,48540031.841598265,-1.381158401735127,170.07673326103645
Default,5,19445,interpolated,561,48540041.8623091,-1.3711376909017563,170.4942628790934
Default,5,19445,interpolated,562,48540051.88301993,-1.3611169800683856,170.9117924971506
Default,5,19445,interpolated,563,48540061.90373076,-1.3510962692424655,172.00534751927535
Default,5,19445,interpolated,564,48540071.92444159,-1.3410755584090948,172.06464166621845
Default,5,19445,interpolated,565,48540081.945152424,-1.3310548475757242,172.12393581316132
Default,5,19445,interpolated,566,48540091.96586325,-1.321034136749804,172.18322996006032
Default,5,19445,interpolated,567,48540101.98657408,-1.3110134259164334,172.24252410700342
Default,5,19445,interpolated,568,48540112.00728492,-1.3009927150830627,172.3018182539463
Default,5,19445,interpolated,569,48540122.02799574,-1.2909720042571426,172.3611124008453
Default,5,19445,interpolated,570,48540132.048706576,-1.280951293423772,172.4204065477884
Default,5,19445,interpolated,571,48540142.06941741,-1.2709305825904011,172.47970069473126
Default,5,19445,interpolated,572,48540152.090128236,-1.260909871764481,172.53899484163026
Default,5,19445,interpolated,573,48540162.11083907,-1.2508891609311104,172.59828898857336
Default,5,19445,interpolated,574,48540172.1315499,-1.2408684500977398,172.65758313551623
Default,5,19445,interpolated,575,48540182.15226073,-1.2308477392718196,172.71687728241523
Default,5,19445,interpolated,576,48540192.17297156,-1.220827028438449,172.77617142935833
Default,5,19445,interpolated,577,48540202.193682395,-1.2108063176050783,172.8354655763012
Default,5,19445,interpolated,578,48540212.21439323,-1.2007856067717075,172.8947597232443
Default,5,19445,interpolated,579,48540222.235104054,-1.1907648959457875,172.9540538701433
Default,5,19445,interpolated,580,48540232.25581489,-1.1807441851124167,173.03366887891912
Default,5,19445,interpolated,581,48540242.27652572,-1.170723474279046,173.1832317271785
Default,5,19445,interpolated,582,48540252.29723655,-1.160702763453126,173.3327945753265
Default,5,19445,interpolated,583,48540262.31794738,-1.1506820526197552,173.48235742358565
Default,5,19445,interpolated,584,48540272.33865821,-1.1406613417863847,173.63192027184505
Default,5,19445,interpolated,585,48540282.35936904,-1.1306406309604644,173.78148311999303
Default,5,19445,interpolated,586,48540292.38007987,-1.1206199201270939,173.93104596825242
Default,5,19445,interpolated,587,48540302.40079071,-1.1105992092937231,175.0022643542727
Default,5,19445,interpolated,588,48540312.42150153,-1.100578498467803,175.0588785397299
Default,5,19445,interpolated,589,48540322.442212366,-1.0905577876344323,175.11549272522916
Default,5,19445,interpolated,590,48540332.4629232,-1.0805370768010616,175.17210691072842
Default,5,19445,interpolated,591,48540342.483634025,-1.0705163659751415,175.2287210961856
Default,5,19445,interpolated,592,48540352.50434486,-1.0604956551417708,175.28533528168487
Default,5,19445,interpolated,593,48540362.52505569,-1.0504749443084003,175.34194946718412
Default,5,19445,interpolated,594,48540372.545766525,-1.0404542334750295,175.39856365268338
Default,5,19445,interpolated,595,48540382.56647735,-1.0304335226491095,175.45517783814057
Default,5,19445,interpolated,596,48540392.587188184,-1.0204128118157387,175.51179202363983
Default,5,19445,interpolated,597,48540402.60789902,-1.010392100982368,175.56840620913908
Default,5,19445,interpolated,598,48540412.62860984,-1.000371390156448,175.62502039459628
Default,5,19445,interpolated,599,48540422.64932068,-0.9903506793230772,175.68163458009553
Default,5,19445,interpolated,600,48540432.67003151,-0.9803299684897065,175.7382487655948
Default,5,19445,interpolated,601,48540442.690742336,-0.9703092576637864,175.79486295105198
Default,5,19445,interpolated,602,48540452.71145317,-0.9602885468304158,175.85147713655124
Default,5,19445,interpolated,603,48540462.732164,-0.950267835997045,175.9080913220505
Default,5,19445,interpolated,604,48540472.75287483,-0.940247125171125,175.9647055075077
Default,5,19445,interpolated,605,48540482.77358566,-0.9302264143377542,176.10781673320707
Default,5,19445,interpolated,606,48540492.794296496,-0.9202057035043836,176.3941227570176
Default,5,19445,interpolated,607,48540502.81500732,-0.9101849926784634,176.68042878061533
Default,5,19445,interpolated,608,48540512.835718155,-0.9001642818450928,176.96673480442587
Default,5,19445,interpolated,609,48540522.85642899,-0.8901435710117221,177.17712857976562
Default,5,19445,interpolated,610,48540532.87713982,-0.8801228601783514,177.37754279643286
Default,5,19445,interpolated,611,48540542.89785065,-0.8701021493524314,177.5779570129514
Default,5,19445,interpolated,612,48540552.91856148,-0.8600814385190606,177.77837122961887
Default,5,19445,interpolated,613,48540562.939272314,-0.85006072768569,177.9787854462861
Default,5,19445,interpolated,614,48540572.95998314,-0.8400400168597698,178.0630984728184
Default,5,19445,interpolated,615,48540582.98069397,-0.8300193060263992,178.13366685896904
Default,5,19445,interpolated,616,48540593.00140481,-0.8199985951930284,178.20423524511943
Default,5,19445,interpolated,617,48540603.02211563,-0.8099778843671084,178.27480363121754
Default,5,19445,interpolated,618,48540613.042826466,-0.7999571735337376,178.34537201736794
Default,5,19445,interpolated,619,48540623.0635373,-0.789936462700367,178.41594040351856
Default,5,19445,interpolated,620,48540633.084248126,-0.7799157518744468,178.48650878961666
Default,5,19445,interpolated,621,48540643.10495896,-0.7698950410410762,178.55707717576706
Default,5,19445,interpolated,622,48540653.12566979,-0.7598743302077056,178.62764556191746
Default,5,19445,interpolated,623,48540663.14638062,-0.7498536193817854,178.69821394801556
Default,5,19445,interpolated,624,48540673.16709145,-0.7398329085484148,178.7687823341662
Default,5,19445,interpolated,625,48540683.187802285,-0.729812197715044,178.8393507203166
Default,5,19445,interpolated,626,48540693.20851312,-0.7197914868816734,178.909919106467
Default,5,19445,interpolated,627,48540703.229223944,-0.7097707760557532,178.9804874925651
Default,5,19445,interpolated,628,48540713.24993478,-0.6997500652223826,179.14795785260435
Default,5,19445,interpolated,629,48540723.27064561,-0.6897293543890118,179.3524621553263
Default,5,19445,interpolated,630,48540733.29135644,-0.6797086435630918,179.55696645789612
Default,5,19445,interpolated,631,48540743.31206727,-0.669687932729721,179.76147076061784
Default,5,19445,interpolated,632,48540753.3327781,-0.6596672218963504,179.96597506333978
Default,5,19445,interpolated,633,48540763.35348893,-0.6496465110704303,180.49138170173933
Default,5,19445,interpolated,634,48540773.37419976,-0.6396258002370596,181.0245392814811
Default,5,19445,interpolated,635,48540783.3949106,-0.6296050894036889,181.2034805463627
Default,5,19445,interpolated,636,48540793.41562142,-0.6195843785777688,181.38242181111127
Default,5,19445,interpolated,637,48540803.436332256,-0.6095636677443981,181.56136307599286
Default,5,19445,interpolated,638,48540813.45704309,-0.5995429569110274,181.74030434087445
Default,5,19445,interpolated,639,48540823.477753915,-0.5895222460851074,181.91924560562302
Default,5,19445,interpolated,640,48540833.49846475,-0.5795015352517366,182.19637374100944
Default,5,19445,interpolated,641,48540843.51917558,-0.569480824418366,182.5542562707726
Default,5,19445,interpolated,642,48540853.539886415,-0.5594601135849953,182.91213880053579
Default,5,19445,interpolated,643,48540863.56059724,-0.5494394027590752,183.11284473493924
Default,5,19445,interpolated,644,48540873.581308074,-0.5394186919257045,183.2624075831984
Default,5,19445,interpolated,645,48540883.60201891,-0.5293979810923338,183.4119704314578
Default,5,19445,interpolated,646,48540893.62272973,-0.5193772702664137,183.56153327960578
Default,5,19445,interpolated,647,48540903.64344057,-0.509356559433043,183.71109612786495
Default,5,19445,interpolated,648,48540913.6641514,-0.49933584859967234,183.86065897612434
Default,5,19445,interpolated,649,48540923.684862226,-0.48931513777375224,184.0175605699037
Default,5,19445,interpolated,650,48540933.70557306,-0.47929442694038155,184.27450187332352
Default,5,19445,interpolated,651,48540943.72628389,-0.46927371610701085,184.53144317674332
Default,5,19445,interpolated,652,48540953.74699472,-0.45925300528109075,184.78838447997214
Default,5,19445,interpolated,653,48540963.76770555,-0.44923229444772006,185.1767705552279
Default,5,19445,interpolated,654,48540973.788416386,-0.43921158361434937,186.89420819282532
Default,5,19445,interpolated,655,48540983.80912721,-0.42919087278842927,188.07084301477516
Default,5,19445,interpolated,656,48540993.829838045,-0.4191701619550586,188.1930468054261
Default,5,19445,interpolated,657,48541003.85054888,-0.4091494511216879,188.31525059607702
Default,5,19445,interpolated,658,48541013.87125971,-0.3991287402883172,188.43745438672795
Default,5,19445,interpolated,659,48541023.89197054,-0.3891080294623971,188.55965817728793
Default,5,19445,interpolated,660,48541033.91268137,-0.37908731862902645,188.68186196793863
Default,5,19445,interpolated,661,48541043.933392204,-0.36906660779565575,188.80406575858956
Default,5,19445,interpolated,662,48541053.95410303,-0.35904589696973566,188.92626954914954
Default,5,19445,interpolated,663,48541063.97481386,-0.34902518613636496,189.0446608299285
Default,5,19445,interpolated,664,48541073.9955247,-0.33900447530299427,189.15725308648325
Default,5,19445,interpolated,665,48541084.01623552,-0.32898376447707417,189.2698453429541
Default,5,19445,interpolated,666,48541094.03694636,-0.3189630536437035,189.38243759950888
Default,5,19445,interpolated,667,48541104.05765719,-0.3089423428103328,189.49502985606364
Default,5,19445,interpolated,668,48541114.078368016,-0.2989216319844127,189.60762211253473
Default,5,19445,interpolated,669,48541124.09907885,-0.288900921151042,189.7202143690895
Default,5,19445,interpolated,670,48541134.11978968,-0.2788802103176713,189.83280662564425
Default,5,19445,interpolated,671,48541144.14050051,-0.2688594994917512,189.94539888211511
Default,5,19445,interpolated,672,48541154.16121134,-0.2588387886583805,190.06072013343078
Default,5,19445,interpolated,673,48541164.181922175,-0.24881807782500984,190.1786108491176
Default,5,19445,interpolated,674,48541174.20263301,-0.23879736699163914,190.2965015648042
Default,5,19445,interpolated,675,48541184.223343834,-0.22877665616571904,190.41439228040326
Default,5,19445,interpolated,676,48541194.24405467,-0.21875594533234835,190.5322829960901
Default,5,19445,interpolated,677,48541204.2647655,-0.20873523449897766,190.6501737117767
Default,5,19445,interpolated,678,48541214.28547633,-0.19871452367305756,190.76806442737575
Default,5,19445,interpolated,679,48541224.30618716,-0.18869381283968686,190.88595514306257
Default,5,19445,interpolated,680,48541234.32689799,-0.1786731020063162,191.0466997133833
Default,5,19445,interpolated,681,48541244.34760882,-0.16865239118039607,192.03761358224278
Default,5,19445,interpolated,682,48541254.36831965,-0.1586316803470254,192.15020583879755
Default,5,19445,interpolated,683,48541264.38903049,-0.1486109695136547,192.26279809535208
Default,5,19445,interpolated,684,48541274.40974131,-0.1385902586877346,192.37539035182317
Default,5,19445,interpolated,685,48541284.430452146,-0.12856954785436392,192.48798260837793
Default,5,19445,interpolated,686,48541294.45116298,-0.11854883702099324,192.6005748649327
Default,5,19445,interpolated,687,48541304.471873805,-0.10852812619507313,192.71316712140379
Default,5,19445,interpolated,688,48541314.49258464,-0.09850741536170245,192.82575937795832
Default,5,19445,interpolated,689,48541324.51329547,-0.08848670452833175,192.93835163451308
Default,5,19445,interpolated,690,48541334.534006305,-0.07846599369496107,193.0588831987668
Default,5,19445,interpolated,691,48541344.55471713,-0.06844528286904097,193.18902230040203
Default,5,19445,interpolated,692,48541354.575427964,-0.05842457203567028,193.3191614021341
Default,5,19445,interpolated,693,48541364.5961388,-0.04840386120229959,193.4493005038662
Default,5,19445,interpolated,694,48541374.61684962,-0.03838315037637949,193.57943960550165
Default,5,19445,interpolated,695,48541384.63756046,-0.028362439543008804,193.70957870723373
Default,5,19445,interpolated,696,48541394.65827129,-0.01834172870963812,193.83971780896582
Default,5,19445,interpolated,697,48541404.67898212,-0.008321017883718014,193.96985691060104
Default,5,19445,interpolated,698,48541414.69969295,0.0016996929496526719,193.99083369886944
Default,5,19445,interpolated,699,48541424.72040378,0.011720403783023357,193.9789042812106
Default,5,19445,interpolated,700,48541434.74111461,0.021741114608943464,193.96697486356084
Default,5,19445,interpolated,701,48541444.76182544,0.03176182544231415,193.955045445902
Default,5,19445,interpolated,702,48541454.782536276,0.04178253627568483,193.94311602824314
Default,5,19445,interpolated,703,48541464.8032471,0.051803247101604936,193.9311866105934
Default,5,19445,interpolated,704,48541474.823957935,0.061823957934975624,193.91925719293454
Default,5,19445,interpolated,705,48541484.84466877,0.07184466876834632,193.9073277752757
Default,5,19445,interpolated,706,48541494.8653796,0.081865379601717,193.89539835761707
Default,5,19445,interpolated,707,48541504.88609043,0.0918860904276371,193.8834689399671
Default,5,19445,interpolated,708,48541514.90680126,0.10190680126100779,193.87153952230824
Default,5,19445,interpolated,709,48541524.927512094,0.11192751209437847,193.85961010464962
Default,5,19445,interpolated,710,48541534.94822292,0.12194822292029858,193.84768068699964
Default,5,19445,interpolated,711,48541544.96893375,0.13196893375366928,193.8357512693408
Default,5,19445,interpolated,712,48541554.98964459,0.14198964458703994,193.82382185168217
Default,5,19445,interpolated,713,48541565.01035541,0.15201035541296007,193.8118924340322
Default,5,19445,interpolated,714,48541575.03106625,0.16203106624633073,193.79996301637334
Default,5,19445,interpolated,715,48541585.05177708,0.17205177707970143,193.78803359871472
Default,5,19445,interpolated,716,48541595.072487906,0.18207248790562153,193.77610418106474
Default,5,19445,interpolated,717,48541605.09319874,0.19209319873899222,193.7641747634059
Default,5,19445,interpolated,718,48541615.11390957,0.20211390957236292,193.75224534574727
Default,5,19445,interpolated,719,48541625.1346204,0.212134620398283,193.7403159280973
Default,5,19445,interpolated,720,48541635.15533123,0.2221553312316537,193.72838651043844
Default,5,19445,interpolated,721,48541645.176042065,0.23217604206502437,193.71645709277982
Default,5,19445,interpolated,722,48541655.1967529,0.24219675289839507,193.70452767512097
Default,5,19445,interpolated,723,48541665.217463724,0.2522174637243152,193.692598257471
Default,5,19445,interpolated,724,48541675.23817456,0.26223817455768583,193.68066883981237
Default,5,19445,interpolated,725,48541685.25888539,0.2722588853910565,193.66873942215352
Default,5,19445,interpolated,726,48541695.27959622,0.2822795962169766,193.65681000450354
Default,5,19445,interpolated,727,48541705.30030705,0.2923003070503473,193.64488058684492
Default,5,19445,interpolated,728,48541715.32101788,0.302321017883718,193.63295116918607
Default,5,19445,interpolated,729,48541725.34172871,0.3123417287096381,193.6210217515361
Default,5,19445,interpolated,730,48541735.36243954,0.3223624395430088,193.60909233387747
Default,5,19445,interpolated,731,48541745.38315038,0.3323831503763795,193.59716291621862
Default,5,19445,interpolated,732,48541755.4038612,0.3424038612022996,193.58523349856864
Default,5,19445,interpolated,733,48541765.424572036,0.3524245720356703,193.57330408091002
Default,5,19445,interpolated,734,48541775.44528287,0.362445282869041,193.56137466325117
Default,5,19445,interpolated,735,48541785.465993695,0.3724659936949611,193.5494452456012
Default,5,19445,interpolated,736,48541795.48670453,0.3824867045283318,193.53751582794257
Default,5,19445,interpolated,737,48541805.50741536,0.39250741536170247,193.52558641028372
Default,5,19445,interpolated,738,48541815.528126195,0.4025281261950731,193.51365699262487
Default,5,19445,interpolated,739,48541825.54883702,0.41254883702099326,193.50172757497512
Default,5,19445,interpolated,740,48541835.569547854,0.4225695478543639,193.48979815731627
Default,5,19445,interpolated,741,48541845.59025869,0.4325902586877346,193.47786873965742
Default,5,19445,interpolated,742,48541855.61096951,0.4426109695136547,193.46593932200744
Default,5,19445,interpolated,743,48541865.63168035,0.4526316803470254,193.45400990434882
Default,5,19445,interpolated,744,48541875.65239118,0.4626523911803961,193.44208048668997
Default,5,19445,interpolated,745,48541885.67310201,0.4726731020063162,193.43015106904
Default,5,19445,interpolated,746,48541895.69381284,0.4826938128396869,193.41822165138137
Default,5,19445,interpolated,747,48541905.71452367,0.49271452367305757,193.40629223372252
Default,5,19445,interpolated,748,48541915.7352345,0.5027352344989777,193.39436281607254
Default,5,19445,interpolated,749,48541925.75594533,0.5127559453323484,193.38243339841392
Default,5,19445,interpolated,750,48541935.776656166,0.522776656165719,193.37050398075507
Default,5,19445,interpolated,751,48541945.79736699,0.5327973669916392,193.3585745631051
Default,5,19445,interpolated,752,48541955.818077825,0.5428180778250098,193.34664514544647
Default,5,19445,interpolated,753,48541965.83878866,0.5528387886583805,193.33471572778762
Default,5,19445,interpolated,754,48541975.85949949,0.5628594994917512,193.32278631012878
Default,5,19445,interpolated,755,48541985.88021032,0.5728802103176713,193.31085689247902
Default,5,19445,interpolated,756,48541995.90092115,0.582900921151042,193.29892747482018
Default,5,19445,interpolated,757,48542005.921631984,0.5929216319844127,193.28699805716133
Default,5,19445,interpolated,758,48542015.94234281,0.6029423428103328,193.27506863951157
Default,5,19445,interpolated,759,48542025.96305364,0.6129630536437035,193.26313922185273
Default,5,19445,interpolated,760,48542035.98376448,0.6229837644770742,193.25120980419388
Default,5,19445,interpolated,761,48542046.0044753,0.6330044753029943,193.23928038654412
Default,5,19445,interpolated,762,48542056.02518614,0.643025186136365,193.22735096888528
Default,5,19445,interpolated,763,48542066.04589697,0.6530458969697356,193.21542155122643
Default,5,19445,interpolated,764,48542076.066607796,0.6630666077956557,193.20349213357667
Default,5,19445,interpolated,765,48542086.08731863,0.6730873186290264,193.19156271591783
Default,5,19445,interpolated,766,48542096.10802946,0.6831080294623971,193.17963329825898
Default,5,19445,interpolated,767,48542106.12874029,0.6931287402883172,193.16770388060922
Default,5,19445,interpolated,768,48542116.14945112,0.7031494511216879,193.15577446295038
Default,5,19445,interpolated,769,48542126.170161955,0.7131701619550586,193.14384504529153
Default,5,19445,interpolated,770,48542136.19087279,0.7231908727884293,193.1319156276329
Default,5,19445,interpolated,771,48542146.211583614,0.7332115836143493,193.11998620998293
Default,5,19445,interpolated,772,48542156.23229445,0.7432322944477201,193.10805679232408
Default,5,19445,interpolated,773,48542166.25300528,0.7532530052810907,193.09612737466546
Default,5,19445,interpolated,774,48542176.27371611,0.7632737161070109,193.08419795701548
Default,5,19445,interpolated,775,48542186.29442694,0.7732944269403815,193.07226853935663
Default,5,19445,interpolated,776,48542196.315137774,0.7833151377737523,193.060339121698
Default,5,19445,interpolated,777,48542206.3358486,0.7933358485996723,193.04840970404803
Default,5,19445,interpolated,778,48542216.35655943,0.8033565594330431,193.03648028638918
Default,5,19445,interpolated,779,48542226.37727027,0.8133772702664137,193.02455086873056
Default,5,19445,interpolated,780,48542236.39798109,0.8233979810923339,193.01262145108058
Default,5,19445,interpolated,781,48542246.418691926,0.8334186919257045,193.00069203342173
Default,5,19445,interpolated,782,48542256.43940276,0.8434394027590751,192.69550313680406
Default,5,19445,interpolated,783,48542266.460113585,0.8534601135849953,192.37225440048405
Default,5,19445,interpolated,784,48542276.48082442,0.8634808244183659,192.0490056639237
Default,5,19445,interpolated,785,48542286.50153525,0.8735015352517367,191.86063056964372
Default,5,19445,interpolated,786,48542296.522246085,0.8835222460851073,191.69635662155565
Default,5,19445,interpolated,787,48542306.54295691,0.8935429569110275,191.53208267358968
Default,5,19445,interpolated,788,48542316.563667744,0.9035636677443981,191.36780872550162
Default,5,19445,interpolated,789,48542326.58437858,0.9135843785777689,191.20353477741355
Default,5,19445,interpolated,790,48542336.6050894,0.9236050894036889,191.0392608294478
Default,5,19445,interpolated,791,48542346.62580024,0.9336258002370597,190.41339998176454
Default,5,19445,interpolated,792,48542356.64651107,0.9436465110704303,189.2255814882617
Default,5,19445,interpolated,793,48542366.6672219,0.9536672218963504,188.92654896698014
Default,5,19445,interpolated,794,48542376.68793273,0.9636879327297211,188.84162768873125
Default,5,19445,interpolated,795,48542386.70864356,0.9737086435630917,188.75670641048237
Default,5,19445,interpolated,796,48542396.72935439,0.9837293543890119,188.67178513229646
Default,5,19445,interpolated,797,48542406.75006522,0.9937500652223825,188.58686385404758
Default,5,19445,interpolated,798,48542416.770776056,1.0037707760557533,188.5019425757987
Default,5,19445,interpolated,799,48542426.79148688,1.0137914868816733,188.41702129761302
Default,5,19445,interpolated,800,48542436.812197715,1.023812197715044,188.33210001936413
Default,5,19445,interpolated,801,48542446.83290855,1.0338329085484148,188.24717874111502
Default,5,19445,interpolated,802,48542456.85361938,1.0438536193817853,188.16225746286614
Default,5,19445,interpolated,803,48542466.87433021,1.0538743302077056,188.07733618468046
Default,5,19445,interpolated,804,48542476.89504104,1.0638950410410761,187.96419835835695
Default,5,19445,interpolated,805,48542486.915751874,1.0739157518744469,187.56336992502202
Default,5,19445,interpolated,806,48542496.9364627,1.083936462700367,187.1625414919854
Default,5,19445,interpolated,807,48542506.957173534,1.0939571735337377,186.00713774437713
Default,5,19445,interpolated,808,48542516.97788437,1.1039778843671084,185.7782692362864
Default,5,19445,interpolated,809,48542526.99859519,1.1139985951930285,185.55558677348836
Default,5,19445,interpolated,810,48542537.01930603,1.1240193060263992,185.33290431052455
Default,5,19445,interpolated,811,48542547.04001686,1.1340400168597697,185.11022184756075
Default,5,19445,interpolated,812,48542557.060727686,1.14406072768569,184.8765676174221
Default,5,19445,interpolated,813,48542567.08143852,1.1540814385190605,184.63216003612047
Default,5,19445,interpolated,814,48542577.10214935,1.1641021493524313,184.38775245481884
Default,5,19445,interpolated,815,48542587.12286018,1.1741228601783513,184.14334487369865
Default,5,19445,interpolated,816,48542597.14357101,1.184143571011722,183.85201532100996
Default,5,19445,interpolated,817,48542607.164281845,1.1941642818450928,183.49413279124678
Default,5,19445,interpolated,818,48542617.18499268,1.2041849926784636,183.13625026148338
Default,5,19445,interpolated,819,48542627.205703504,1.2142057035043836,182.61214353097603
Default,5,19445,interpolated,820,48542637.22641434,1.2242264143377544,181.92452855408192
Default,5,19445,interpolated,821,48542647.24712517,1.234247125171125,179.9567860544014
Default,5,19445,interpolated,822,48542657.267836,1.2442678359970452,179.76408007698
Default,5,19445,interpolated,823,48542667.28854683,1.2542885468304157,179.57137409941515
Default,5,19445,interpolated,824,48542677.309257664,1.2643092576637864,179.3786681218503
Default,5,19445,interpolated,825,48542687.32996849,1.2743299684897065,179.1859621444287
Default,5,19445,interpolated,826,48542697.35067932,1.2843506793230772,178.99077159676108
Default,5,19445,interpolated,827,48542707.37139016,1.294371390156448,178.72706868009345
Default,5,19445,interpolated,828,48542717.39210098,1.304392100982368,178.46336576362182
Default,5,19445,interpolated,829,48542727.412811816,1.3144128118157388,178.1996628469542
Default,5,19445,interpolated,830,48542737.43352265,1.3244335226491093,177.9751681362336
Default,5,19445,interpolated,831,48542747.454233475,1.3344542334750296,177.87291598494858
Default,5,19445,interpolated,832,48542757.47494431,1.3444749443084,177.77066383358783
Default,5,19445,interpolated,833,48542767.49565514,1.3544956551417708,177.66841168222686
Default,5,19445,interpolated,834,48542777.516365975,1.3645163659751416,177.5661595308659
Default,5,19445,interpolated,835,48542787.5370768,1.3745370768010616,177.4639073795811
Default,5,19445,interpolated,836,48542797.557787634,1.3845577876344324,177.36165522822012
Default,5,19445,interpolated,837,48542807.57849847,1.3945784984678031,177.25940307685914
Default,5,19445,interpolated,838,48542817.59920929,1.4045992092937232,177.15715092557434
Default,5,19445,interpolated,839,48542827.61992013,1.414619920127094,177.05489877421337
Default,5,19445,interpolated,840,48542837.64063096,1.4246406309604644,176.983886698054
Default,5,19445,interpolated,841,48542847.66134179,1.4346613417863847,176.94909256324172
Default,5,19445,interpolated,842,48542857.68205262,1.4446820526197552,176.91429842840353
Default,5,19445,interpolated,843,48542867.70276345,1.454702763453126,176.87950429356556
Default,5,19445,interpolated,844,48542877.72347428,1.464723474279046,176.8447101587533
Default,5,19445,interpolated,845,48542887.74418511,1.4747441851124168,176.80991602391532
Default,5,19445,interpolated,846,48542897.764895946,1.4847648959457875,176.77512188907713
Default,5,19445,interpolated,847,48542907.78560677,1.4947856067717076,176.74032775426485
Default,5,19445,interpolated,848,48542917.806317605,1.5048063176050783,176.7055336194269
Default,5,19445,interpolated,849,48542927.82702844,1.5148270284384489,176.6707394845887
Default,5,19445,interpolated,850,48542937.84773927,1.5248477392718196,176.63594534975073
Default,5,19445,interpolated,851,48542947.8684501,1.5348684500977396,176.60115121493845
Default,5,19445,interpolated,852,48542957.88916093,1.5448891609311104,176.56635708010026
Default,5,19445,interpolated,853,48542967.909871764,1.5549098717644811,176.5315629452623
Default,5,19445,interpolated,854,48542977.93058259,1.5649305825904012,176.49676881045002
Default,5,19445,interpolated,855,48542987.951293424,1.574951293423772,176.46197467561183
Default,5,19445,interpolated,856,48542997.97200426,1.5849720042571427,176.42718054077386
Default,5,19445,interpolated,857,48543007.99271508,1.5949927150830627,176.3923864059616
Default,5,19445,interpolated,858,48543018.01342592,1.6050134259164335,176.3575922711234
Default,5,19445,interpolated,859,48543028.03413675,1.615034136749804,176.32279813628543
Default,5,19445,interpolated,860,48543038.054847576,1.625054847575724,176.28800400147315
Default,5,19445,interpolated,861,48543048.07555841,1.6350755584090948,176.2532098666352
Default,5,19445,interpolated,862,48543058.09626924,1.6450962692424655,176.218415731797
Default,5,19445,interpolated,863,48543068.11698007,1.6551169800683856,176.18362159698472
Default,5,19445,interpolated,864,48543078.1376909,1.6651376909017563,176.14882746214676
Default,5,19445,interpolated,865,48543088.158401735,1.675158401735127,176.11403332730856
Default,5,19445,interpolated,866,48543098.17911257,1.6851791125684976,176.0792391924706
Default,5,19445,interpolated,867,48543108.199823394,1.6951998233944179,176.04444505765832
Default,5,19445,interpolated,868,48543118.22053423,1.7052205342277884,176.00965092282013
Default,5,19445,interpolated,869,48543128.24124506,1.7152412450611592,175.86337273469508
Default,5,19445,interpolated,870,48543138.26195589,1.7252619558870792,175.67430271911167
Default,5,19445,interpolated,871,48543148.28266672,1.73528266672045,175.48523270338774
Default,5,19445,interpolated,872,48543158.303377554,1.7453033775538207,175.2961626876638
Default,5,19445,interpolated,873,48543168.32408838,1.7553240883797407,175.1070926720804
Default,5,19445,interpolated,874,48543178.34479921,1.7653447992131115,174.97880585749704
Default,5,19445,interpolated,875,48543188.36551005,1.775365510046482,174.92992434123676
Default,5,19445,interpolated,876,48543198.38622087,1.7853862208724023,174.88104282501263
Default,5,19445,interpolated,877,48543208.406931706,1.7954069317057728,174.83216130875235
Default,5,19445,interpolated,878,48543218.42764254,1.8054276425391436,174.78327979249207
Default,5,19445,interpolated,879,48543228.448353365,1.8154483533650636,174.73439827626794
Default,5,19445,interpolated,880,48543238.4690642,1.8254690641984344,174.68551676000766
Default,5,19445,interpolated,881,48543248.48977503,1.835489775031805,174.63663524374738
Default,5,19445,interpolated,882,48543258.510485865,1.8455104858651759,174.58775372748687
Default,5,19445,interpolated,883,48543268.53119669,1.855531196691096,174.53887221126297
Default,5,19445,interpolated,884,48543278.551907524,1.8655519075244666,174.4899906950027
Default,5,19445,interpolated,885,48543288.57261836,1.8755726183578372,174.44110917874218
Default,5,19445,interpolated,886,48543298.593329184,1.8855933291837574,174.39222766251828
Default,5,19445,interpolated,887,48543308.61404002,1.895614040017128,174.343346146258
Default,5,19445,interpolated,888,48543318.63475085,1.9056347508504987,174.2944646299975
Default,5,19445,interpolated,889,48543328.65546168,1.9156554616764188,174.2455831137736
Default,5,19445,interpolated,890,48543338.67617251,1.9256761725097895,174.1967015975133
Default,5,19445,interpolated,891,48543348.69688334,1.9356968833431603,174.1478200812528
Default,5,19445,interpolated,892,48543358.71759417,1.9457175941690803,174.0989385650289
Default,5,19445,interpolated,893,48543368.738305,1.955738305002451,174.05005704876862
Default,5,19445,interpolated,894,48543378.759015836,1.9657590158358216,174.0011755325081
Default,5,19445,interpolated,895,48543388.77972666,1.9757797266617418,173.83424192098732
Default,5,19445,interpolated,896,48543398.800437495,1.9858004374951124,173.66439936448955
Default,5,19445,interpolated,897,48543408.82114833,1.9958211483284831,173.49455680799178
Default,5,19445,interpolated,898,48543418.84185916,2.005841859161854,173.32471425149402
Default,5,19445,interpolated,899,48543428.86256999,2.015862569987774,173.15487169512244
Default,5,19445,interpolated,900,48543438.88328082,2.0258832808211444,172.98394034870648
Default,5,19445,interpolated,901,48543448.903991655,2.035903991654515,172.80174560628143
Default,5,19445,interpolated,902,48543458.92470248,2.0459247024804355,172.61955086399212
Default,5,19445,interpolated,903,48543468.945413314,2.055945413313806,172.43735612156706
Default,5,19445,interpolated,904,48543478.96612415,2.065966124147177,172.25516137914224
Default,5,19445,interpolated,905,48543488.98683497,2.0759868349730968,172.0729666368527
Default,5,19445,interpolated,906,48543499.00754581,2.0860075458064675,171.92395511637392
Default,5,19445,interpolated,907,48543509.02825664,2.0960282566398383,171.79711067544508
Default,5,19445,interpolated,908,48543519.048967466,2.1060489674657585,171.6702662346106
Default,5,19445,interpolated,909,48543529.0696783,2.116069678299129,171.543421793682
Default,5,19445,interpolated,910,48543539.09038913,2.1260903891324996,171.41657735275317
Default,5,19445,interpolated,911,48543549.11109996,2.13611109995842,171.2897329119187
Default,5,19445,interpolated,912,48543559.13181079,2.1461318107917906,171.16288847099008
Default,5,19445,interpolated,913,48543569.152521625,2.1561525216251614,171.03604403006125
Default,5,19445,interpolated,914,48543579.17323246,2.166173232458532,170.8007435428185
Default,5,19445,interpolated,915,48543589.193943284,2.176193943284452,170.52239046432078
Default,5,19445,interpolated,916,48543599.21465412,2.1862146541178227,170.24403738561614
Default,5,19445,interpolated,917,48543609.23536495,2.1962353649511934,169.97624298170786
Default,5,19445,interpolated,918,48543619.25607578,2.2062560757771137,169.78353700428625
Default,5,19445,interpolated,919,48543629.27678661,2.216276786610484,169.5908310267214
Default,5,19445,interpolated,920,48543639.297497444,2.2262974974438547,169.39812504915653
Default,5,19445,interpolated,921,48543649.31820827,2.236318208269775,169.20541907173515
Default,5,19445,interpolated,922,48543659.3389191,2.2463389191031458,169.0127130941703
Default,5,19445,interpolated,923,48543669.35962994,2.2563596299365165,168.33145500453452
Default,5,19445,interpolated,924,48543679.38034076,2.2663803407624363,167.846275978216
Default,5,19445,interpolated,925,48543689.401051596,2.276401051595807,167.55996995440546
Default,5,19445,interpolated,926,48543699.42176243,2.286421762429178,167.27366393059492
Default,5,19445,interpolated,927,48543709.442473255,2.296442473255098,166.77876337245107
Default,5,19445,interpolated,928,48543719.46318409,2.3064631840884684,165.77728462925074
Default,5,19445,interpolated,929,48543729.48389492,2.316483894921839,165.51358171258312
Default,5,19445,interpolated,930,48543739.504605755,2.32650460575521,165.2498787959155
Default,5,19445,interpolated,931,48543749.52531658,2.33652531658113,164.98054383032854
Default,5,19445,interpolated,932,48543759.546027415,2.346546027414501,164.60940639205546
Default,5,19445,interpolated,933,48543769.56673825,2.3565667382478717,164.2382689537826
Default,5,19445,interpolated,934,48543779.587449074,2.3665874490737915,163.93231228162654
Default,5,19445,interpolated,935,48543789.60815991,2.3766081599071622,163.7432422659026
Default,5,19445,interpolated,936,48543799.62887074,2.386628870740533,163.55417225017868
Default,5,19445,interpolated,937,48543809.64958157,2.3966495815664532,163.36510223459527
Default,5,19445,interpolated,938,48543819.6702924,2.4066702923998236,163.17603221887134
Default,5,19445,interpolated,939,48543829.69100323,2.4166910032331943,162.9670950841337
Default,5,19445,interpolated,940,48543839.71171406,2.4267117140591146,162.48991837813742
Default,5,19445,interpolated,941,48543849.73242489,2.4367324248924853,162.01274167178644
Default,5,19445,interpolated,942,48543859.753135726,2.446753135725856,161.9514769366872
Default,5,19445,interpolated,943,48543869.77384655,2.456773846551776,161.90162265397134
Default,5,19445,interpolated,944,48543879.794557385,2.4667945573851466,161.8517683712182
Default,5,19445,interpolated,945,48543889.81526822,2.4768152682185174,161.80191408846508
Default,5,19445,interpolated,946,48543899.83597905,2.486835979051888,161.75205980571195
Default,5,19445,interpolated,947,48543909.85668988,2.496856689877808,161.70220552299588
Default,5,19445,interpolated,948,48543919.87740071,2.5068774007111787,161.65235124024298
Default,5,19445,interpolated,949,48543929.898111545,2.5168981115445495,161.60249695748985
Default,5,19445,interpolated,950,48543939.91882237,2.5269188223704697,161.55264267477378
Default,5,19445,interpolated,951,48543949.939533204,2.5369395332038405,161.50278839202065
Default,5,19445,interpolated,952,48543959.96024404,2.5469602440372108,161.45293410926752
Default,5,19445,interpolated,953,48543969.98095486,2.556980954863131,161.40307982655168
Default,5,19445,interpolated,954,48543980.0016657,2.567001665696502,161.35322554379854
Default,5,19445,interpolated,955,48543990.02237653,2.5770223765298725,161.3033712610454
Default,5,19445,interpolated,956,48544000.043087356,2.5870430873557924,161.25351697832934
Default,5,19445,interpolated,957,48544010.06379819,2.597063798189163,161.2036626955762
Default,5,19445,interpolated,958,48544020.08450902,2.607084509022534,161.1538084128233
Default,5,19445,interpolated,959,48544030.10521985,2.617105219848454,161.10395413010724
Default,5,19445,interpolated,960,48544040.12593068,2.627125930681825,161.0540998473541
Default,5,19445,interpolated,961,48544050.146641515,2.6371466415151956,161.00424556460098
Default,5,19445,interpolated,962,48544060.16735235,2.647167352348566,160.8419422008867
Default,5,19445,interpolated,963,48544070.188063174,2.657188063174486,160.66917132457775
Default,5,19445,interpolated,964,48544080.20877401,2.667208774007857,160.49640044814032
Default,5,19445,interpolated,965,48544090.22948484,2.6772294848412277,160.3236295717029
Default,5,19445,interpolated,966,48544100.25019567,2.6872501956671475,160.15085869539394
Default,5,19445,interpolated,967,48544110.2709065,2.6972709065005183,158.9548489165802
Default,5,19445,interpolated,968,48544120.291617334,2.707291617333889,157.83493779485048
Default,5,19445,interpolated,969,48544130.31232816,2.7173123281598093,157.44952584000725
Default,5,19445,interpolated,970,48544140.33303899,2.72733303899318,157.06411388487777
Default,5,19445,interpolated,971,48544150.35374983,2.7373537498265503,156.9415821690452
Default,5,19445,interpolated,972,48544160.37446065,2.7473744606524706,156.87150726816458
Default,5,19445,interpolated,973,48544170.395171486,2.7573951714858413,156.80143236723188
Default,5,19445,interpolated,974,48544180.41588232,2.767415882319212,156.7313574662992
Default,5,19445,interpolated,975,48544190.436593145,2.777436593145132,156.66128256541856
Default,5,19445,interpolated,976,48544200.45730398,2.7874573039785027,156.5912076644861
Default,5,19445,interpolated,977,48544210.47801481,2.7974780148118734,156.5211327635534
Default,5,19445,interpolated,978,48544220.498725645,2.807498725645244,156.4510578626207
Default,5,19445,interpolated,979,48544230.51943647,2.8175194364711644,156.38098296174007
Default,5,19445,interpolated,980,48544240.540147305,2.827540147304535,156.31090806080738
Default,5,19445,interpolated,981,48544250.56085814,2.8375608581379055,156.24083315987468
Default,5,19445,interpolated,982,48544260.581568964,2.8475815689638257,156.17075825899428
Default,5,19445,interpolated,983,48544270.6022798,2.8576022797971965,156.1006833580616
Default,5,19445,interpolated,984,48544280.62299063,2.8676229906305672,156.0306084571289
Default,5,19445,interpolated,985,48544290.64370146,2.877643701456487,155.8717340578071
Default,5,19445,interpolated,986,48544300.66441229,2.887664412289858,155.643990629776
Default,5,19445,interpolated,987,48544310.68512312,2.8976851231232286,155.4162472017449
Default,5,19445,interpolated,988,48544320.70583395,2.907705833949149,155.18850377388299
Default,5,19445,interpolated,989,48544330.72654478,2.9177265447825196,154.42448507249355
Default,5,19445,interpolated,990,48544340.747255616,2.92774725561589,153.86332413100172
Default,5,19445,interpolated,991,48544350.76796644,2.93776796644181,153.70675052434672
Default,5,19445,interpolated,992,48544360.788677275,2.947788677275181,153.5501769175753
Default,5,19445,interpolated,993,48544370.80938811,2.9578093881085517,153.39360331080388
Default,5,19445,interpolated,994,48544380.83009894,2.9678300989419224,153.23702970403247
Default,5,19445,interpolated,995,48544390.85080977,2.977850809767842,153.08045609737746
Default,5,19445,interpolated,996,48544400.8715206,2.987871520601213,152.79701997494954
Default,5,19445,interpolated,997,48544410.892231435,2.9978922314345837,152.37949035689235
Default,5,19445,interpolated,998,48544420.91294226,3.007912942260504,151.99370384647932
Default,5,19445,interpolated,999,48544430.933653094,3.0179336530938747,151.9245954959042
Default,5,19445,interpolated,1000,48544440.95436393,3.027954363927245,151.85548714532933
Default,5,19445,interpolated,1001,48544450.97507475,3.0379750747531653,151.78637879480584
Default,5,19445,interpolated,1002,48544460.99578559,3.047995785586536,151.71727044423073
Default,5,19445,interpolated,1003,48544471.01649642,3.058016496419907,151.64816209365586
Default,5,19445,interpolated,1004,48544481.037207246,3.0680372072458266,151.57905374313214
Default,5,19445,interpolated,1005,48544491.05791808,3.0780579180791974,151.50994539255726
Default,5,19445,interpolated,1006,48544501.07862891,3.088078628912568,151.44083704198238
Default,5,19445,interpolated,1007,48544511.09933974,3.0980993397384884,151.37172869145866
Default,5,19445,interpolated,1008,48544521.12005057,3.108120050571859,151.30262034088378
Default,5,19445,interpolated,1009,48544531.140761405,3.1181407614052294,151.23351199030867
Default,5,19445,interpolated,1010,48544541.16147224,3.1281614722386,151.1644036397338
Default,5,19445,interpolated,1011,48544551.182183065,3.1381821830645205,151.0952952892103
Default,5,19445,interpolated,1012,48544561.2028939,3.148202893897891,151.0261869386352
Default,5,19445,interpolated,1013,48544571.22360473,3.158223604731262,150.61102470429614
Default,5,19445,interpolated,1014,48544581.24431556,3.168244315557182,149.9969073980103
Default,5,19445,interpolated,1015,48544591.26502639,3.1782650263905525,149.8700629570817
Default,5,19445,interpolated,1016,48544601.285737224,3.1882857372239233,149.74321851615287
Default,5,19445,interpolated,1017,48544611.30644805,3.1983064480498435,149.6163740753184
Default,5,19445,interpolated,1018,48544621.32715888,3.208327158883214,149.48952963438978
Default,5,19445,interpolated,1019,48544631.34786972,3.2183478697165846,149.36268519346095
Default,5,19445,interpolated,1020,48544641.36858054,3.228368580542505,149.23584075262647
Default,5,19445,interpolated,1021,48544651.389291376,3.2383892913758756,149.10899631169787
Default,5,19445,interpolated,1022,48544661.41000221,3.2484100022092464,148.96189183218257
Default,5,19445,interpolated,1023,48544671.430713035,3.258430713035166,148.69106180986046
Default,5,19445,interpolated,1024,48544681.45142387,3.268451423868537,148.4202317873369
Default,5,19445,interpolated,1025,48544691.4721347,3.2784721347019077,148.14940176481332
Default,5,19445,interpolated,1026,48544701.492845535,3.2884928455352784,147.98151092372314
Default,5,19445,interpolated,1027,48544711.51355636,3.2985135563611987,147.94027343061225
Default,5,19445,interpolated,1028,48544721.534267195,3.308534267194569,147.8990359374709
Default,5,19445,interpolated,1029,48544731.55497803,3.3185549780279398,147.85779844432955
Default,5,19445,interpolated,1030,48544741.575688854,3.32857568885386,147.81656095121866
Default,5,19445,interpolated,1031,48544751.59639969,3.3385963996872308,147.7753234580773
Default,5,19445,interpolated,1032,48544761.61711052,3.3486171105206015,147.73408596493573
Default,5,19445,interpolated,1033,48544771.63782135,3.3586378213465213,147.69284847182507
Default,5,19445,interpolated,1034,48544781.65853218,3.368658532179892,147.6516109786835
Default,5,19445,interpolated,1035,48544791.67924301,3.378679243013263,147.61037348554214
Default,5,19445,interpolated,1036,48544801.69995384,3.388699953839183,147.56913599243126
Default,5,19445,interpolated,1037,48544811.72066467,3.3987206646725534,147.5278984992899
Default,5,19445,interpolated,1038,48544821.741375506,3.408741375505924,147.48666100614855
Default,5,19445,interpolated,1039,48544831.76208633,3.4187620863318444,147.44542351303767
Default,5,19445,interpolated,1040,48544841.782797165,3.428782797165215,147.40418601989631
Default,5,19445,interpolated,1041,48544851.803508,3.438803507998586,147.36294852675474
Default,5,19445,interpolated,1042,48544861.82421883,3.4488242188319567,147.32171103361338
Default,5,19445,interpolated,1043,48544871.84492966,3.4588449296578765,147.2804735405025
Default,5,19445,interpolated,1044,48544881.86564049,3.4688656404912472,147.23923604736115
Default,5,19445,interpolated,1045,48544891.886351325,3.478886351324618,147.19799855421957
Default,5,19445,interpolated,1046,48544901.90706215,3.4889070621505383,147.1567610611089
Default,5,19445,interpolated,1047,48544911.927772984,3.4989277729839086,147.11552356796756
Default,5,19445,interpolated,1048,48544921.94848382,3.5089484838172793,147.07428607482598
Default,5,19445,interpolated,1049,48544931.96919464,3.5189691946431996,147.03304858171532
Default,5,19445,interpolated,1050,48544941.98990548,3.5289899054765703,146.92629979716412
Default,5,19445,interpolated,1051,48544952.01061631,3.539010616309941,146.55516235889104
Default,5,19445,interpolated,1052,48544962.031327136,3.549031327135861,146.184024920894
Default,5,19445,interpolated,1053,48544972.05203797,3.5590520379692316,145.54072382097888
Default,5,19445,interpolated,1054,48544982.0727488,3.5690727488026024,144.98798599173278
Default,5,19445,interpolated,1055,48544992.09345963,3.5790934596285227,144.95842637277724
Default,5,19445,interpolated,1056,48545002.11417046,3.589114170461893,144.92886675379964
Default,5,19445,interpolated,1057,48545012.134881295,3.5991348812952637,144.89930713482227
Default,5,19445,interpolated,1058,48545022.15559213,3.6091555921286345,144.86974751584467
Default,5,19445,interpolated,1059,48545032.176302955,3.6191763029545547,144.84018789688912
Default,5,19445,interpolated,1060,48545042.19701379,3.6291970137879255,144.81062827791175
Default,5,19445,interpolated,1061,48545052.21772462,3.6392177246212962,144.78106865893415
Default,5,19445,interpolated,1062,48545062.23843545,3.649238435447216,144.7515090399786
Default,5,19445,interpolated,1063,48545072.25914628,3.659259146280587,144.72194942100123
Default,5,19445,interpolated,1064,48545082.279857114,3.6692798571139575,144.69238980202363
Default,5,19445,interpolated,1065,48545092.30056794,3.679300567939878,144.6628301830683
Default,5,19445,interpolated,1066,48545102.32127877,3.689321278773248,144.6332705640907
Default,5,19445,interpolated,1067,48545112.34198961,3.699341989606619,144.6037109451131
Default,5,19445,interpolated,1068,48545122.36270043,3.709362700432539,144.5741513261578
Default,5,19445,interpolated,1069,48545132.383411266,3.71938341126591,144.5445917071802
Default,5,19445,interpolated,1070,48545142.4041221,3.7294041220992806,144.51503208820282
Default,5,19445,interpolated,1071,48545152.424832925,3.7394248329252004,144.48547246924727
Default,5,19445,interpolated,1072,48545162.44554376,3.749445543758571,144.45591285026967
Default,5,19445,interpolated,1073,48545172.46625459,3.759466254591942,144.4263532312923
Default,5,19445,interpolated,1074,48545182.486965425,3.7694869654253127,144.3967936123147
Default,5,19445,interpolated,1075,48545192.50767625,3.7795076762512325,144.36723399335915
Default,5,19445,interpolated,1076,48545202.528387085,3.7895283870846033,144.33767437438178
Default,5,19445,interpolated,1077,48545212.54909792,3.799549097917974,144.30811475540418
Default,5,19445,interpolated,1078,48545222.569808744,3.8095698087438943,144.27855513644863
Default,5,19445,interpolated,1079,48545232.59051958,3.819590519577265,144.24899551747126
Default,5,19445,interpolated,1080,48545242.61123041,3.8296112304106353,144.21943589849366
Default,5,19445,interpolated,1081,48545252.63194124,3.8396319412365556,144.1898762795381
Default,5,19445,interpolated,1082,48545262.65265207,3.8496526520699264,144.16031666056074
Default,5,19445,interpolated,1083,48545272.6733629,3.859673362903297,144.13075704158314
Default,5,19445,interpolated,1084,48545282.69407373,3.869694073729217,144.1011974226276
Default,5,19445,interpolated,1085,48545292.71478456,3.8797147845625877,144.07163780365022
Default,5,19445,interpolated,1086,48545302.735495396,3.8897354953959584,144.04207818467262
Default,5,19445,interpolated,1087,48545312.75620622,3.8997562062218787,144.01251856571707
Default,5,19445,interpolated,1088,48545322.776917055,3.9097769170552494,143.737412861125
Default,5,19445,interpolated,1089,48545332.79762789,3.91979762788862,143.28192600506281
Default,5,19445,interpolated,1090,48545342.81833872,3.9298183387219905,142.97685855320015
Default,5,19445,interpolated,1091,48545352.83904955,3.9398390495479108,142.9161269724368
Default,5,19445,interpolated,1092,48545362.85976038,3.9498597603812815,142.8553953916287
Default,5,19445,interpolated,1093,48545372.880471215,3.9598804712146523,142.79466381082034
Default,5,19445,interpolated,1094,48545382.90118204,3.969901182040572,142.73393223005723
Default,5,19445,interpolated,1095,48545392.921892874,3.979921892873943,142.67320064924888
Default,5,19445,interpolated,1096,48545402.94260371,3.9899426037073136,142.61246906844053
Default,5,19445,interpolated,1097,48545412.96331453,3.999963314533234,142.55173748767743
Default,5,19445,interpolated,1098,48545422.98402537,4.009984025366604,142.49100590686908
Default,5,19445,interpolated,1099,48545433.0047362,4.020004736199975,142.43027432606073
Default,5,19445,interpolated,1100,48545443.025447026,4.030025447025896,142.36954274529762
Default,5,19445,interpolated,1101,48545453.04615786,4.0400461578592655,142.30881116448927
Default,5,19445,interpolated,1102,48545463.06686869,4.050066868692636,142.24807958368092
Default,5,19445,interpolated,1103,48545473.08757952,4.060087579518557,142.18734800291782
Default,5,19445,interpolated,1104,48545483.10829035,4.070108290351928,142.12661642210946
Default,5,19445,interpolated,1105,48545493.129001185,4.080129001185298,142.0658848413011
Default,5,19445,interpolated,1106,48545503.14971202,4.090149712018669,142.005153260493
Default,5,19445,interpolated,1107,48545513.170422845,4.100170422844589,141.56331319787682
Default,5,19445,interpolated,1108,48545523.19113368,4.11019113367796,141.08613649152585
Default,5,19445,interpolated,1109,48545533.21184451,4.1202118445113305,140.58940777443354
Default,5,19445,interpolated,1110,48545543.23255534,4.13023255533725,140.08837223313753
Default,5,19445,interpolated,1111,48545553.25326617,4.140253266170621,139.80806357742745
Default,5,19445,interpolated,1112,48545563.273977004,4.150273977003992,139.57502379060475
Default,5,19445,interpolated,1113,48545573.29468783,4.160294687829912,139.34198400395553
Default,5,19445,interpolated,1114,48545583.31539866,4.170315398663282,139.10894421713306
Default,5,19445,interpolated,1115,48545593.3361095,4.180336109496653,138.94609990407412
Default,5,19445,interpolated,1116,48545603.35682032,4.190356820322573,138.84488060280228
Default,5,19445,interpolated,1117,48545613.377531156,4.200377531155944,138.74366130145518
Default,5,19445,interpolated,1118,48545623.39824199,4.2103982419893144,138.64244200010785
Default,5,19445,interpolated,1119,48545633.418952815,4.220418952815235,138.541222698836
Default,5,19445,interpolated,1120,48545643.43966365,4.230439663648605,138.4400033974889
Default,5,19445,interpolated,1121,48545653.46037448,4.240460374481976,138.33878409614158
Default,5,19445,interpolated,1122,48545663.481085315,4.2504810853153465,138.23756479479448
Default,5,19445,interpolated,1123,48545673.50179614,4.260501796141267,138.13634549352264
Default,5,19445,interpolated,1124,48545683.522506975,4.270522506974638,138.0351261921753
Default,5,19445,interpolated,1125,48545693.54321781,4.280543217808009,137.2729757991101
Default,5,19445,interpolated,1126,48545703.563928634,4.2905639286339285,136.24360713660712
Default,5,19445,interpolated,1127,48545713.58463947,4.300584639467299,135.6388266920335
Default,5,19445,interpolated,1128,48545723.6053503,4.31060535030067,135.1616499856823
Default,5,19445,interpolated,1129,48545733.62606113,4.32062606112659,134.4903029902623
Default,5,19445,interpolated,1130,48545743.64677196,4.330646771959961,133.77207675250247
Default,5,19445,interpolated,1131,48545753.66748279,4.340667482793331,133.1457823254168
Default,5,19445,interpolated,1132,48545763.68819362,4.350688193619251,132.73488987519818
Default,5,19445,interpolated,1133,48545773.70890445,4.360708904452622,132.38934812232333
Default,5,19445,interpolated,1134,48545783.729615286,4.370729615285993,132.04380636944848
Default,5,19445,interpolated,1135,48545793.75032611,4.3807503261119125,131.79650404390895
Default,5,19445,interpolated,1136,48545803.771036945,4.390771036945283,131.56346425708648
Default,5,19445,interpolated,1137,48545813.79174778,4.400791747778654,131.33042447026378
Default,5,19445,interpolated,1138,48545823.81245861,4.410812458612025,131.0973846834413
Default,5,19445,interpolated,1139,48545833.83316944,4.420833169437945,130.8994281131388
Default,5,19445,interpolated,1140,48545843.85388027,4.430853880271315,130.72665723670139
Default,5,19445,interpolated,1141,48545853.874591105,4.440874591104686,130.55388636026396
Default,5,19445,interpolated,1142,48545863.89530193,4.450895301930607,130.381115483955
Default,5,19445,interpolated,1143,48545873.916012764,4.4609160127639775,130.20834460751757
Default,5,19445,interpolated,1144,48545883.9367236,4.470936723597347,130.03557373108015
Default,5,19445,interpolated,1145,48545893.95743442,4.480957434423268,129.43161182690937
Default,5,19445,interpolated,1146,48545903.97814526,4.490978145256639,128.98669516636573
Default,5,19445,interpolated,1147,48545913.99885609,4.50099885609001,128.95318108331094
Default,5,19445,interpolated,1148,48545924.019566916,4.511019566915929,128.91966700028115
Default,5,19445,interpolated,1149,48545934.04027775,4.5210402777493,128.88615291722635
Default,5,19445,interpolated,1150,48545944.06098858,4.531060988582671,128.85263883417156
Default,5,19445,interpolated,1151,48545954.08169941,4.541081699408591,128.81912475114177
Default,5,19445,interpolated,1152,48545964.10241024,4.5511024102419615,128.78561066808697
Default,5,19445,interpolated,1153,48545974.123121075,4.561123121075332,128.7520965850324
Default,5,19445,interpolated,1154,48545984.14383191,4.571143831908703,128.7185825019776
Default,5,19445,interpolated,1155,48545994.164542735,4.581164542734623,128.68506841894782
Default,5,19445,interpolated,1156,48546004.18525357,4.591185253567994,128.65155433589302
Default,5,19445,interpolated,1157,48546014.2059644,4.601205964401364,128.61804025283823
Default,5,19445,interpolated,1158,48546024.22667523,4.611226675227284,128.58452616980844
Default,5,19445,interpolated,1159,48546034.24738606,4.621247386060655,128.55101208675364
Default,5,19445,interpolated,1160,48546044.268096894,4.631268096894026,128.51749800369885
Default,5,19445,interpolated,1161,48546054.28880772,4.641288807719946,128.48398392066906
Default,5,19445,interpolated,1162,48546064.30951855,4.651309518553317,128.45046983761426
Default,5,19445,interpolated,1163,48546074.33022939,4.661330229386687,128.41695575455947
Default,5,19445,interpolated,1164,48546084.35094021,4.671350940212608,128.38344167152968
Default,5,19445,interpolated,1165,48546094.371651046,4.681371651045978,128.34992758847488
Default,5,19445,interpolated,1166,48546104.39236188,4.691392361879349,128.31641350542031
Default,5,19445,interpolated,1167,48546114.413072705,4.701413072705269,128.2828994223903
Default,5,19445,interpolated,1168,48546124.43378354,4.71143378353864,128.24938533933573
Default,5,19445,interpolated,1169,48546134.45449437,4.7214544943720105,128.21587125628093
Default,5,19445,interpolated,1170,48546144.475205205,4.731475205205381,128.18235717322614
Default,5,19445,interpolated,1171,48546154.49591603,4.741495916031301,128.14884309019635
Default,5,19445,interpolated,1172,48546164.516626865,4.751516626864672,128.11532900714155
Default,5,19445,interpolated,1173,48546174.5373377,4.7615373376980425,128.08181492408676
Default,5,19445,interpolated,1174,48546184.558048524,4.771558048523962,128.04830084105697
Default,5,19445,interpolated,1175,48546194.57875936,4.781578759357333,128.01478675800217
Default,5,19445,interpolated,1176,48546204.59947019,4.791599470190704,127.91111952078245
Default,5,19445,interpolated,1177,48546214.62018102,4.801620181016624,127.75206061878384
Default,5,19445,interpolated,1178,48546224.64089185,4.811640891849994,127.59300171666678
Default,5,19445,interpolated,1179,48546234.66160268,4.821661602683365,127.43394281454971
Default,5,19445,interpolated,1180,48546244.68231351,4.831682313509286,127.2748839125511
Default,5,19445,interpolated,1181,48546254.70302434,4.841703024342657,127.11582501043404
Default,5,19445,interpolated,1182,48546264.723735176,4.8517237351760265,126.95047754225402
Default,5,19445,interpolated,1183,48546274.744446,4.861744446001947,126.76828279996471
Default,5,19445,interpolated,1184,48546284.765156835,4.871765156835318,126.58608805753965
Default,5,19445,interpolated,1185,48546294.78586767,4.881785867668689,126.40389331511483
Default,5,19445,interpolated,1186,48546304.8065785,4.8918065785020595,126.22169857268977
Default,5,19445,interpolated,1187,48546314.82728933,4.901827289327979,126.03950383040046
Default,5,19445,interpolated,1188,48546324.84800016,4.91184800016135,125.47679998924332
Default,5,19445,interpolated,1189,48546334.868710995,4.921868710994721,124.84901521080428
Default,5,19445,interpolated,1190,48546344.88942182,4.931889421820641,124.32160937786102
Default,5,19445,interpolated,1191,48546354.910132654,4.941910132654011,123.93140118150859
Default,5,19445,interpolated,1192,48546364.93084349,4.951930843487382,123.7555992370635
Default,5,19445,interpolated,1193,48546374.95155431,4.961951554313302,123.57979729274916
Default,5,19445,interpolated,1194,48546384.97226515,4.971972265146673,123.40399534830408
Default,5,19445,interpolated,1195,48546394.99297598,4.981992975980043,123.228193403859
Default,5,19445,interpolated,1196,48546405.013686806,4.992013686805963,123.05239145954442
Default,5,19445,interpolated,1197,48546415.03439764,5.002034397639334,122.87658951509934
Default,5,19445,interpolated,1198,48546425.05510847,5.012055108472705,122.70078757065426
Default,5,19445,interpolated,1199,48546435.0758193,5.0220758192986255,122.52498562633991
Default,5,19445,interpolated,1200,48546445.09653013,5.032096530131996,122.34918368189483
Default,5,19445,interpolated,1201,48546455.117240965,5.042117240965366,122.17338173744974
Default,5,19445,interpolated,1202,48546465.1379518,5.052137951798737,121.99895491061557
Default,5,19445,interpolated,1203,48546475.158662625,5.0621586626246575,121.92304043466174
Default,5,19445,interpolated,1204,48546485.17937346,5.072179373458028,121.8471259586513
Default,5,19445,interpolated,1205,48546495.20008429,5.082200084291399,121.77121148264087
Default,5,19445,interpolated,1206,48546505.22079512,5.092220795117319,121.69529700668704
Default,5,19445,interpolated,1207,48546515.24150595,5.10224150595069,121.6193825306766
Default,5,19445,interpolated,1208,48546525.262216784,5.11226221678406,121.54346805466616
Default,5,19445,interpolated,1209,48546535.28292761,5.12228292760998,121.46755357871234
Default,5,19445,interpolated,1210,48546545.30363844,5.132303638443351,121.3916391027019
Default,5,19445,interpolated,1211,48546555.32434928,5.142324349276722,121.31572462669146
Default,5,19445,interpolated,1212,48546565.3450601,5.1523450601026415,121.23981015073764
Default,5,19445,interpolated,1213,48546575.365770936,5.162365770936012,121.1638956747272
Default,5,19445,interpolated,1214,48546585.38648177,5.172386481769383,121.08798119871676
Default,5,19445,interpolated,1215,48546595.407192595,5.182407192595303,121.01206672276294
Default,5,19445,interpolated,1216,48546605.42790343,5.1924279034286736,120.88610941312595
Default,5,19445,interpolated,1217,48546615.44861426,5.202448614262044,120.75069440186417
Default,5,19445,interpolated,1218,48546625.469325095,5.212469325095415,120.61527939060261
Default,5,19445,interpolated,1219,48546635.49003592,5.222490035921336,120.47986437944132
Default,5,19445,interpolated,1220,48546645.510746755,5.232510746754706,120.34444936817954
Default,5,19445,interpolated,1221,48546655.53145759,5.242531457588076,120.20903435691798
Default,5,19445,interpolated,1222,48546665.552168414,5.252552168413997,120.0736193457567
Default,5,19445,interpolated,1223,48546675.57287925,5.262572879247368,119.96482400578952
Default,5,19445,interpolated,1224,48546685.59359008,5.272593590080739,119.88774161476363
Default,5,19445,interpolated,1225,48546695.61430091,5.282614300906658,119.81065922379503
Default,5,19445,interpolated,1226,48546705.63501174,5.292635011740029,119.7335768327689
Default,5,19445,interpolated,1227,48546715.65572257,5.3026557225734,119.656494441743
Default,5,19445,interpolated,1228,48546725.6764334,5.31267643339932,119.57941205077441
Default,5,19445,interpolated,1229,48546735.69714423,5.3226971442326905,119.50232965974851
Default,5,19445,interpolated,1230,48546745.717855066,5.332717855066061,119.42524726872261
Default,5,19445,interpolated,1231,48546755.73856589,5.342738565891981,119.34816487775402
Default,5,19445,interpolated,1232,48546765.759276725,5.352759276725352,119.27108248672812
Default,5,19445,interpolated,1233,48546775.77998756,5.3627799875587225,119.19400009570222
Default,5,19445,interpolated,1234,48546785.80069839,5.372800698392093,119.1169177046761
Default,5,19445,interpolated,1235,48546795.82140922,5.382821409218013,119.0398353137075
Default,5,19445,interpolated,1236,48546805.84212005,5.392842120051384,118.78947304124426
Default,5,19445,interpolated,1237,48546815.862830885,5.402862830884755,118.35378996153236
Default,5,19445,interpolated,1238,48546825.88354171,5.412883541710675,117.84303819077718
Default,5,19445,interpolated,1239,48546835.904252544,5.422904252544045,117.0079789546628
Default,5,19445,interpolated,1240,48546845.92496338,5.432924963377416,116.89093446838001
Default,5,19445,interpolated,1241,48546855.9456742,5.442945674203337,116.7808167669964
Default,5,19445,interpolated,1242,48546865.96638504,5.452966385036707,116.6706990655307
Default,5,19445,interpolated,1243,48546875.98709587,5.462987095870078,116.560581364065
Default,5,19445,interpolated,1244,48546886.007806696,5.473007806695998,116.45046366268139
Default,5,19445,interpolated,1245,48546896.02851753,5.483028517529369,116.34034596121569
Default,5,19445,interpolated,1246,48546906.04922836,5.4930492283627395,116.23022825975022
Default,5,19445,interpolated,1247,48546916.06993919,5.503069939188659,116.12011055836638
Default,5,19445,interpolated,1248,48546926.09065002,5.51309065002203,116.00999285690068
Default,5,19445,interpolated,1249,48546936.111360855,5.523111360855401,115.54443195723002
Default,5,19445,interpolated,1250,48546946.13207169,5.5331320716887715,115.04339641556135
Default,5,19445,interpolated,1251,48546956.152782515,5.543152782514691,114.90847217485316
Default,5,19445,interpolated,1252,48546966.17349335,5.553173493348062,114.80826506651943
Default,5,19445,interpolated,1253,48546976.19420418,5.563194204181433,114.70805795818569
Default,5,19445,interpolated,1254,48546986.21491501,5.573214915007353,114.60785084992654
Default,5,19445,interpolated,1255,48546996.23562584,5.583235625840723,114.5076437415928
Default,5,19445,interpolated,1256,48547006.256336674,5.593256336674094,114.40743663325907
Default,5,19445,interpolated,1257,48547016.2770475,5.603277047500014,114.30722952499991
Default,5,19445,interpolated,1258,48547026.29775833,5.613297758333385,114.20702241666618
Default,5,19445,interpolated,1259,48547036.31846917,5.6233184691667555,114.10681530833244
Default,5,19445,interpolated,1260,48547046.33917999,5.633339179992676,114.00660820007329
Default,5,19445,interpolated,1261,48547056.359890826,5.643359890826047,113.86235454667576
Default,5,19445,interpolated,1262,48547066.38060166,5.653380601659418,113.71499115206734
Default,5,19445,interpolated,1263,48547076.401312485,5.6634013124853375,113.56762775756852
Default,5,19445,interpolated,1264,48547086.42202332,5.673422023318708,113.4202643629601
Default,5,19445,interpolated,1265,48547096.44273415,5.683442734152079,113.27290096835168
Default,5,19445,interpolated,1266,48547106.463444985,5.69346344498545,113.12553757374349
Default,5,19445,interpolated,1267,48547116.48415581,5.70348415581137,112.99406337675441
Default,5,19445,interpolated,1268,48547126.504866645,5.71350486664474,112.95398053342115
Default,5,19445,interpolated,1269,48547136.52557748,5.723525577478111,112.91389769008765
Default,5,19445,interpolated,1270,48547146.546288304,5.733546288304031,112.87381484678394
Default,5,19445,interpolated,1271,48547156.56699914,5.743566999137402,112.83373200345045
Default,5,19445,interpolated,1272,48547166.58770997,5.753587709970772,112.79364916011696
Default,5,19445,interpolated,1273,48547176.6084208,5.763608420796692,112.75356631681325
Default,5,19445,interpolated,1274,48547186.62913163,5.773629131630063,112.71348347347976
Default,5,19445,interpolated,1275,48547196.64984246,5.783649842463434,112.67340063014626
Default,5,19445,interpolated,1276,48547206.67055329,5.7936705532893535,112.63331778684255
Default,5,19445,interpolated,1277,48547216.69126412,5.803691264122724,112.59323494350906
Default,5,19445,interpolated,1278,48547226.711974956,5.813711974956095,112.55315210017557
Default,5,19445,interpolated,1279,48547236.73268578,5.823732685782016,112.51306925687186
Default,5,19445,interpolated,1280,48547246.753396615,5.8337533966153865,112.47298641353837
Default,5,19445,interpolated,1281,48547256.77410745,5.843774107448757,112.43290357020487
Default,5,19445,interpolated,1282,48547266.79481828,5.853794818282127,112.39282072687138
Default,5,19445,interpolated,1283,48547276.81552911,5.863815529108048,112.3527378835679
Default,5,19445,interpolated,1284,48547286.83623994,5.873836239941419,112.3126550402344
Default,5,19445,interpolated,1285,48547296.856950775,5.883856950774789,112.27257219690091
Default,5,19445,interpolated,1286,48547306.8776616,5.893877661600709,112.2324893535972
Default,5,19445,interpolated,1287,48547316.898372434,5.90389837243408,112.19240651026371
Default,5,19445,interpolated,1288,48547326.91908327,5.913919083267451,112.15232366693022
Default,5,19445,interpolated,1289,48547336.93979409,5.9239397940933705,112.11224082362651
Default,5,19445,interpolated,1290,48547346.96050493,5.933960504926741,112.07215798029301
Default,5,19445,interpolated,1291,48547356.98121576,5.943981215760112,112.03207513695952
Default,5,19445,interpolated,1292,48547367.001926586,5.954001926586032,111.93096804875745
Default,5,19445,interpolated,1293,48547377.02263742,5.9640226374194025,111.5854262958826
Default,5,19445,interpolated,1294,48547387.04334825,5.974043348252773,111.23988454300775
Default,5,19445,interpolated,1295,48547397.06405908,5.984064059078693,110.94893234868846
Default,5,19445,interpolated,1296,48547407.08476991,5.994084769912064,110.78192050146549
Default,5,19445,interpolated,1297,48547417.105480745,6.004105480745435,110.61490865424275
Default,5,19445,interpolated,1298,48547427.12619158,6.014126191578805,110.44789680702002
Default,5,19445,interpolated,1299,48547437.146902405,6.024146902404726,110.2808849599212
Default,5,19445,interpolated,1300,48547447.16761324,6.034167613238097,110.11387311269846
Default,5,19445,interpolated,1301,48547457.18832407,6.044188324071467,109.97047848081979
Default,5,19445,interpolated,1302,48547467.2090349,6.054209034897387,109.87769412132047
Default,5,19445,interpolated,1303,48547477.22974573,6.064229745730758,109.78490976175226
Default,5,19445,interpolated,1304,48547487.250456564,6.074250456564129,109.69212540218405
Default,5,19445,interpolated,1305,48547497.27116739,6.084271167390049,109.59934104268473
Default,5,19445,interpolated,1306,48547507.29187822,6.0942918782234194,109.50655668311651
Default,5,19445,interpolated,1307,48547517.31258906,6.10431258905679,109.4137723235483
Default,5,19445,interpolated,1308,48547527.33329988,6.11433329988271,109.32098796404898
Default,5,19445,interpolated,1309,48547537.354010716,6.124354010716081,109.22820360448077
Default,5,19445,interpolated,1310,48547547.37472155,6.1343747215494515,109.13541924491255
Default,5,19445,interpolated,1311,48547557.395432375,6.144395432375371,109.04263488541324
Default,5,19445,interpolated,1312,48547567.41614321,6.154416143208742,108.87690583616495
Default,5,19445,interpolated,1313,48547577.43685404,6.164436854042113,108.64916240813386
Default,5,19445,interpolated,1314,48547587.457564875,6.174457564875484,108.42141898010254
Default,5,19445,interpolated,1315,48547597.4782757,6.184478275701403,108.19367555224085
Default,5,19445,interpolated,1316,48547607.498986535,6.194498986534774,107.90006756434832
Default,5,19445,interpolated,1317,48547617.51969737,6.204519697368145,107.23202017545691
Default,5,19445,interpolated,1318,48547627.540408194,6.214540408194066,106.94212028146853
Default,5,19445,interpolated,1319,48547637.56111903,6.2245611190274355,106.85344142453596
Default,5,19445,interpolated,1320,48547647.58182986,6.234581829860806,106.76476256760338
Default,5,19445,interpolated,1321,48547657.60254069,6.244602540686727,106.67608371073698
Default,5,19445,interpolated,1322,48547667.62325152,6.254623251520098,106.5874048538044
Default,5,19445,interpolated,1323,48547677.64396235,6.264643962353468,106.49872599687205
Default,5,19445,interpolated,1324,48547687.66467318,6.274664673179388,106.41004714000542
Default,5,19445,interpolated,1325,48547697.68538401,6.284685384012759,106.32136828307284
Default,5,19445,interpolated,1326,48547707.706094846,6.29470609484613,106.2326894261405
Default,5,19445,interpolated,1327,48547717.72680567,6.30472680567205,106.14401056927386
Default,5,19445,interpolated,1328,48547727.747516505,6.31474751650542,106.05533171234151
Default,5,19445,interpolated,1329,48547737.76822734,6.324768227338791,105.84299052755046
Default,5,19445,interpolated,1330,48547747.78893817,6.334788938172162,105.42546090949327
Default,5,19445,interpolated,1331,48547757.809649,6.344809648998082,105.00793129174667
Default,5,19445,interpolated,1332,48547767.83035983,6.354830359831452,104.91808033473785
Default,5,19445,interpolated,1333,48547777.851070665,6.364851070664823,104.83457441112637
Default,5,19445,interpolated,1334,48547787.87178149,6.374871781490743,104.75106848757719
Default,5,19445,interpolated,1335,48547797.892492324,6.384892492324114,104.6675625639657
Default,5,19445,interpolated,1336,48547807.91320316,6.3949132031574845,104.58405664035422
Default,5,19445,interpolated,1337,48547817.93391398,6.404933913983405,104.50055071680504
Default,5,19445,interpolated,1338,48547827.95462482,6.414954624816775,104.41704479319355
Default,5,19445,interpolated,1339,48547837.97533565,6.424975335650146,104.33353886958207
Default,5,19445,interpolated,1340,48547847.996046476,6.4349960464760665,104.25003294603289
Default,5,19445,interpolated,1341,48547858.01675731,6.445016757309437,104.1665270224214
Default,5,19445,interpolated,1342,48547868.03746814,6.455037468142808,104.08302109880992
Default,5,19445,interpolated,1343,48547878.05817897,6.465058178968728,103.99941233364916
Default,5,19445,interpolated,1344,48547888.0788898,6.475078889802099,103.89819303230206
Default,5,19445,interpolated,1345,48547898.099600635,6.485099600635469,103.79697373095496
Default,5,19445,interpolated,1346,48547908.12031147,6.49512031146884,103.69575442960763
Default,5,19445,interpolated,1347,48547918.141022295,6.50514102229476,103.59453512833579
Default,5,19445,interpolated,1348,48547928.16173313,6.515161733128131,103.49331582698869
Default,5,19445,interpolated,1349,48547938.18244396,6.525182443961501,103.39209652564136
Default,5,19445,interpolated,1350,48547948.20315479,6.535203154787421,103.29087722436952
Default,5,19445,interpolated,1351,48547958.22386562,6.545223865620792,103.1896579230222
Default,5,19445,interpolated,1352,48547968.244576454,6.555244576454163,103.0884386216751
Default,5,19445,interpolated,1353,48547978.26528728,6.5652652872800825,102.97124347090721
Default,5,19445,interpolated,1354,48547988.28599811,6.575285998113453,102.74350004287612
Default,5,19445,interpolated,1355,48547998.30670895,6.585306708946824,102.5157566148448
Default,5,19445,interpolated,1356,48548008.32741977,6.595327419772745,102.28801318698311
Default,5,19445,interpolated,1357,48548018.348130606,6.605348130606115,102.06026975895202
Default,5,19445,interpolated,1358,48548028.36884144,6.615368841439485,100.88155792802581
Default,5,19445,interpolated,1359,48548038.389552265,6.625389552265406,100.38052238672981
Default,5,19445,interpolated,1360,48548048.4102631,6.635410263098777,99.95452333775893
Default,5,19445,interpolated,1361,48548058.43097393,6.6454309739321475,99.765453322035
Default,5,19445,interpolated,1362,48548068.451684766,6.655451684765517,99.57638330631107
Default,5,19445,interpolated,1363,48548078.47239559,6.665472395591438,99.38731329072766
Default,5,19445,interpolated,1364,48548088.493106425,6.675493106424809,99.1982432750035
Default,5,19445,interpolated,1365,48548098.51381726,6.68551381725818,99.00917325927958
Default,5,19445,interpolated,1366,48548108.534528084,6.695534528084099,98.82010324369617
Default,5,19445,interpolated,1367,48548118.55523892,6.70555523891747,98.63103322797224
Default,5,19445,interpolated,1368,48548128.57594975,6.715575949750841,98.44196321224831
Default,5,19445,interpolated,1369,48548138.59666058,6.725596660576761,98.2528931966649
Default,5,19445,interpolated,1370,48548148.61737141,6.7356173714101315,98.06382318094097
Default,5,19445,interpolated,1371,48548158.63808224,6.745638082243502,97.92281299716865
Default,5,19445,interpolated,1372,48548168.65879307,6.755658793069422,97.80629310384393
Default,5,19445,interpolated,1373,48548178.6795039,6.765679503902793,97.68977321043258
Default,5,19445,interpolated,1374,48548188.700214736,6.775700214736164,97.57325331702145
Default,5,19445,interpolated,1375,48548198.72092556,6.785720925562084,97.45673342369673
Default,5,19445,interpolated,1376,48548208.741636395,6.795741636395454,97.34021353028538
Default,5,19445,interpolated,1377,48548218.76234723,6.805762347228825,97.22369363687403
Default,5,19445,interpolated,1378,48548228.78305806,6.815783058062196,97.10717374346291
Default,5,19445,interpolated,1379,48548238.80376889,6.825803768888116,96.99456912913433
Default,5,19445,interpolated,1380,48548248.82447972,6.835824479721487,96.92686162350356
Default,5,19445,interpolated,1381,48548258.845190555,6.845845190554857,96.85915411787255
Default,5,19445,interpolated,1382,48548268.86590138,6.855865901380778,96.79144661229202
Default,5,19445,interpolated,1383,48548278.886612214,6.865886612214148,96.72373910666124
Default,5,19445,interpolated,1384,48548288.90732305,6.875907323047519,96.65603160103024
Default,5,19445,interpolated,1385,48548298.92803387,6.885928033873439,96.5883240954497
Default,5,19445,interpolated,1386,48548308.94874471,6.89594874470681,96.52061658981893
Default,5,19445,interpolated,1387,48548318.96945554,6.9059694555401805,96.45290908418792
Default,5,19445,interpolated,1388,48548328.990166366,6.9159901663661,96.3852015786074
Default,5,19445,interpolated,1389,48548339.0108772,6.926010877199471,96.31749407297661
Default,5,19445,interpolated,1390,48548349.03158803,6.936031588032842,96.24978656734561
Default,5,19445,interpolated,1391,48548359.05229886,6.946052298858762,96.18207906176508
Default,5,19445,interpolated,1392,48548369.07300969,6.956073009692132,96.1143715561343
Default,5,19445,interpolated,1393,48548379.093720526,6.966093720525503,96.0466640505033
Default,5,19445,interpolated,1394,48548389.11443136,6.976114431358874,95.99182563947807
Default,5,19445,interpolated,1395,48548399.135142185,6.986135142184794,95.9655245611948
Default,5,19445,interpolated,1396,48548409.15585302,6.9961558530181644,95.93922348289198
Maximum,1,17779,raw,0,44277858.0,-7.6770000000000005,0.0
Maximum,1,17779,raw,1,44277900.0,-7.635,1.0
Maximum,1,17779,raw,2,44277931.0,-7.604,2.0
Maximum,1,17779,raw,3,44277987.0,-7.548,3.0
Maximum,1,17779,raw,4,44278173.0,-7.362,4.0
Maximum,1,17779,raw,5,44278241.0,-7.2940000000000005,5.0
Maximum,1,17779,raw,6,44278551.0,-6.984,6.0
Maximum,1,17779,raw,7,44278576.0,-6.9590000000000005,7.0
Maximum,1,17779,raw,8,44278595.0,-6.94,8.0
Maximum,1,17779,raw,9,44278958.0,-6.577,9.0
Maximum,1,17779,raw,10,44279017.0,-6.518,10.0
Maximum,1,17779,raw,11,44279028.0,-6.507000000000001,11.0
Maximum,1,17779,raw,12,44279237.0,-6.298,12.0
Maximum,1,17779,raw,13,44279514.0,-6.021,13.0
Maximum,1,17779,raw,14,44279699.0,-5.836,14.0
Maximum,1,17779,raw,15,44279720.0,-5.815,15.0
Maximum,1,17779,raw,16,44279725.0,-5.8100000000000005,16.0
Maximum,1,17779,raw,17,44279841.0,-5.694,17.0
Maximum,1,17779,raw,18,44279851.0,-5.684,18.0
Maximum,1,17779,raw,19,44279878.0,-5.657,19.0
Maximum,1,17779,raw,20,44279971.0,-5.564,20.0
Maximum,1,17779,raw,21,44279992.0,-5.543,21.0
Maximum,1,17779,raw,22,44280012.0,-5.523,22.0
Maximum,1,17779,raw,23,44280297.0,-5.238,23.0
Maximum,1,17779,raw,24,44280394.0,-5.141,24.0
Maximum,1,17779,raw,25,44280508.0,-5.027,25.0
Maximum,1,17779,raw,26,44280556.0,-4.979,26.0
Maximum,1,17779,raw,27,44280582.0,-4.953,27.0
Maximum,1,17779,raw,28,44280623.0,-4.912,28.0
Maximum,1,17779,raw,29,44280657.0,-4.878,29.0
Maximum,1,17779,raw,30,44280681.0,-4.854,30.0
Maximum,1,17779,raw,31,44280706.0,-4.829,31.0
Maximum,1,17779,raw,32,44280724.0,-4.811,32.0
Maximum,1,17779,raw,33,44280803.0,-4.732,33.0
Maximum,1,17779,raw,34,44280851.0,-4.684,34.0
Maximum,1,17779,raw,35,44280922.0,-4.613,35.0
Maximum,1,17779,raw,36,44280923.0,-4.612,36.0
Maximum,1,17779,raw,37,44281004.0,-4.531,37.0
Maximum,1,17779,raw,38,44281109.0,-4.426,38.0
Maximum,1,17779,raw,39,44281136.0,-4.399,39.0
Maximum,1,17779,raw,40,44281227.0,-4.308,40.0
Maximum,1,17779,raw,41,44281245.0,-4.29,41.0
Maximum,1,17779,raw,42,44281341.0,-4.194,42.0
Maximum,1,17779,raw,43,44281627.0,-3.908,43.0
Maximum,1,17779,raw,44,44281649.0,-3.886,44.0
Maximum,1,17779,raw,45,44281887.0,-3.648,45.0
Maximum,1,17779,raw,46,44282377.0,-3.158,46.0
Maximum,1,17779,raw,47,44282409.0,-3.126,47.0
Maximum,1,17779,raw,48,44282511.0,-3.024,48.0
Maximum,1,17779,raw,49,44282572.0,-2.963,49.0
Maximum,1,17779,raw,50,44282596.0,-2.939,50.0
Maximum,1,17779,raw,51,44282616.0,-2.919,51.0
Maximum,1,17779,raw,52,44282657.0,-2.878,52.0
Maximum,1,17779,raw,53,44282682.0,-2.853,53.0
Maximum,1,17779,raw,54,44282935.0,-2.6,54.0
Maximum,1,17779,raw,55,44283370.0,-2.165,55.0
Maximum,1,17779,raw,56,44283400.0,-2.1350000000000002,56.0
Maximum,1,17779,raw,57,44283422.0,-2.113,57.0
Maximum,1,17779,raw,58,44283485.0,-2.05,58.0
Maximum,1,17779,raw,59,44283531.0,-2.004,59.0
Maximum,1,17779,raw,60,44283566.0,-1.969,60.0
Maximum,1,17779,raw,61,44283608.0,-1.927,61.0
Maximum,1,17779,raw,62,44283711.0,-1.824,62.0
Maximum,1,17779,raw,63,44283785.0,-1.75,63.0
Maximum,1,17779,raw,64,44283931.0,-1.604,64.0
Maximum,1,17779,raw,65,44284041.0,-1.494,65.0
Maximum,1,17779,raw,66,44284159.0,-1.3760000000000001,66.0
Maximum,1,17779,raw,67,44284173.0,-1.362,67.0
Maximum,1,17779,raw,68,44284379.0,-1.156,68.0
Maximum,1,17779,raw,69,44284461.0,-1.074,69.0
Maximum,1,17779,raw,70,44284726.0,-0.809,70.0
Maximum,1,17779,raw,71,44284843.0,-0.6920000000000001,71.0
Maximum,1,17779,raw,72,44284865.0,-0.67,72.0
Maximum,1,17779,raw,73,44284959.0,-0.5760000000000001,73.0
Maximum,1,17779,raw,74,44285008.0,-0.527,74.0
Maximum,1,17779,raw,75,44285118.0,-0.417,75.0
Maximum,1,17779,raw,76,44285131.0,-0.404,76.0
Maximum,1,17779,raw,77,44285134.0,-0.401,77.0
Maximum,1,17779,raw,78,44285529.0,-0.006,78.0
Maximum,1,17779,raw,79,44286988.0,1.453,77.0
Maximum,1,17779,raw,80,44287173.0,1.6380000000000001,76.0
Maximum,1,17779,raw,81,44287878.0,2.343,75.0
Maximum,1,17779,raw,82,44287994.0,2.459,74.0
Maximum,1,17779,raw,83,44288148.0,2.613,73.0
Maximum,1,17779,raw,84,44288213.0,2.678,72.0
Maximum,1,17779,raw,85,44288250.0,2.715,71.0
Maximum,1,17779,raw,86,44288308.0,2.773,70.0
Maximum,1,17779,raw,87,44288309.0,2.774,69.0
Maximum,1,17779,raw,88,44288801.0,3.266,68.0
Maximum,1,17779,raw,89,44288817.0,3.282,67.0
Maximum,1,17779,raw,90,44289128.0,3.593,66.0
Maximum,1,17779,raw,91,44289165.0,3.63,65.0
Maximum,1,17779,raw,92,44289324.0,3.789,64.0
Maximum,1,17779,raw,93,44289500.0,3.9650000000000003,63.0
Maximum,1,17779,raw,94,44289579.0,4.0440000000000005,62.0
Maximum,1,17779,raw,95,44289664.0,4.1290000000000004,61.0
Maximum,1,17779,raw,96,44289807.0,4.272,60.0
Maximum,1,17779,raw,97,44289949.0,4.414,59.0
Maximum,1,17779,raw,98,44289991.0,4.456,58.0
Maximum,1,17779,raw,99,44290109.0,4.574,57.0
Maximum,1,17779,raw,100,44290369.0,4.8340000000000005,56.0
Maximum,1,17779,raw,101,44290450.0,4.915,55.0
Maximum,1,17779,raw,102,44290557.0,5.022,54.0
Maximum,1,17779,raw,103,44290567.0,5.032,53.0
Maximum,1,17779,raw,104,44290959.0,5.424,52.0
Maximum,1,17779,raw,105,44291097.0,5.562,51.0
Maximum,1,17779,raw,106,44291104.0,5.569,50.0
Maximum,1,17779,raw,107,44291285.0,5.75,49.0
Maximum,1,17779,raw,108,44291446.0,5.9110000000000005,48.0
Maximum,1,17779,raw,109,44291545.0,6.01,47.0
Maximum,1,17779,raw,110,44291624.0,6.089,46.0
Maximum,1,17779,raw,111,44291663.0,6.128,45.0
Maximum,1,17779,raw,112,44291707.0,6.172,44.0
Maximum,1,17779,raw,113,44291854.0,6.319,43.0
Maximum,1,17779,raw,114,44291908.0,6.373,42.0
Maximum,1,17779,raw,115,44291969.0,6.434,41.0
Maximum,1,17779,raw,116,44292178.0,6.643,40.0
Maximum,1,17779,raw,117,44292239.0,6.704,39.0
Maximum,1,17779,raw,118,44292271.0,6.736,38.0
Maximum,1,17779,raw,119,44292470.0,6.9350000000000005,37.0
Maximum,1,17779,raw,120,44292570.0,7.035,36.0
Maximum,1,17779,raw,121,44293054.0,7.519,35.0
Maximum,1,17779,raw,122,44293186.0,7.651,34.0
Maximum,1,17779,interpolated,0,44277820.65352616,-7.714346473842859,-0.23488348328839947
Maximum,1,17779,interpolated,1,44277848.495281704,-7.68650471829623,-0.0597781024920323
Maximum,1,17779,interpolated,2,44277876.33703724,-7.6586629627570515,0.4365961248321355
Maximum,1,17779,interpolated,3,44277904.17879278,-7.630821207217872,1.1347997671654184
Maximum,1,17779,interpolated,4,44277932.02054833,-7.602979451671243,2.0182240772992373
Maximum,1,17779,interpolated,5,44277959.86230387,-7.575137696132064,2.515398283355978
Maximum,1,17779,interpolated,6,44277987.704059415,-7.5472959405854345,3.0037852656697055
Maximum,1,17779,interpolated,7,44278015.545814954,-7.519454185046256,3.153472123407255
Maximum,1,17779,interpolated,8,44278043.38757049,-7.491612429507077,3.3031589811447475
Maximum,1,17779,interpolated,9,44278071.22932604,-7.463770673960448,3.4528458389223147
Maximum,1,17779,interpolated,10,44278099.07108158,-7.4359289184212685,3.602532696659864
Maximum,1,17779,interpolated,11,44278126.91283712,-7.40808716288209,3.7522195543973567
Maximum,1,17779,interpolated,12,44278154.754592665,-7.38024540733546,3.901906412174924
Maximum,1,17779,interpolated,13,44278182.5963482,-7.352403651796282,4.141122767701745
Maximum,1,17779,interpolated,14,44278210.43810375,-7.324561896249652,4.5505603492698015
Maximum,1,17779,interpolated,15,44278238.27985929,-7.296720140710473,4.959997930728321
Maximum,1,17779,interpolated,16,44278266.12161483,-7.268878385171294,5.08103746718939
Maximum,1,17779,interpolated,17,44278293.963370375,-7.241036629624665,5.170849581855919
Maximum,1,17779,interpolated,18,44278321.805125915,-7.213194874085486,5.26066169649846
Maximum,1,17779,interpolated,19,44278349.64688145,-7.185353118546307,5.350473811140944
Maximum,1,17779,interpolated,20,44278377.488637,-7.157511362999678,5.440285925807473
Maximum,1,17779,interpolated,21,44278405.33039254,-7.129669607460499,5.530098040450014
Maximum,1,17779,interpolated,22,44278433.17214808,-7.10182785192132,5.619910155092498
Maximum,1,17779,interpolated,23,44278461.013903625,-7.073986096374691,5.709722269759084
Maximum,1,17779,interpolated,24,44278488.855659164,-7.046144340835512,5.799534384401568
Maximum,1,17779,interpolated,25,44278516.69741471,-7.0183025852888825,5.889346499068097
Maximum,1,17779,interpolated,26,44278544.53917025,-6.990460829749703,5.979158613710638
Maximum,1,17779,interpolated,27,44278572.38092579,-6.962619074210525,6.8552370315790085
Maximum,1,17779,interpolated,28,44278600.222681336,-6.934777318663896,8.014387551890081
Maximum,1,17779,interpolated,29,44278628.064436875,-6.9069355631247165,8.091086602962207
Maximum,1,17779,interpolated,30,44278655.906192414,-6.879093807585537,8.167785654034333
Maximum,1,17779,interpolated,31,44278683.74794796,-6.851252052038908,8.244484705126979
Maximum,1,17779,interpolated,32,44278711.5897035,-6.82341029649973,8.321183756199105
Maximum,1,17779,interpolated,33,44278739.43145904,-6.79556854096055,8.39788280727123
Maximum,1,17779,interpolated,34,44278767.273214586,-6.767726785413921,8.474581858363877
Maximum,1,17779,interpolated,35,44278795.114970125,-6.739885029874742,8.551280909435945
Maximum,1,17779,interpolated,36,44278822.95672567,-6.712043274328113,8.627979960528592
Maximum,1,17779,interpolated,37,44278850.79848121,-6.684201518788934,8.704679011600717
Maximum,1,17779,interpolated,38,44278878.64023675,-6.656359763249755,8.781378062672843
Maximum,1,17779,interpolated,39,44278906.4819923,-6.628518007703126,8.85807711376549
Maximum,1,17779,interpolated,40,44278934.323747836,-6.600676252163947,8.934776164837615
Maximum,1,17779,interpolated,41,44278962.165503375,-6.572834496624768,9.07060175212257
Maximum,1,17779,interpolated,42,44278990.00725892,-6.544992741078138,9.542495913929883
Maximum,1,17779,interpolated,43,44279017.84901446,-6.51715098553896,10.077183132821858
Maximum,1,17779,interpolated,44,44279045.69077,-6.4893092299997805,11.084644832536924
Maximum,1,17779,interpolated,45,44279073.53252555,-6.461467474453151,11.217858973908392
Maximum,1,17779,interpolated,46,44279101.374281086,-6.433625718913973,11.351073115244162
Maximum,1,17779,interpolated,47,44279129.21603663,-6.405783963367343,11.484287256615573
Maximum,1,17779,interpolated,48,44279157.05779217,-6.3779422078281645,11.617501397951344
Maximum,1,17779,interpolated,49,44279184.89954771,-6.350100452288985,11.750715539287171
Maximum,1,17779,interpolated,50,44279212.74130326,-6.322258696742356,11.883929680658582
Maximum,1,17779,interpolated,51,44279240.5830588,-6.294416941203177,12.012935230313417
Maximum,1,17779,interpolated,52,44279268.424814336,-6.266575185663998,12.113446983162476
Maximum,1,17779,interpolated,53,44279296.26656988,-6.238733430117369,12.213958736038364
Maximum,1,17779,interpolated,54,44279324.10832542,-6.21089167457819,12.314470488887423
Maximum,1,17779,interpolated,55,44279351.95008097,-6.183049919031561,12.414982241763312
Maximum,1,17779,interpolated,56,44279379.79183651,-6.155208163492381,12.515493994612314
Maximum,1,17779,interpolated,57,44279407.63359205,-6.127366407953203,12.616005747461372
Maximum,1,17779,interpolated,58,44279435.47534759,-6.099524652406574,12.716517500337261
Maximum,1,17779,interpolated,59,44279463.31710313,-6.071682896867395,12.81702925318632
Maximum,1,17779,interpolated,60,44279491.15885867,-6.043841141328215,12.917541006035322
Maximum,1,17779,interpolated,61,44279519.00061422,-6.015999385781586,13.027030347126583
Maximum,1,17779,interpolated,62,44279546.84236976,-5.988157630242408,13.177526323014035
Maximum,1,17779,interpolated,63,44279574.6841253,-5.9603158747032285,13.328022298901487
Maximum,1,17779,interpolated,64,44279602.52588084,-5.932474119156599,13.478518274829185
Maximum,1,17779,interpolated,65,44279630.36763638,-5.90463236361742,13.629014250716637
Maximum,1,17779,interpolated,66,44279658.20939193,-5.876790608070791,13.77951022664439
Maximum,1,17779,interpolated,67,44279686.05114747,-5.8489488525316125,13.930006202531843
Maximum,1,17779,interpolated,68,44279713.89290301,-5.821107096992433,14.7091858575032
Maximum,1,17779,interpolated,69,44279741.734658554,-5.793265341445804,16.144264297881023
Maximum,1,17779,interpolated,70,44279769.57641409,-5.765423585906625,16.384279431839445
Maximum,1,17779,interpolated,71,44279797.41816963,-5.737581830367446,16.624294565797868
Maximum,1,17779,interpolated,72,44279825.25992518,-5.709740074820816,16.864309699820524
Maximum,1,17779,interpolated,73,44279853.10168072,-5.681898319281638,18.077840026605998
Maximum,1,17779,interpolated,74,44279880.94343626,-5.654056563742459,19.031649852231624
Maximum,1,17779,interpolated,75,44279908.785191804,-5.626214808195829,19.331023567786758
Maximum,1,17779,interpolated,76,44279936.62694734,-5.598373052656651,19.6303972832618
Maximum,1,17779,interpolated,77,44279964.46870289,-5.570531297110021,19.92977099881699
Maximum,1,17779,interpolated,78,44279992.31045843,-5.542689541570843,21.015522921457887
Maximum,1,17779,interpolated,79,44280020.15221397,-5.514847786031663,22.028604259538042
Maximum,1,17779,interpolated,80,44280047.993969515,-5.487006030485034,22.126294629877066
Maximum,1,17779,interpolated,81,44280075.835725054,-5.459164274945855,22.223985000189998
Maximum,1,17779,interpolated,82,44280103.67748059,-5.4313225194066765,22.321675370502874
Maximum,1,17779,interpolated,83,44280131.51923614,-5.403480763860047,22.419365740841954
Maximum,1,17779,interpolated,84,44280159.36099168,-5.375639008320868,22.51705611115483
Maximum,1,17779,interpolated,85,44280187.202747226,-5.347797252774239,22.61474648149391
Maximum,1,17779,interpolated,86,44280215.044502765,-5.31995549723506,22.712436851806785
Maximum,1,17779,interpolated,87,44280242.886258304,-5.292113741695881,22.810127222119718
Maximum,1,17779,interpolated,88,44280270.72801385,-5.264271986149252,22.90781759245874
Maximum,1,17779,interpolated,89,44280298.56976939,-5.236430230610073,23.016183189586854
Maximum,1,17779,interpolated,90,44280326.41152493,-5.2085884750708935,23.30321159720728
Maximum,1,17779,interpolated,91,44280354.253280476,-5.180746719524264,23.5902400049045
Maximum,1,17779,interpolated,92,44280382.095036015,-5.152904963985086,23.87726841252487
Maximum,1,17779,interpolated,93,44280409.936791554,-5.125063208445907,24.139796417141156
Maximum,1,17779,interpolated,94,44280437.7785471,-5.097221452899277,24.38402234298877
Maximum,1,17779,interpolated,95,44280465.62030264,-5.069379697360098,24.628248268771074
Maximum,1,17779,interpolated,96,44280493.46205819,-5.041537941813469,24.87247419461869
Maximum,1,17779,interpolated,97,44280521.303813726,-5.013696186274291,25.27716278595227
Maximum,1,17779,interpolated,98,44280549.145569265,-4.985854430735111,25.857199359685183
Maximum,1,17779,interpolated,99,44280576.98732481,-4.958012675188482,26.807204800443003
Maximum,1,17779,interpolated,100,44280604.82908035,-4.930170919649303,27.556806837821853
Maximum,1,17779,interpolated,101,44280632.67083589,-4.9023291641101245,28.28443634970222
Maximum,1,17779,interpolated,102,44280660.51259144,-4.874487408563494,29.146357976521074
Maximum,1,17779,interpolated,103,44280688.354346976,-4.846645653024316,30.29417387902737
Maximum,1,17779,interpolated,104,44280716.196102515,-4.818803897485137,31.566450139714618
Maximum,1,17779,interpolated,105,44280744.03785806,-4.790962141938508,32.253643772930275
Maximum,1,17779,interpolated,106,44280771.8796136,-4.763120386399329,32.60607105823635
Maximum,1,17779,interpolated,107,44280799.72136915,-4.735278630852699,32.958498343636734
Maximum,1,17779,interpolated,108,44280827.56312469,-4.707436875313521,33.51173176430166
Maximum,1,17779,interpolated,109,44280855.404880226,-4.6795951197743415,34.06204056655855
Maximum,1,17779,interpolated,110,44280883.24663577,-4.651753364227712,34.45417796862375
Maximum,1,17779,interpolated,111,44280911.08839131,-4.623911608688533,34.84631537058402
Maximum,1,17779,interpolated,112,44280938.93014685,-4.596069853149355,36.196668479637594
Maximum,1,17779,interpolated,113,44280966.7719024,-4.568228097602725,36.54039385675651
Maximum,1,17779,interpolated,114,44280994.61365794,-4.540386342063546,36.884119233783395
Maximum,1,17779,interpolated,115,44281022.455413476,-4.512544586524368,37.17576584262508
Maximum,1,17779,interpolated,116,44281050.29716902,-4.484702830977738,37.440925419259656
Maximum,1,17779,interpolated,117,44281078.13892456,-4.456861075438559,37.70608499582323
Maximum,1,17779,interpolated,118,44281105.98068011,-4.42901931989193,37.971244572457806
Maximum,1,17779,interpolated,119,44281133.82243565,-4.401177564352751,38.91934946841661
Maximum,1,17779,interpolated,120,44281161.66419119,-4.373335808813572,39.282024078971745
Maximum,1,17779,interpolated,121,44281189.50594673,-4.345494053266942,39.587977436627
Maximum,1,17779,interpolated,122,44281217.34770227,-4.317652297727764,39.8939307942004
Maximum,1,17779,interpolated,123,44281245.18945781,-4.289810542188585,41.00197351886891
Maximum,1,17779,interpolated,124,44281273.03121336,-4.2619687866419556,41.291991805812984
Maximum,1,17779,interpolated,125,44281300.8729689,-4.234127031102776,41.58201009267941
Maximum,1,17779,interpolated,126,44281328.714724444,-4.206285275556147,41.87202837962349
Maximum,1,17779,interpolated,127,44281356.55647998,-4.178443520016969,42.054393286653976
Maximum,1,17779,interpolated,128,44281384.39823552,-4.1506017644777895,42.151742082245505
Maximum,1,17779,interpolated,129,44281412.23999107,-4.12276000893116,42.24909087786307
Maximum,1,17779,interpolated,130,44281440.08174661,-4.094918253391981,42.3464396734546
Maximum,1,17779,interpolated,131,44281467.92350215,-4.067076497852803,42.443788469046126
Maximum,1,17779,interpolated,132,44281495.765257694,-4.0392347423061725,42.541137264663746
Maximum,1,17779,interpolated,133,44281523.60701323,-4.011392986766994,42.638486060255275
Maximum,1,17779,interpolated,134,44281551.44876877,-3.9835512312278154,42.735834855846804
Maximum,1,17779,interpolated,135,44281579.29052432,-3.9557094756811857,42.83318365146437
Maximum,1,17779,interpolated,136,44281607.13227986,-3.927867720142007,42.930532447055896
Maximum,1,17779,interpolated,137,44281634.974035405,-3.9000259645953776,43.36245615475559
Maximum,1,17779,interpolated,138,44281662.815790944,-3.872184209056199,44.05804954178069
Maximum,1,17779,interpolated,139,44281690.65754648,-3.8443424535170196,44.17503170791167
Maximum,1,17779,interpolated,140,44281718.49930203,-3.8165006979703904,44.29201387407397
Maximum,1,17779,interpolated,141,44281746.34105757,-3.7886589424312116,44.40899604020501
Maximum,1,17779,interpolated,142,44281774.18281311,-3.760817186892033,44.52597820633599
Maximum,1,17779,interpolated,143,44281802.024568655,-3.732975431345403,44.642960372498294
Maximum,1,17779,interpolated,144,44281829.866324194,-3.7051336758062243,44.75994253862933
Maximum,1,17779,interpolated,145,44281857.70807973,-3.6772919202670455,44.87692470476031
Maximum,1,17779,interpolated,146,44281885.54983528,-3.6494501647204163,44.993906870922615
Maximum,1,17779,interpolated,147,44281913.39159082,-3.6216084091812375,45.05386038942606
Maximum,1,17779,interpolated,148,44281941.233346365,-3.593766653634608,45.11068029870489
Maximum,1,17779,interpolated,149,44281969.075101905,-3.565924898095429,45.16750020796849
Maximum,1,17779,interpolated,150,44281996.916857444,-3.5380831425562502,45.22432011723214
Maximum,1,17779,interpolated,151,44282024.75861299,-3.510241387009621,45.28114002651097
Maximum,1,17779,interpolated,152,44282052.60036853,-3.4823996314704417,45.33795993577462
Maximum,1,17779,interpolated,153,44282080.44212407,-3.454557875931263,45.394779845038215
Maximum,1,17779,interpolated,154,44282108.283879615,-3.4267161203846337,45.4515997543171
Maximum,1,17779,interpolated,155,44282136.125635155,-3.398874364845455,45.508419663580696
Maximum,1,17779,interpolated,156,44282163.96739069,-3.371032609306276,45.56523957284435
Maximum,1,17779,interpolated,157,44282191.80914624,-3.3431908537596464,45.62205948212318
Maximum,1,17779,interpolated,158,44282219.65090178,-3.3153490982204676,45.67887939138683
Maximum,1,17779,interpolated,159,44282247.492657326,-3.2875073426738384,45.73569930066566
Maximum,1,17779,interpolated,160,44282275.334412865,-3.259665587134659,45.79251920992925
Maximum,1,17779,interpolated,161,44282303.176168405,-3.2318238315954804,45.849339119192905
Maximum,1,17779,interpolated,162,44282331.01792395,-3.203982076048851,45.906159028471734
Maximum,1,17779,interpolated,163,44282358.85967949,-3.1761403205096723,45.962978937735386
Maximum,1,17779,interpolated,164,44282386.70143503,-3.1482985649704935,46.303169844672084
Maximum,1,17779,interpolated,165,44282414.543190576,-3.120456809423864,47.05434500564837
Maximum,1,17779,interpolated,166,44282442.384946115,-3.092615053884685,47.32730339328742
Maximum,1,17779,interpolated,167,44282470.22670166,-3.064773298338056,47.60026178099946
Maximum,1,17779,interpolated,168,44282498.0684572,-3.036931542798877,47.873220168638454
Maximum,1,17779,interpolated,169,44282525.91021274,-3.009089787259698,48.24442971705412
Maximum,1,17779,interpolated,170,44282553.75196829,-2.9812480317130685,48.70085193913002
Maximum,1,17779,interpolated,171,44282581.593723826,-2.9534062761738897,49.39973849275458
Maximum,1,17779,interpolated,172,44282609.435479365,-2.925564520634711,50.67177396826446
Maximum,1,17779,interpolated,173,44282637.27723491,-2.8977227650880812,51.518956949071196
Maximum,1,17779,interpolated,174,44282665.11899045,-2.8698810095489025,52.32475961804391
Maximum,1,17779,interpolated,175,44282692.96074599,-2.8420392540097237,53.04332310668093
Maximum,1,17779,interpolated,176,44282720.80250154,-2.8141974984630944,53.1533695712921
Maximum,1,17779,interpolated,177,44282748.644257076,-2.7863557429239156,53.26341603587383
Maximum,1,17779,interpolated,178,44282776.48601262,-2.758513987377286,53.37346250048506
Maximum,1,17779,interpolated,179,44282804.32776816,-2.730672231838107,53.48350896506679
Maximum,1,17779,interpolated,180,44282832.1695237,-2.7028304762989284,53.59355542964852
Maximum,1,17779,interpolated,181,44282860.01127925,-2.674988720752299,53.70360189425969
Maximum,1,17779,interpolated,182,44282887.85303479,-2.64714696521312,53.81364835884142
Maximum,1,17779,interpolated,183,44282915.694790326,-2.619305209673941,53.92369482342315
Maximum,1,17779,interpolated,184,44282943.53654587,-2.591463454127312,54.019624243385465
Maximum,1,17779,interpolated,185,44282971.37830141,-2.563621698588133,54.08362827910776
Maximum,1,17779,interpolated,186,44282999.22005695,-2.5357799430489543,54.14763231482999
Maximum,1,17779,interpolated,187,44283027.0618125,-2.5079381875023246,54.21163635056939
Maximum,1,17779,interpolated,188,44283054.90356804,-2.4800964319631458,54.27564038629163
Maximum,1,17779,interpolated,189,44283082.74532358,-2.4522546764165165,54.33964442203097
Maximum,1,17779,interpolated,190,44283110.58707912,-2.4244129208773373,54.40364845775326
Maximum,1,17779,interpolated,191,44283138.42883466,-2.3965711653381585,54.4676524934755
Maximum,1,17779,interpolated,192,44283166.27059021,-2.3687294097915292,54.5316565292149
Maximum,1,17779,interpolated,193,44283194.11234575,-2.3408876542523505,54.595660564937134
Maximum,1,17779,interpolated,194,44283221.95410129,-2.3130458987131717,54.65966460065937
Maximum,1,17779,interpolated,195,44283249.79585683,-2.285204143166542,54.72366863639877
Maximum,1,17779,interpolated,196,44283277.63761237,-2.257362387627363,54.787672672121005
Maximum,1,17779,interpolated,197,44283305.47936792,-2.229520632080734,54.851676707860406
Maximum,1,17779,interpolated,198,44283333.32112346,-2.201678876541555,54.91568074358264
Maximum,1,17779,interpolated,199,44283361.162879,-2.173837121002376,54.979684779304876
Maximum,1,17779,interpolated,200,44283389.004634544,-2.1459953654557467,55.63348781814176
Maximum,1,17779,interpolated,201,44283416.84639008,-2.118153609916568,56.76574500379235
Maximum,1,17779,interpolated,202,44283444.68814562,-2.090311854377389,57.360129295597005
Maximum,1,17779,interpolated,203,44283472.52990117,-2.0624700988307594,57.802061923321276
Maximum,1,17779,interpolated,204,44283500.37165671,-2.0346283432915806,58.334166450183034
Maximum,1,17779,interpolated,205,44283528.21341225,-2.006786587752402,58.939422005382596
Maximum,1,17779,interpolated,206,44283556.055167794,-1.9789448322057723,59.715861936977944
Maximum,1,17779,interpolated,207,44283583.89692333,-1.9511030766665935,60.42611722222398
Maximum,1,17779,interpolated,208,44283611.73867888,-1.923261321119964,61.036297853204246
Maximum,1,17779,interpolated,209,44283639.58043442,-1.8954195655807853,61.30660615940985
Maximum,1,17779,interpolated,210,44283667.42218996,-1.8675778100416065,61.57691446561546
Maximum,1,17779,interpolated,211,44283695.263945505,-1.839736054494977,61.84722277189343
Maximum,1,17779,interpolated,212,44283723.105701044,-1.8118942989557982,62.163590554651364
Maximum,1,17779,interpolated,213,44283750.94745658,-1.7840525434166192,62.539830494369994
Maximum,1,17779,interpolated,214,44283778.78921213,-1.75621078786999,62.91607043418935
Maximum,1,17779,interpolated,215,44283806.63096767,-1.728369032330811,63.14815731280265
Maximum,1,17779,interpolated,216,44283834.47272321,-1.7005272767916322,63.33885426855045
Maximum,1,17779,interpolated,217,44283862.314478755,-1.6726855212450027,63.52955122434929
Maximum,1,17779,interpolated,218,44283890.156234294,-1.644843765705824,63.72024818009709
Maximum,1,17779,interpolated,219,44283917.99798984,-1.6170020101591944,63.91094513589593
Maximum,1,17779,interpolated,220,44283945.83974538,-1.5891602546200156,64.13490677618165
Maximum,1,17779,interpolated,221,44283973.68150092,-1.5613184990808369,64.38801364471965
Maximum,1,17779,interpolated,222,44284001.523256466,-1.5334767435342074,64.6411205133254
Maximum,1,17779,interpolated,223,44284029.365012005,-1.5056349879950286,64.8942273818634
Maximum,1,17779,interpolated,224,44284057.206767544,-1.4777932324558496,65.13734548766229
Maximum,1,17779,interpolated,225,44284085.04852309,-1.4499514769092203,65.37329256856594
Maximum,1,17779,interpolated,226,44284112.89027863,-1.4221097213700413,65.60923964940645
Maximum,1,17779,interpolated,227,44284140.73203417,-1.3942679658308625,65.84518673024695
Maximum,1,17779,interpolated,228,44284168.573789716,-1.366426210284233,66.68384212255478
Maximum,1,17779,interpolated,229,44284196.415545255,-1.3385844547450543,67.11366769541235
Maximum,1,17779,interpolated,230,44284224.2573008,-1.3107426991984248,67.24882184855136
Maximum,1,17779,interpolated,231,44284252.09905634,-1.282900943659246,67.38397600165416
Maximum,1,17779,interpolated,232,44284279.94081188,-1.2550591881200672,67.51913015475697
Maximum,1,17779,interpolated,233,44284307.78256743,-1.2272174325734377,67.65428430789592
Maximum,1,17779,interpolated,234,44284335.624322966,-1.199375677034259,67.78943846099872
Maximum,1,17779,interpolated,235,44284363.466078505,-1.17153392149508,67.92459261410153
Maximum,1,17779,interpolated,236,44284391.30783405,-1.1436921659484507,68.15009553721404
Maximum,1,17779,interpolated,237,44284419.14958959,-1.1158504104092717,68.48962914135035
Maximum,1,17779,interpolated,238,44284446.99134514,-1.0880086548626424,68.82916274557755
Maximum,1,17779,interpolated,239,44284474.83310068,-1.0601668993234634,69.05220037991148
Maximum,1,17779,interpolated,240,44284502.674856216,-1.0323251437842846,69.15726360836118
Maximum,1,17779,interpolated,241,44284530.51661176,-1.0044833882376552,69.26232683683907
Maximum,1,17779,interpolated,242,44284558.3583673,-0.9766416326984764,69.36739006528876
Maximum,1,17779,interpolated,243,44284586.20012284,-0.9487998771592975,69.47245329373851
Maximum,1,17779,interpolated,244,44284614.04187839,-0.9209581216126681,69.57751652221634
Maximum,1,17779,interpolated,245,44284641.88363393,-0.8931163660734892,69.6825797506661
Maximum,1,17779,interpolated,246,44284669.725389466,-0.8652746105343103,69.78764297911579
Maximum,1,17779,interpolated,247,44284697.56714501,-0.8374328549876809,69.89270620759368
Maximum,1,17779,interpolated,248,44284725.40890055,-0.809591099448502,69.99776943604337
Maximum,1,17779,interpolated,249,44284753.2506561,-0.7817493439018727,70.23291159058226
Maximum,1,17779,interpolated,250,44284781.09241164,-0.7539075883626938,70.47087531313935
Maximum,1,17779,interpolated,251,44284808.93416718,-0.726065832823515,70.70883903569643
Maximum,1,17779,interpolated,252,44284836.77592272,-0.6982240772768855,70.94680275831723
Maximum,1,17779,interpolated,253,44284864.61767826,-0.6703823217377066,71.98262173919517
Maximum,1,17779,interpolated,254,44284892.4594338,-0.6425405661985278,72.29212163618587
Maximum,1,17779,interpolated,255,44284920.30118935,-0.6146988106518984,72.58831052497982
Maximum,1,17779,interpolated,256,44284948.14294489,-0.5868570551127196,72.88449941369447
Maximum,1,17779,interpolated,257,44284975.98470043,-0.5590152995735407,73.34662653931548
Maximum,1,17779,interpolated,258,44285003.82645597,-0.5311735440269113,73.91482563210383
Maximum,1,17779,interpolated,259,44285031.66821151,-0.5033317884877324,74.21516555920243
Maximum,1,17779,interpolated,260,44285059.50996706,-0.475490032941103,74.46827242780813
Maximum,1,17779,interpolated,261,44285087.3517226,-0.44764827740192414,74.72137929634613
Maximum,1,17779,interpolated,262,44285115.19347814,-0.4198065218627453,74.97448616488413
Maximum,1,17779,interpolated,263,44285143.035233684,-0.3919647663161159,77.0228740093263
Maximum,1,17779,interpolated,264,44285170.87698922,-0.36412301077693704,77.09335946638748
Maximum,1,17779,interpolated,265,44285198.71874476,-0.33628125523775815,77.16384492344872
Maximum,1,17779,interpolated,266,44285226.56050031,-0.3084394996911287,77.23433038052877
Maximum,1,17779,interpolated,267,44285254.40225585,-0.2805977441519499,77.30481583759001
Maximum,1,17779,interpolated,268,44285282.24401139,-0.25275598861277104,77.3753012946512
Maximum,1,17779,interpolated,269,44285310.085766934,-0.2249142330661416,77.4457867517313
Maximum,1,17779,interpolated,270,44285337.92752247,-0.19707247752696277,77.51627220879249
Maximum,1,17779,interpolated,271,44285365.76927802,-0.16923072198033334,77.5867576658726
Maximum,1,17779,interpolated,272,44285393.61103356,-0.14138896644115448,77.65724312293378
Maximum,1,17779,interpolated,273,44285421.4527891,-0.11354721090197563,77.72772857999502
Maximum,1,17779,interpolated,274,44285449.294544645,-0.08570545535534621,77.79821403707507
Maximum,1,17779,interpolated,275,44285477.136300184,-0.057863699816167354,77.86869949413631
Maximum,1,17779,interpolated,276,44285504.97805572,-0.030021944276988507,77.93918495119749
Maximum,1,17779,interpolated,277,44285532.81981127,-0.0021801887303590775,77.99738189769045
Maximum,1,17779,interpolated,278,44285560.66156681,0.025661566808819772,77.97829913172802
Maximum,1,17779,interpolated,279,44285588.503322355,0.053503322355449204,77.95921636576048
Maximum,1,17779,interpolated,280,44285616.345077895,0.08134507789462805,77.94013359979806
Maximum,1,17779,interpolated,281,44285644.186833434,0.1091868334338069,77.92105083383564
Maximum,1,17779,interpolated,282,44285672.02858898,0.13702858898043632,77.9019680678681
Maximum,1,17779,interpolated,283,44285699.87034452,0.1648703445196152,77.88288530190567
Maximum,1,17779,interpolated,284,44285727.71210006,0.19271210005879402,77.86380253594325
Maximum,1,17779,interpolated,285,44285755.553855605,0.22055385560542345,77.84471976997571
Maximum,1,17779,interpolated,286,44285783.395611145,0.2483956111446023,77.82563700401329
Maximum,1,17779,interpolated,287,44285811.237366684,0.2762373666837811,77.80655423805086
Maximum,1,17779,interpolated,288,44285839.07912223,0.30407912223041056,77.78747147208333
Maximum,1,17779,interpolated,289,44285866.92087777,0.33192087776958945,77.7683887061209
Maximum,1,17779,interpolated,290,44285894.762633316,0.3597626333162189,77.74930594015336
Maximum,1,17779,interpolated,291,44285922.604388855,0.3876043888553977,77.73022317419094
Maximum,1,17779,interpolated,292,44285950.446144395,0.41544614439457656,77.71114040822852
Maximum,1,17779,interpolated,293,44285978.28789994,0.443287899941206,77.69205764226098
Maximum,1,17779,interpolated,294,44286006.12965548,0.4711296554803848,77.67297487629855
Maximum,1,17779,interpolated,295,44286033.97141102,0.49897141101956366,77.65389211033613
Maximum,1,17779,interpolated,296,44286061.813166566,0.5268131665661931,77.63480934436859
Maximum,1,17779,interpolated,297,44286089.654922105,0.5546549221053719,77.61572657840617
Maximum,1,17779,interpolated,298,44286117.496677645,0.5824966776445508,77.59664381244374
Maximum,1,17779,interpolated,299,44286145.33843319,0.6103384331911802,77.5775610464762
Maximum,1,17779,interpolated,300,44286173.18018873,0.6381801887303591,77.55847828051378
Maximum,1,17779,interpolated,301,44286201.02194428,0.6660219442769886,77.5393955145463
Maximum,1,17779,interpolated,302,44286228.863699816,0.6938636998161674,77.52031274858382
Maximum,1,17779,interpolated,303,44286256.705455355,0.7217054553553462,77.5012299826214
Maximum,1,17779,interpolated,304,44286284.5472109,0.7495472109019756,77.48214721665391
Maximum,1,17779,interpolated,305,44286312.38896644,0.7773889664411545,77.46306445069149
Maximum,1,17779,interpolated,306,44286340.23072198,0.8052307219803333,77.44398168472901
Maximum,1,17779,interpolated,307,44286368.07247753,0.8330724775269628,77.42489891876153
Maximum,1,17779,interpolated,308,44286395.914233066,0.8609142330661417,77.4058161527991
Maximum,1,17779,interpolated,309,44286423.75598861,0.888755988612771,77.38673338683157
Maximum,1,17779,interpolated,310,44286451.59774415,0.91659774415195,77.36765062086914
Maximum,1,17779,interpolated,311,44286479.43949969,0.9444394996911287,77.34856785490672
Maximum,1,17779,interpolated,312,44286507.28125524,0.9722812552377582,77.32948508893918
Maximum,1,17779,interpolated,313,44286535.12301078,1.000123010776937,77.31040232297676
Maximum,1,17779,interpolated,314,44286562.964766316,1.0279647663161158,77.29131955701433
Maximum,1,17779,interpolated,315,44286590.80652186,1.0558065218627453,77.2722367910468
Maximum,1,17779,interpolated,316,44286618.6482774,1.0836482774019243,77.25315402508437
Maximum,1,17779,interpolated,317,44286646.49003294,1.111490032941103,77.23407125912195
Maximum,1,17779,interpolated,318,44286674.33178849,1.1393317884877325,77.21498849315441
Maximum,1,17779,interpolated,319,44286702.17354403,1.1671735440269113,77.19590572719198
Maximum,1,17779,interpolated,320,44286730.01529957,1.1950152995735408,77.17682296122445
Maximum,1,17779,interpolated,321,44286757.85705511,1.2228570551127196,77.15774019526202
Maximum,1,17779,interpolated,322,44286785.69881065,1.2506988106518984,77.1386574292996
Maximum,1,17779,interpolated,323,44286813.5405662,1.2785405661985279,77.11957466333206
Maximum,1,17779,interpolated,324,44286841.38232174,1.3063823217377066,77.10049189736964
Maximum,1,17779,interpolated,325,44286869.22407728,1.3342240772768856,77.08140913140721
Maximum,1,17779,interpolated,326,44286897.06583282,1.362065832823515,77.06232636543967
Maximum,1,17779,interpolated,327,44286924.90758836,1.389907588362694,77.04324359947725
Maximum,1,17779,interpolated,328,44286952.7493439,1.4177493439018727,77.02416083351483
Maximum,1,17779,interpolated,329,44286980.59109945,1.4455910994485022,77.00507806754729
Maximum,1,17779,interpolated,330,44287008.43285499,1.473432854987681,76.88955213520171
Maximum,1,17779,interpolated,331,44287036.274610534,1.5012746105343104,76.73905615927401
Maximum,1,17779,interpolated,332,44287064.11636607,1.5291163660734892,76.58856018338656
Maximum,1,17779,interpolated,333,44287091.95812161,1.556958121612668,76.43806420749911
Maximum,1,17779,interpolated,334,44287119.79987716,1.5847998771592975,76.28756823157136
Maximum,1,17779,interpolated,335,44287147.6416327,1.6126416326984763,76.1370722556839
Maximum,1,17779,interpolated,336,44287175.48338824,1.6404833882376553,75.99647746349268
Maximum,1,17779,interpolated,337,44287203.325143784,1.6683251437842845,75.95698561165352
Maximum,1,17779,interpolated,338,44287231.16689932,1.6961668993234635,75.91749375982488
Maximum,1,17779,interpolated,339,44287259.00865486,1.7240086548626423,75.87800190799624
Maximum,1,17779,interpolated,340,44287286.85041041,1.7518504104092718,75.83851005615708
Maximum,1,17779,interpolated,341,44287314.69216595,1.7796921659484506,75.79901820432843
Maximum,1,17779,interpolated,342,44287342.533921495,1.80753392149508,75.75952635248927
Maximum,1,17779,interpolated,343,44287370.375677034,1.8353756770342589,75.72003450066063
Maximum,1,17779,interpolated,344,44287398.21743257,1.8632174325734376,75.68054264883199
Maximum,1,17779,interpolated,345,44287426.05918812,1.8910591881200671,75.64105079699283
Maximum,1,17779,interpolated,346,44287453.90094366,1.918900943659246,75.60155894516419
Maximum,1,17779,interpolated,347,44287481.7426992,1.946742699198425,75.56206709333554
Maximum,1,17779,interpolated,348,44287509.584454745,1.9745844547450544,75.52257524149638
Maximum,1,17779,interpolated,349,44287537.426210284,2.002426210284233,75.48308338966774
Maximum,1,17779,interpolated,350,44287565.26796583,2.0302679658308627,75.44359153782858
Maximum,1,17779,interpolated,351,44287593.10972137,2.0581097213700414,75.40409968599994
Maximum,1,17779,interpolated,352,44287620.95147691,2.0859514769092202,75.3646078341713
Maximum,1,17779,interpolated,353,44287648.793232456,2.1137932324558495,75.32511598233214
Maximum,1,17779,interpolated,354,44287676.634987995,2.1416349879950287,75.28562413050349
Maximum,1,17779,interpolated,355,44287704.476743534,2.1694767435342075,75.2461322786749
Maximum,1,17779,interpolated,356,44287732.31849908,2.1973184990808368,75.20664042683569
Maximum,1,17779,interpolated,357,44287760.16025462,2.2251602546200155,75.16714857500705
Maximum,1,17779,interpolated,358,44287788.00201016,2.2530020101591943,75.12765672317846
Maximum,1,17779,interpolated,359,44287815.843765706,2.280843765705824,75.08816487133925
Maximum,1,17779,interpolated,360,44287843.685521245,2.308685521245003,75.04867301951066
Maximum,1,17779,interpolated,361,44287871.52727679,2.336527276791632,75.00918116767144
Maximum,1,17779,interpolated,362,44287899.36903233,2.364369032330811,74.81578420404475
Maximum,1,17779,interpolated,363,44287927.21078787,2.39221078786999,74.57576907008627
Maximum,1,17779,interpolated,364,44287955.05254342,2.4200525434166194,74.33575393606361
Maximum,1,17779,interpolated,365,44287982.894298956,2.447894298955798,74.09573880210519
Maximum,1,17779,interpolated,366,44288010.736054495,2.475736054494977,73.89132432146118
Maximum,1,17779,interpolated,367,44288038.57781004,2.5035778100416066,73.71053370102851
Maximum,1,17779,interpolated,368,44288066.41956558,2.5314195655807854,73.52974308064427
Maximum,1,17779,interpolated,369,44288094.26132112,2.559261321119964,73.34895246025997
Maximum,1,17779,interpolated,370,44288122.10307667,2.5871030766665934,73.16816183982729
Maximum,1,17779,interpolated,371,44288149.944832206,2.6149448322057727,72.97007950452655
Maximum,1,17779,interpolated,372,44288177.78658775,2.642786587752402,72.5417448038092
Maximum,1,17779,interpolated,373,44288205.62834329,2.6706283432915807,72.11341010320643
Maximum,1,17779,interpolated,374,44288233.47009883,2.6984700988307595,71.44675408565513
Maximum,1,17779,interpolated,375,44288261.31185438,2.726311854377389,70.80496802797603
Maximum,1,17779,interpolated,376,44288289.15360992,2.754153609916568,70.32493776005919
Maximum,1,17779,interpolated,377,44288316.995365456,2.7819953654557468,68.98374925720378
Maximum,1,17779,interpolated,378,44288344.837121,2.809837121002376,68.92716032316588
Maximum,1,17779,interpolated,379,44288372.67887654,2.837678876541555,68.87057138914321
Maximum,1,17779,interpolated,380,44288400.52063208,2.865520632080734,68.81398245512048
Maximum,1,17779,interpolated,381,44288428.36238763,2.8933623876273633,68.75739352108258
Maximum,1,17779,interpolated,382,44288456.20414317,2.921204143166542,68.70080458705985
Maximum,1,17779,interpolated,383,44288484.04589871,2.9490458987131714,68.644215653022
Maximum,1,17779,interpolated,384,44288511.88765425,2.9768876542523506,68.58762671899927
Maximum,1,17779,interpolated,385,44288539.72940979,3.0047294097915294,68.53103778497655
Maximum,1,17779,interpolated,386,44288567.57116534,3.0325711653381586,68.4744488509387
Maximum,1,17779,interpolated,387,44288595.41292088,3.0604129208773374,68.41785991691597
Maximum,1,17779,interpolated,388,44288623.25467642,3.088254676416516,68.36127098289325
Maximum,1,17779,interpolated,389,44288651.09643196,3.116096431963146,68.3046820488554
Maximum,1,17779,interpolated,390,44288678.9381875,3.1439381875023247,68.24809311483267
Maximum,1,17779,interpolated,391,44288706.77994305,3.171779943048954,68.19150418079482
Maximum,1,17779,interpolated,392,44288734.62169859,3.1996216985881327,68.1349152467721
Maximum,1,17779,interpolated,393,44288762.46345413,3.227463454127312,68.07832631274937
Maximum,1,17779,interpolated,394,44288790.305209674,3.255305209673941,68.02173737871152
Maximum,1,17779,interpolated,395,44288818.14696521,3.28314696521312,66.99631200896101
Maximum,1,17779,interpolated,396,44288845.98872075,3.3109887207522988,66.90678867925305
Maximum,1,17779,interpolated,397,44288873.8304763,3.3388304762989285,66.81726534952111
Maximum,1,17779,interpolated,398,44288901.67223184,3.3666722318381073,66.72774201981315
Maximum,1,17779,interpolated,399,44288929.51398738,3.394513987377286,66.63821869010519
Maximum,1,17779,interpolated,400,44288957.355742924,3.4223557429239153,66.54869536037324
Maximum,1,17779,interpolated,401,44288985.19749846,3.450197498463094,66.45917203066529
Maximum,1,17779,interpolated,402,44289013.03925401,3.478039254009724,66.36964870093334
Maximum,1,17779,interpolated,403,44289040.88100955,3.5058810095489026,66.28012537122538
Maximum,1,17779,interpolated,404,44289068.72276509,3.5337227650880814,66.19060204151742
Maximum,1,17779,interpolated,405,44289096.564520635,3.561564520634711,66.10107871178548
Maximum,1,17779,interpolated,406,44289124.406276174,3.58940627617389,66.01155538207752
Maximum,1,17779,interpolated,407,44289152.24803171,3.6172480317130686,65.3446477915387
Maximum,1,17779,interpolated,408,44289180.08978726,3.645089787259698,64.90509567761194
Maximum,1,17779,interpolated,409,44289207.9315428,3.6729315427988767,64.72999029686241
Maximum,1,17779,interpolated,410,44289235.77329834,3.700773298338056,64.55488491611288
Maximum,1,17779,interpolated,411,44289263.615053885,3.728615053884685,64.37977953531646
Maximum,1,17779,interpolated,412,44289291.456809424,3.756456809423864,64.20467415456687
Maximum,1,17779,interpolated,413,44289319.29856497,3.784298564970493,64.0295687737705
Maximum,1,17779,interpolated,414,44289347.14032051,3.8121403205096724,63.868520906195045
Maximum,1,17779,interpolated,415,44289374.98207605,3.8399820760488512,63.710329113358796
Maximum,1,17779,interpolated,416,44289402.823831595,3.8678238315954805,63.5521373204802
Maximum,1,17779,interpolated,417,44289430.665587135,3.8956655871346593,63.39394552764401
Maximum,1,17779,interpolated,418,44289458.507342674,3.923507342673838,63.23575373480776
Maximum,1,17779,interpolated,419,44289486.34909822,3.9513490982204678,63.07756194192916
Maximum,1,17779,interpolated,420,44289514.19085376,3.9791908537596465,62.82036893975129
Maximum,1,17779,interpolated,421,44289542.03260931,4.007032609306276,62.467941654350966
Maximum,1,17779,interpolated,422,44289569.874364845,4.034874364845455,62.11551436904489
Maximum,1,17779,interpolated,423,44289597.716120385,4.062716120384634,61.77981034841605
Maximum,1,17779,interpolated,424,44289625.55787593,4.090557875931263,61.45226028316159
Maximum,1,17779,interpolated,425,44289653.39963147,4.118399631470442,61.12471021799479
Maximum,1,17779,interpolated,426,44289681.24138701,4.146241387009621,60.8794308600726
Maximum,1,17779,interpolated,427,44289709.083142556,4.17408314255625,60.68473326883742
Maximum,1,17779,interpolated,428,44289736.924898095,4.201924898095429,60.49003567765436
Maximum,1,17779,interpolated,429,44289764.766653635,4.2297666536346075,60.29533808647125
Maximum,1,17779,interpolated,430,44289792.60840918,4.257608409181238,60.10064049523612
Maximum,1,17779,interpolated,431,44289820.45016472,4.285450164720416,59.90528053013793
Maximum,1,17779,interpolated,432,44289848.29192027,4.313291920267045,59.7092118291053
Maximum,1,17779,interpolated,433,44289876.133675806,4.3411336758062244,59.51314312812519
Maximum,1,17779,interpolated,434,44289903.975431345,4.368975431345404,59.31707442714503
Maximum,1,17779,interpolated,435,44289931.81718689,4.396817186892033,59.12100572611246
Maximum,1,17779,interpolated,436,44289959.65894243,4.424658942431211,58.74621565639973
Maximum,1,17779,interpolated,437,44289987.50069797,4.4525006979703905,58.0833167149907
Maximum,1,17779,interpolated,438,44290015.34245352,4.48034245351702,57.79370802104222
Maximum,1,17779,interpolated,439,44290043.184209056,4.508184209056199,57.55776094020172
Maximum,1,17779,interpolated,440,44290071.025964595,4.536025964595377,57.321813859361214
Maximum,1,17779,interpolated,441,44290098.86772014,4.563867720142007,57.08586677845756
Maximum,1,17779,interpolated,442,44290126.70947568,4.591709475681186,56.93188663199544
Maximum,1,17779,interpolated,443,44290154.55123123,4.619551231227815,56.824802956816086
Maximum,1,17779,interpolated,444,44290182.39298677,4.647392986766994,56.71771928166538
Maximum,1,17779,interpolated,445,44290210.234742306,4.675234742306173,56.610635606514734
Maximum,1,17779,interpolated,446,44290238.07649785,4.703076497852803,56.50355193133538
Maximum,1,17779,interpolated,447,44290265.91825339,4.730918253391981,56.396468256184676
Maximum,1,17779,interpolated,448,44290293.76000893,4.75876000893116,56.28938458103403
Maximum,1,17779,interpolated,449,44290321.60176448,4.78660176447779,56.182300905854675
Maximum,1,17779,interpolated,450,44290349.44352002,4.814443520016968,56.07521723070397
Maximum,1,17779,interpolated,451,44290377.285275556,4.842285275556147,55.897712647454966
Maximum,1,17779,interpolated,452,44290405.1270311,4.8701270311027764,55.55398727033611
Maximum,1,17779,interpolated,453,44290432.96878664,4.897968786641956,55.210261893309166
Maximum,1,17779,interpolated,454,44290460.81054219,4.925810542188585,54.89896689543377
Maximum,1,17779,interpolated,455,44290488.65229773,4.953652297727764,54.63876357263774
Maximum,1,17779,interpolated,456,44290516.49405327,4.9814940532669425,54.378560249841655
Maximum,1,17779,interpolated,457,44290544.33580881,5.009335808813572,54.11835692697599
Maximum,1,17779,interpolated,458,44290572.17756435,5.037177564352751,52.98679192767156
Maximum,1,17779,interpolated,459,44290600.01931989,5.065019319891929,52.91576704109201
Maximum,1,17779,interpolated,460,44290627.86107544,5.0928610754385595,52.844742154493474
Maximum,1,17779,interpolated,461,44290655.70283098,5.120702830977738,52.77371726791392
Maximum,1,17779,interpolated,462,44290683.544586524,5.148544586524367,52.70269238131539
Maximum,1,17779,interpolated,463,44290711.38634206,5.176386342063546,52.63166749473584
Maximum,1,17779,interpolated,464,44290739.2280976,5.2042280976027255,52.560642608156286
Maximum,1,17779,interpolated,465,44290767.06985315,5.232069853149355,52.48961772155775
Maximum,1,17779,interpolated,466,44290794.91160869,5.259911608688533,52.418592834978256
Maximum,1,17779,interpolated,467,44290822.75336423,5.287753364227712,52.347567948398705
Maximum,1,17779,interpolated,468,44290850.595119774,5.315595119774342,52.27654306180017
Maximum,1,17779,interpolated,469,44290878.43687531,5.343436875313521,52.20551817522062
Maximum,1,17779,interpolated,470,44290906.27863085,5.371278630852699,52.13449328864107
Maximum,1,17779,interpolated,471,44290934.1203864,5.3991203863993285,52.06346840204253
Maximum,1,17779,interpolated,472,44290961.96214194,5.426962141938508,51.978535203344165
Maximum,1,17779,interpolated,473,44290989.803897485,5.454803897485137,51.77678335155696
Maximum,1,17779,interpolated,474,44291017.645653024,5.482645653024316,51.57503149982381
Maximum,1,17779,interpolated,475,44291045.48740856,5.5104874085634945,51.3732796480906
Maximum,1,17779,interpolated,476,44291073.32916411,5.538329164110125,51.17152779630345
Maximum,1,17779,interpolated,477,44291101.17091965,5.566170919649303,50.40415433581387
Maximum,1,17779,interpolated,478,44291129.01267519,5.594012675188482,49.86180842437301
Maximum,1,17779,interpolated,479,44291156.854430735,5.6218544307351115,49.70798657052427
Maximum,1,17779,interpolated,480,44291184.696186274,5.64969618627429,49.55416471671663
Maximum,1,17779,interpolated,481,44291212.53794181,5.677537941813469,49.400342862908985
Maximum,1,17779,interpolated,482,44291240.37969736,5.705379697360098,49.246521009060245
Maximum,1,17779,interpolated,483,44291268.2214529,5.7332214528992775,49.0926991552526
Maximum,1,17779,interpolated,484,44291296.063208446,5.761063208445907,48.93128441959067
Maximum,1,17779,interpolated,485,44291323.904963985,5.788904963985086,48.75835426096222
Maximum,1,17779,interpolated,486,44291351.746719524,5.816746719524264,48.585424102333775
Maximum,1,17779,interpolated,487,44291379.58847507,5.844588475070894,48.41249394365906
Maximum,1,17779,interpolated,488,44291407.43023061,5.872430230610073,48.23956378503061
Maximum,1,17779,interpolated,489,44291435.27198615,5.900271986149251,48.066633626402165
Maximum,1,17779,interpolated,490,44291463.113741696,5.928113741695881,47.82713392226384
Maximum,1,17779,interpolated,491,44291490.955497235,5.95595549723506,47.54590406833273
Maximum,1,17779,interpolated,492,44291518.797252774,5.983797252774239,47.26467421440162
Maximum,1,17779,interpolated,493,44291546.63900832,6.011639008320868,46.97925305922951
Maximum,1,17779,interpolated,494,44291574.48076386,6.039480763860047,46.626825773923485
Maximum,1,17779,interpolated,495,44291602.32251941,6.067322519406677,46.274398488523104
Maximum,1,17779,interpolated,496,44291630.164274946,6.095164274945855,45.84194166805497
Maximum,1,17779,interpolated,497,44291658.006030485,6.123006030485034,45.12805050038372
Maximum,1,17779,interpolated,498,44291685.84778603,6.1508477860316635,44.48073213564402
Maximum,1,17779,interpolated,499,44291713.68954157,6.178689541570843,43.95449291448409
Maximum,1,17779,interpolated,500,44291741.53129711,6.206531297110021,43.765093216938624
Maximum,1,17779,interpolated,501,44291769.37305266,6.23437305265665,43.57569351934251
Maximum,1,17779,interpolated,502,44291797.214808196,6.2622148081958295,43.386293821797096
Maximum,1,17779,interpolated,503,44291825.05656374,6.290056563742459,43.19689412420098
Maximum,1,17779,interpolated,504,44291852.89831928,6.317898319281638,43.00749442665551
Maximum,1,17779,interpolated,505,44291880.74007482,6.345740074820816,42.504813429244166
Maximum,1,17779,interpolated,506,44291908.58183037,6.3735818303674465,41.990461797254966
Maximum,1,17779,interpolated,507,44291936.42358591,6.401423585906625,41.53403957530122
Maximum,1,17779,interpolated,508,44291964.265341446,6.429265341445804,41.07761735334748
Maximum,1,17779,interpolated,509,44291992.10709699,6.457107096992433,40.88943972730891
Maximum,1,17779,interpolated,510,44292019.94885253,6.484948852531612,40.75622558597314
Maximum,1,17779,interpolated,511,44292047.79060807,6.512790608070791,40.62301144463737
Maximum,1,17779,interpolated,512,44292075.63236362,6.54063236361742,40.48979730326596
Maximum,1,17779,interpolated,513,44292103.47411916,6.568474119156599,40.35658316193013
Maximum,1,17779,interpolated,514,44292131.3158747,6.596315874703229,40.22336902055872
Maximum,1,17779,interpolated,515,44292159.15763024,6.624157630242408,40.09015487922295
Maximum,1,17779,interpolated,516,44292186.99938578,6.651999385781586,39.852469085547796
Maximum,1,17779,interpolated,517,44292214.84114133,6.6798411413282155,39.396046863471895
Maximum,1,17779,interpolated,518,44292242.68289687,6.707682896867395,38.88490947289392
Maximum,1,17779,interpolated,519,44292270.52465241,6.735524652406573,38.014854612294585
Maximum,1,17779,interpolated,520,44292298.36640795,6.763366407953203,37.86248036204421
Maximum,1,17779,interpolated,521,44292326.20816349,6.7912081634923815,37.722572042751835
Maximum,1,17779,interpolated,522,44292354.04991903,6.819049919031561,37.58266372345952
Maximum,1,17779,interpolated,523,44292381.89167458,6.84689167457819,37.442755404129684
Maximum,1,17779,interpolated,524,44292409.73343012,6.874733430117369,37.30284708483737
Maximum,1,17779,interpolated,525,44292437.575185664,6.9025751856639985,37.16293876550753
Maximum,1,17779,interpolated,526,44292465.4169412,6.930416941203177,37.023030446215216
Maximum,1,17779,interpolated,527,44292493.25869674,6.958258696742356,36.76741303257643
Maximum,1,17779,interpolated,528,44292521.10045229,6.986100452288985,36.488995477110166
Maximum,1,17779,interpolated,529,44292548.94220783,7.013942207828165,36.21057792171837
Maximum,1,17779,interpolated,530,44292576.78396337,7.041783963367343,35.9859835467617
Maximum,1,17779,interpolated,531,44292604.625718914,7.069625718913972,35.92845925844222
Maximum,1,17779,interpolated,532,44292632.46747445,7.097467474453151,35.87093497013814
Maximum,1,17779,interpolated,533,44292660.30923,7.125309229999781,35.81341068181865
Maximum,1,17779,interpolated,534,44292688.15098554,7.15315098553896,35.75588639351457
Maximum,1,17779,interpolated,535,44292715.99274108,7.180992741078138,35.698362105210435
Maximum,1,17779,interpolated,536,44292743.834496625,7.2088344966247675,35.64083781689095
Maximum,1,17779,interpolated,537,44292771.676252164,7.236676252163947,35.58331352858687
Maximum,1,17779,interpolated,538,44292799.5180077,7.264518007703126,35.52578924028279
Maximum,1,17779,interpolated,539,44292827.35976325,7.292359763249755,35.468264951963306
Maximum,1,17779,interpolated,540,44292855.20151879,7.3202015187889335,35.410740663659226
Maximum,1,17779,interpolated,541,44292883.04327433,7.348043274328113,35.353216375355146
Maximum,1,17779,interpolated,542,44292910.885029875,7.375885029874742,35.29569208703566
Maximum,1,17779,interpolated,543,44292938.726785414,7.403726785413921,35.23816779873158
Maximum,1,17779,interpolated,544,44292966.56854096,7.4315685409605505,35.1806435104121
Maximum,1,17779,interpolated,545,44292994.4102965,7.45941029649973,35.123119222108016
Maximum,1,17779,interpolated,546,44293022.25205204,7.487252052038908,35.065594933803936
Maximum,1,17779,interpolated,547,44293050.093807586,7.515093807585537,35.00807064548445
Maximum,1,17779,interpolated,548,44293077.935563125,7.542935563124717,34.8186699763279
Maximum,1,17779,interpolated,549,44293105.777318664,7.570777318663895,34.607747585879565
Maximum,1,17779,interpolated,550,44293133.61907421,7.598619074210525,34.39682519537479
Maximum,1,17779,interpolated,551,44293161.46082975,7.626460829749703,34.18590280492651
Maximum,1,17779,interpolated,552,44293189.30258529,7.654302585288883,33.963707853968344
Maximum,1,17779,interpolated,553,44293217.144340836,7.682144340835512,33.65775449631303
Maximum,1,17779,interpolated,554,44293244.986096375,7.709986096374691,33.35180113873969
Maximum,2,6781,raw,0,16938164.0,-7.0,0.0
Maximum,2,6781,raw,1,16938188.0,-6.976,1.0
Maximum,2,6781,raw,2,16938261.0,-6.9030000000000005,2.0
Maximum,2,6781,raw,3,16938279.0,-6.885,3.0
Maximum,2,6781,raw,4,16938308.0,-6.856,4.0
Maximum,2,6781,raw,5,16938489.0,-6.675,5.0
Maximum,2,6781,raw,6,16938555.0,-6.609,6.0
Maximum,2,6781,raw,7,16938642.0,-6.522,7.0
Maximum,2,6781,raw,8,16938709.0,-6.455,8.0
Maximum,2,6781,raw,9,16938713.0,-6.4510000000000005,9.0
Maximum,2,6781,raw,10,16938732.0,-6.432,10.0
Maximum,2,6781,raw,11,16938769.0,-6.3950000000000005,11.0
Maximum,2,6781,raw,12,16938782.0,-6.382000000000001,12.0
Maximum,2,6781,raw,13,16938872.0,-6.292,13.0
Maximum,2,6781,raw,14,16938957.0,-6.207,14.0
Maximum,2,6781,raw,15,16938969.0,-6.195,15.0
Maximum,2,6781,raw,16,16939242.0,-5.922,16.0
Maximum,2,6781,raw,17,16939288.0,-5.876,17.0
Maximum,2,6781,raw,18,16939364.0,-5.8,18.0
Maximum,2,6781,raw,19,16939384.0,-5.78,19.0
Maximum,2,6781,raw,20,16939394.0,-5.7700000000000005,20.0
Maximum,2,6781,raw,21,16939404.0,-5.76,21.0
Maximum,2,6781,raw,22,16939409.0,-5.755,22.0
Maximum,2,6781,raw,23,16939513.0,-5.651,23.0
Maximum,2,6781,raw,24,16939586.0,-5.578,24.0
Maximum,2,6781,raw,25,16939626.0,-5.538,25.0
Maximum,2,6781,raw,26,16939713.0,-5.4510000000000005,26.0
Maximum,2,6781,raw,27,16939782.0,-5.382,27.0
Maximum,2,6781,raw,28,16939816.0,-5.348,28.0
Maximum,2,6781,raw,29,16939873.0,-5.291,29.0
Maximum,2,6781,raw,30,16940129.0,-5.035,30.0
Maximum,2,6781,raw,31,16940131.0,-5.033,31.0
Maximum,2,6781,raw,32,16940285.0,-4.8790000000000004,32.0
Maximum,2,6781,raw,33,16940327.0,-4.837,33.0
Maximum,2,6781,raw,34,16940335.0,-4.829,34.0
Maximum,2,6781,raw,35,16940420.0,-4.744,35.0
Maximum,2,6781,raw,36,16940429.0,-4.735,36.0
Maximum,2,6781,raw,37,16940431.0,-4.7330000000000005,37.0
Maximum,2,6781,raw,38,16940440.0,-4.724,38.0
Maximum,2,6781,raw,39,16940624.0,-4.54,39.0
Maximum,2,6781,raw,40,16940722.0,-4.442,40.0
Maximum,2,6781,raw,41,16940810.0,-4.354,41.0
Maximum,2,6781,raw,42,16940812.0,-4.352,42.0
Maximum,2,6781,raw,43,16940847.0,-4.317,43.0
Maximum,2,6781,raw,44,16940906.0,-4.258,44.0
Maximum,2,6781,raw,45,16940933.0,-4.231,45.0
Maximum,2,6781,raw,46,16941017.0,-4.147,46.0
Maximum,2,6781,raw,47,16941073.0,-4.091,47.0
Maximum,2,6781,raw,48,16941092.0,-4.072,48.0
Maximum,2,6781,raw,49,16941137.0,-4.027,49.0
Maximum,2,6781,raw,50,16941171.0,-3.993,50.0
Maximum,2,6781,raw,51,16941246.0,-3.918,51.0
Maximum,2,6781,raw,52,16941276.0,-3.888,52.0
Maximum,2,6781,raw,53,16941319.0,-3.845,53.0
Maximum,2,6781,raw,54,16941320.0,-3.844,54.0
Maximum,2,6781,raw,55,16941434.0,-3.73,55.0
Maximum,2,6781,raw,56,16941446.0,-3.718,56.0
Maximum,2,6781,raw,57,16941472.0,-3.692,57.0
Maximum,2,6781,raw,58,16941606.0,-3.5580000000000003,58.0
Maximum,2,6781,raw,59,16941696.0,-3.468,59.0
Maximum,2,6781,raw,60,16941882.0,-3.282,60.0
Maximum,2,6781,raw,61,16941948.0,-3.216,61.0
Maximum,2,6781,raw,62,16942005.0,-3.1590000000000003,62.0
Maximum,2,6781,raw,63,16942026.0,-3.138,63.0
Maximum,2,6781,raw,64,16942069.0,-3.095,64.0
Maximum,2,6781,raw,65,16942232.0,-2.932,65.0
Maximum,2,6781,raw,66,16942385.0,-2.779,66.0
Maximum,2,6781,raw,67,16942420.0,-2.744,67.0
Maximum,2,6781,raw,68,16942524.0,-2.64,68.0
Maximum,2,6781,raw,69,16942901.0,-2.263,69.0
Maximum,2,6781,raw,70,16942986.0,-2.178,70.0
Maximum,2,6781,raw,71,16943013.0,-2.1510000000000002,71.0
Maximum,2,6781,raw,72,16943060.0,-2.104,72.0
Maximum,2,6781,raw,73,16943062.0,-2.102,73.0
Maximum,2,6781,raw,74,16943162.0,-2.0020000000000002,74.0
Maximum,2,6781,raw,75,16943197.0,-1.967,75.0
Maximum,2,6781,raw,76,16943254.0,-1.9100000000000001,76.0
Maximum,2,6781,raw,77,16943303.0,-1.861,77.0
Maximum,2,6781,raw,78,16943581.0,-1.583,78.0
Maximum,2,6781,raw,79,16943593.0,-1.571,79.0
Maximum,2,6781,raw,80,16943628.0,-1.536,80.0
Maximum,2,6781,raw,81,16943677.0,-1.487,81.0
Maximum,2,6781,raw,82,16943711.0,-1.453,82.0
Maximum,2,6781,raw,83,16943712.0,-1.452,83.0
Maximum,2,6781,raw,84,16943823.0,-1.341,84.0
Maximum,2,6781,raw,85,16943928.0,-1.236,85.0
Maximum,2,6781,raw,86,16944029.0,-1.135,86.0
Maximum,2,6781,raw,87,16944131.0,-1.033,87.0
Maximum,2,6781,raw,88,16944173.0,-0.991,88.0
Maximum,2,6781,raw,89,16944247.0,-0.917,89.0
Maximum,2,6781,raw,90,16944312.0,-0.852,90.0
Maximum,2,6781,raw,91,16944324.0,-0.84,91.0
Maximum,2,6781,raw,92,16944445.0,-0.719,92.0
Maximum,2,6781,raw,93,16944677.0,-0.487,93.0
Maximum,2,6781,raw,94,16944714.0,-0.45,94.0
Maximum,2,6781,raw,95,16944758.0,-0.406,95.0
Maximum,2,6781,raw,96,16944878.0,-0.28600000000000003,96.0
Maximum,2,6781,raw,97,16944923.0,-0.241,97.0
Maximum,2,6781,raw,98,16945061.0,-0.10300000000000001,98.0
Maximum,2,6781,raw,99,16945089.0,-0.075,99.0
Maximum,2,6781,raw,100,16945117.0,-0.047,100.0
Maximum,2,6781,raw,101,16945122.0,-0.042,101.0
Maximum,2,6781,raw,102,16945151.0,-0.013000000000000001,102.0
Maximum,2,6781,raw,103,16945153.0,-0.011,103.0
Maximum,2,6781,raw,104,16945974.0,0.81,102.0
Maximum,2,6781,raw,105,16946028.0,0.864,101.0
Maximum,2,6781,raw,106,16946036.0,0.872,100.0
Maximum,2,6781,raw,107,16946037.0,0.873,99.0
Maximum,2,6781,raw,108,16946155.0,0.991,98.0
Maximum,2,6781,raw,109,16946266.0,1.102,97.0
Maximum,2,6781,raw,110,16946355.0,1.191,96.0
Maximum,2,6781,raw,111,16946383.0,1.219,95.0
Maximum,2,6781,raw,112,16946511.0,1.347,94.0
Maximum,2,6781,raw,113,16946718.0,1.554,93.0
Maximum,2,6781,raw,114,16946723.0,1.559,92.0
Maximum,2,6781,raw,115,16946791.0,1.627,91.0
Maximum,2,6781,raw,116,16946841.0,1.677,90.0
Maximum,2,6781,raw,117,16946885.0,1.721,89.0
Maximum,2,6781,raw,118,16946921.0,1.7570000000000001,88.0
Maximum,2,6781,raw,119,16946928.0,1.764,87.0
Maximum,2,6781,raw,120,16947113.0,1.949,86.0
Maximum,2,6781,raw,121,16947364.0,2.2,85.0
Maximum,2,6781,raw,122,16947453.0,2.289,84.0
Maximum,2,6781,raw,123,16947548.0,2.384,83.0
Maximum,2,6781,raw,124,16947555.0,2.391,82.0
Maximum,2,6781,raw,125,16947691.0,2.527,81.0
Maximum,2,6781,raw,126,16947706.0,2.5420000000000003,80.0
Maximum,2,6781,raw,127,16947776.0,2.612,79.0
Maximum,2,6781,raw,128,16947785.0,2.621,78.0
Maximum,2,6781,raw,129,16947905.0,2.741,77.0
Maximum,2,6781,raw,130,16947986.0,2.822,76.0
Maximum,2,6781,raw,131,16948152.0,2.988,75.0
Maximum,2,6781,raw,132,16948370.0,3.206,74.0
Maximum,2,6781,raw,133,16948389.0,3.225,73.0
Maximum,2,6781,raw,134,16948402.0,3.238,72.0
Maximum,2,6781,raw,135,16948461.0,3.297,71.0
Maximum,2,6781,raw,136,16948467.0,3.303,70.0
Maximum,2,6781,raw,137,16948471.0,3.307,69.0
Maximum,2,6781,raw,138,16948552.0,3.388,68.0
Maximum,2,6781,raw,139,16948588.0,3.424,67.0
Maximum,2,6781,raw,140,16948595.0,3.431,66.0
Maximum,2,6781,raw,141,16948617.0,3.4530000000000003,65.0
Maximum,2,6781,raw,142,16948658.0,3.494,64.0
Maximum,2,6781,raw,143,16948829.0,3.665,63.0
Maximum,2,6781,raw,144,16948840.0,3.676,62.0
Maximum,2,6781,raw,145,16948950.0,3.786,61.0
Maximum,2,6781,raw,146,16948953.0,3.789,60.0
Maximum,2,6781,raw,147,16949011.0,3.847,59.0
Maximum,2,6781,raw,148,16949016.0,3.852,58.0
Maximum,2,6781,raw,149,16949628.0,4.464,57.0
Maximum,2,6781,raw,150,16949790.0,4.626,56.0
Maximum,2,6781,raw,151,16949855.0,4.691,55.0
Maximum,2,6781,raw,152,16949899.0,4.735,54.0
Maximum,2,6781,raw,153,16949922.0,4.758,53.0
Maximum,2,6781,raw,154,16950046.0,4.882,52.0
Maximum,2,6781,raw,155,16950054.0,4.89,51.0
Maximum,2,6781,raw,156,16950105.0,4.941,50.0
Maximum,2,6781,raw,157,16950115.0,4.9510000000000005,49.0
Maximum,2,6781,raw,158,16950212.0,5.048,48.0
Maximum,2,6781,raw,159,16950254.0,5.09,47.0
Maximum,2,6781,raw,160,16950372.0,5.208,46.0
Maximum,2,6781,raw,161,16950472.0,5.308,45.0
Maximum,2,6781,raw,162,16950715.0,5.551,44.0
Maximum,2,6781,raw,163,16950760.0,5.596,43.0
Maximum,2,6781,raw,164,16950812.0,5.648,42.0
Maximum,2,6781,raw,165,16950916.0,5.752,41.0
Maximum,2,6781,raw,166,16951187.0,6.023,40.0
Maximum,2,6781,raw,167,16951257.0,6.093,39.0
Maximum,2,6781,raw,168,16951309.0,6.1450000000000005,38.0
Maximum,2,6781,raw,169,16951413.0,6.2490000000000006,37.0
Maximum,2,6781,raw,170,16951427.0,6.263,36.0
Maximum,2,6781,raw,171,16951580.0,6.416,35.0
Maximum,2,6781,raw,172,16951651.0,6.487,34.0
Maximum,2,6781,raw,173,16951657.0,6.493,33.0
Maximum,2,6781,raw,174,16951771.0,6.607,32.0
Maximum,2,6781,raw,175,16952096.0,6.932,31.0
Maximum,2,6781,interpolated,0,16938164.780654937,-6.999219345062971,0.03252728904288915
Maximum,2,6781,interpolated,1,16938181.225340977,-6.982774659022689,0.7177225407212973
Maximum,2,6781,interpolated,2,16938197.670027014,-6.966329972986132,1.1324661234776272
Maximum,2,6781,interpolated,3,16938214.114713054,-6.949885286945849,1.3577357952623288
Maximum,2,6781,interpolated,4,16938230.55939909,-6.933440600909293,1.583005466995985
Maximum,2,6781,interpolated,5,16938247.004085127,-6.916995914872736,1.8082751387296412
Maximum,2,6781,interpolated,6,16938263.448771168,-6.9005512288324535,2.136042842641473
Maximum,2,6781,interpolated,7,16938279.893457204,-6.884106542795896,3.030808869107034
Maximum,2,6781,interpolated,8,16938296.338143244,-6.867661856755614,3.5978670084271016
Maximum,2,6781,interpolated,9,16938312.78282928,-6.851217170719058,4.0264244711654555
Maximum,2,6781,interpolated,10,16938329.227515317,-6.8347724846825,4.117279090151953
Maximum,2,6781,interpolated,11,16938345.672201358,-6.818327798642218,4.2081337091590285
Maximum,2,6781,interpolated,12,16938362.116887394,-6.801883112605661,4.298988328145526
Maximum,2,6781,interpolated,13,16938378.561573435,-6.785438426565379,4.3898429471526015
Maximum,2,6781,interpolated,14,16938395.00625947,-6.768993740528822,4.480697566139099
Maximum,2,6781,interpolated,15,16938411.45094551,-6.75254905448854,4.5715521851461745
Maximum,2,6781,interpolated,16,16938427.895631548,-6.736104368451983,4.662406804132672
Maximum,2,6781,interpolated,17,16938444.340317585,-6.7196596824154256,4.75326142311917
Maximum,2,6781,interpolated,18,16938460.785003625,-6.703214996375143,4.844116042126302
Maximum,2,6781,interpolated,19,16938477.22968966,-6.686770310338587,4.9349706611128
Maximum,2,6781,interpolated,20,16938493.6743757,-6.670325624298305,5.070823874268115
Maximum,2,6781,interpolated,21,16938510.11906174,-6.653880938261747,5.319985783912898
Maximum,2,6781,interpolated,22,16938526.563747775,-6.63743625222519,5.569147693557738
Maximum,2,6781,interpolated,23,16938543.008433815,-6.620991566184908,5.818309603258967
Maximum,2,6781,interpolated,24,16938559.45311985,-6.604546880148352,6.0511852856511155
Maximum,2,6781,interpolated,25,16938575.897805892,-6.588102194108069,6.240204665424471
Maximum,2,6781,interpolated,26,16938592.34249193,-6.571657508071512,6.429224045155024
Maximum,2,6781,interpolated,27,16938608.787177965,-6.555212822034955,6.618243424885577
Maximum,2,6781,interpolated,28,16938625.231864005,-6.5387681359946725,6.807262804658933
Maximum,2,6781,interpolated,29,16938641.676550042,-6.522323449958116,6.996282184389486
Maximum,2,6781,interpolated,30,16938658.121236082,-6.505878763917834,7.240615463912945
Maximum,2,6781,interpolated,31,16938674.56592212,-6.489434077881277,7.486058539085434
Maximum,2,6781,interpolated,32,16938691.010608155,-6.472989391844719,7.7315016142579225
Maximum,2,6781,interpolated,33,16938707.455294196,-6.456544705804437,7.976944689486004
Maximum,2,6781,interpolated,34,16938723.899980232,-6.440100019767881,9.573683170111565
Maximum,2,6781,interpolated,35,16938740.344666272,-6.423655333727599,10.225531520875734
Maximum,2,6781,interpolated,36,16938756.78935231,-6.407210647691041,10.669982494836745
Maximum,2,6781,interpolated,37,16938773.23403835,-6.390765961650759,11.325695257633924
Maximum,2,6781,interpolated,38,16938789.678724386,-6.374321275614202,12.085319159842186
Maximum,2,6781,interpolated,39,16938806.123410422,-6.3578765895776455,12.26803789358172
Maximum,2,6781,interpolated,40,16938822.568096463,-6.341431903537363,12.450756627362637
Maximum,2,6781,interpolated,41,16938839.0127825,-6.324987217500806,12.633475361102171
Maximum,2,6781,interpolated,42,16938855.45746854,-6.308542531460524,12.816194094883087
Maximum,2,6781,interpolated,43,16938871.902154576,-6.292097845423966,12.998912828622565
Maximum,2,6781,interpolated,44,16938888.346840613,-6.27565315938741,13.192315771912831
Maximum,2,6781,interpolated,45,16938904.791526653,-6.259208473347128,13.385782666504383
Maximum,2,6781,interpolated,46,16938921.23621269,-6.242763787310571,13.579249561052109
Maximum,2,6781,interpolated,47,16938937.68089873,-6.226319101270288,13.77271645564366
Maximum,2,6781,interpolated,48,16938954.125584766,-6.209874415233731,13.966183350191386
Maximum,2,6781,interpolated,49,16938970.570270803,-6.193429729197175,15.005751907702631
Maximum,2,6781,interpolated,50,16938987.014956843,-6.1769850431568925,15.06598885290515
Maximum,2,6781,interpolated,51,16939003.45964288,-6.160540357120335,15.126225798094026
Maximum,2,6781,interpolated,52,16939019.90432892,-6.144095671080053,15.186462743296488
Maximum,2,6781,interpolated,53,16939036.349014957,-6.127650985043496,15.246699688485364
Maximum,2,6781,interpolated,54,16939052.793700997,-6.111206299003213,15.306936633687883
Maximum,2,6781,interpolated,55,16939069.238387033,-6.094761612966657,15.367173578876702
Maximum,2,6781,interpolated,56,16939085.68307307,-6.0783169269301,15.427410524065579
Maximum,2,6781,interpolated,57,16939102.12775911,-6.061872240889818,15.48764746926804
Maximum,2,6781,interpolated,58,16939118.572445147,-6.04542755485326,15.547884414456917
Maximum,2,6781,interpolated,59,16939135.017131187,-6.028982868812978,15.608121359659435
Maximum,2,6781,interpolated,60,16939151.461817224,-6.012538182776422,15.668358304848255
Maximum,2,6781,interpolated,61,16939167.90650326,-5.9960934967398645,15.72859525003713
Maximum,2,6781,interpolated,62,16939184.3511893,-5.979648810699582,15.78883219523965
Maximum,2,6781,interpolated,63,16939200.795875337,-5.963204124663025,15.849069140428469
Maximum,2,6781,interpolated,64,16939217.240561377,-5.946759438622743,15.909306085630988
Maximum,2,6781,interpolated,65,16939233.685247414,-5.930314752586186,15.969543030819807
Maximum,2,6781,interpolated,66,16939250.12993345,-5.913870066549629,16.17673768370372
Maximum,2,6781,interpolated,67,16939266.57461949,-5.897425380509347,16.534230858492435
Maximum,2,6781,interpolated,68,16939283.019305527,-5.88098069447279,16.891724033200205
Maximum,2,6781,interpolated,69,16939299.463991567,-5.864536008432507,17.150841994309133
Maximum,2,6781,interpolated,70,16939315.908677604,-5.848091322395951,17.367219442158557
Maximum,2,6781,interpolated,71,16939332.35336364,-5.831646636359394,17.583596890007982
Maximum,2,6781,interpolated,72,16939348.79804968,-5.8152019503191115,17.799974337906406
Maximum,2,6781,interpolated,73,16939365.242735717,-5.798757264282554,18.06213678587227
Maximum,2,6781,interpolated,74,16939381.687421758,-5.782312578242272,18.884371087886393
Maximum,2,6781,interpolated,75,16939398.132107794,-5.765867892205716,20.413210779428482
Maximum,2,6781,interpolated,76,16939414.576793835,-5.749423206165433,22.053623017640064
Maximum,2,6781,interpolated,77,16939431.02147987,-5.732978520128876,22.21174499876082
Maximum,2,6781,interpolated,78,16939447.466165908,-5.716533834092319,22.36986697988152
Maximum,2,6781,interpolated,79,16939463.910851948,-5.700089148052037,22.52798896103809
Maximum,2,6781,interpolated,80,16939480.355537985,-5.68364446201548,22.686110942158848
Maximum,2,6781,interpolated,81,16939496.800224025,-5.667199775975198,22.844232923315417
Maximum,2,6781,interpolated,82,16939513.24491006,-5.650755089938641,23.003354932347406
Maximum,2,6781,interpolated,83,16939529.689596098,-5.6343104039020835,23.228624604081062
Maximum,2,6781,interpolated,84,16939546.13428214,-5.617865717861801,23.453894275865707
Maximum,2,6781,interpolated,85,16939562.578968175,-5.601421031825245,23.679163947599363
Maximum,2,6781,interpolated,86,16939579.023654215,-5.584976345784963,23.904433619384065
Maximum,2,6781,interpolated,87,16939595.46834025,-5.568531659748405,24.236708506289858
Maximum,2,6781,interpolated,88,16939611.91302629,-5.552086973711848,24.647825657203782
Maximum,2,6781,interpolated,89,16939628.35771233,-5.535642287671566,25.027100141706114
Maximum,2,6781,interpolated,90,16939644.802398365,-5.5191976016350095,25.216119521436667
Maximum,2,6781,interpolated,91,16939661.247084405,-5.502752915594727,25.405138901210023
Maximum,2,6781,interpolated,92,16939677.69177044,-5.48630822955817,25.594158280940576
Maximum,2,6781,interpolated,93,16939694.13645648,-5.469863543521613,25.78317766067113
Maximum,2,6781,interpolated,94,16939710.58114252,-5.4534188574813305,25.972197040444485
Maximum,2,6781,interpolated,95,16939727.025828555,-5.436974171444774,26.203272877611994
Maximum,2,6781,interpolated,96,16939743.470514596,-5.420529485404492,26.44160166080445
Maximum,2,6781,interpolated,97,16939759.915200632,-5.404084799367935,26.679930443942965
Maximum,2,6781,interpolated,98,16939776.359886672,-5.387640113327652,26.91825922713548
Maximum,2,6781,interpolated,99,16939792.80457271,-5.371195427291095,27.317781550261884
Maximum,2,6781,interpolated,100,16939809.249258745,-5.354750741254539,27.801448786631227
Maximum,2,6781,interpolated,101,16939825.693944786,-5.3383060552142565,28.170069206767437
Maximum,2,6781,interpolated,102,16939842.138630822,-5.321861369177699,28.458572470566708
Maximum,2,6781,interpolated,103,16939858.583316863,-5.305416683137417,28.74707573443129
Maximum,2,6781,interpolated,104,16939875.0280029,-5.28897199710086,29.007921886324766
Maximum,2,6781,interpolated,105,16939891.472688936,-5.272527311064303,29.072158941155067
Maximum,2,6781,interpolated,106,16939907.917374976,-5.256082625024021,29.13639599599992
Maximum,2,6781,interpolated,107,16939924.362061013,-5.239637938987464,29.20063305083022
Maximum,2,6781,interpolated,108,16939940.806747053,-5.223193252947182,29.264870105675072
Maximum,2,6781,interpolated,109,16939957.25143309,-5.206748566910624,29.329107160505373
Maximum,2,6781,interpolated,110,16939973.696119126,-5.190303880874068,29.393344215335674
Maximum,2,6781,interpolated,111,16939990.140805166,-5.173859194833786,29.457581270180526
Maximum,2,6781,interpolated,112,16940006.585491203,-5.1574145087972285,29.521818325010827
Maximum,2,6781,interpolated,113,16940023.030177243,-5.140969822756946,29.58605537985568
Maximum,2,6781,interpolated,114,16940039.47486328,-5.124525136720389,29.65029243468598
Maximum,2,6781,interpolated,115,16940055.91954932,-5.108080450680107,29.714529489530833
Maximum,2,6781,interpolated,116,16940072.364235356,-5.09163576464355,29.778766544361133
Maximum,2,6781,interpolated,117,16940088.808921393,-5.075191078606993,29.843003599191434
Maximum,2,6781,interpolated,118,16940105.253607433,-5.058746392566711,29.907240654036286
Maximum,2,6781,interpolated,119,16940121.69829347,-5.042301706530154,29.971477708866587
Maximum,2,6781,interpolated,120,16940138.14297951,-5.025857020489871,31.046382983832018
Maximum,2,6781,interpolated,121,16940154.587665547,-5.009412334453315,31.15316665939406
Maximum,2,6781,interpolated,122,16940171.032351583,-4.992967648416758,31.259950334956102
Maximum,2,6781,interpolated,123,16940187.477037624,-4.9765229623764755,31.36673401054236
Maximum,2,6781,interpolated,124,16940203.92172366,-4.960078276339918,31.4735176861044
Maximum,2,6781,interpolated,125,16940220.3664097,-4.943633590299636,31.58030136169066
Maximum,2,6781,interpolated,126,16940236.811095737,-4.92718890426308,31.687085037252757
Maximum,2,6781,interpolated,127,16940253.255781773,-4.910744218226522,31.7938687128148
Maximum,2,6781,interpolated,128,16940269.700467814,-4.89429953218624,31.900652388401056
Maximum,2,6781,interpolated,129,16940286.14515385,-4.877854846149683,32.027265567864674
Maximum,2,6781,interpolated,130,16940302.58983989,-4.861410160109401,32.41880571168093
Maximum,2,6781,interpolated,131,16940319.034525927,-4.844965474072844,32.81034585540846
Maximum,2,6781,interpolated,132,16940335.479211964,-4.828520788036287,34.00563778780838
Maximum,2,6781,interpolated,133,16940351.923898004,-4.812076101996005,34.199104682399934
Maximum,2,6781,interpolated,134,16940368.36858404,-4.7956314159594475,34.39257157694766
Maximum,2,6781,interpolated,135,16940384.81327008,-4.779186729919165,34.58603847153921
Maximum,2,6781,interpolated,136,16940401.257956117,-4.762742043882609,34.77950536608694
Maximum,2,6781,interpolated,137,16940417.702642158,-4.746297357842327,34.97297226067849
Maximum,2,6781,interpolated,138,16940434.147328194,-4.729852671805769,37.3497031326923
Maximum,2,6781,interpolated,139,16940450.59201423,-4.713407985769212,38.05756529473257
Maximum,2,6781,interpolated,140,16940467.03670027,-4.69696329972893,38.14693858842975
Maximum,2,6781,interpolated,141,16940483.481386308,-4.6805186136923735,38.23631188210669
Maximum,2,6781,interpolated,142,16940499.926072348,-4.664073927652091,38.32568517580387
Maximum,2,6781,interpolated,143,16940516.370758384,-4.647629241615534,38.41505846948081
Maximum,2,6781,interpolated,144,16940532.81544442,-4.631184555578977,38.504431763157754
Maximum,2,6781,interpolated,145,16940549.26013046,-4.6147398695386945,38.59380505685493
Maximum,2,6781,interpolated,146,16940565.704816498,-4.598295183502138,38.683178350531875
Maximum,2,6781,interpolated,147,16940582.14950254,-4.581850497461856,38.772551644229054
Maximum,2,6781,interpolated,148,16940598.594188575,-4.565405811425299,38.861924937906
Maximum,2,6781,interpolated,149,16940615.03887461,-4.548961125388741,38.95129823158294
Maximum,2,6781,interpolated,150,16940631.48356065,-4.532516439348459,39.076362863791246
Maximum,2,6781,interpolated,151,16940647.928246688,-4.516071753311903,39.24416578253158
Maximum,2,6781,interpolated,152,16940664.37293273,-4.4996270672716205,39.41196870131
Maximum,2,6781,interpolated,153,16940680.817618765,-4.483182381235063,39.579771620050394
Maximum,2,6781,interpolated,154,16940697.2623048,-4.466737695198506,39.74757453879073
Maximum,2,6781,interpolated,155,16940713.70699084,-4.450293009158224,39.91537745756915
Maximum,2,6781,interpolated,156,16940730.15167688,-4.433848323121667,40.092632691799224
Maximum,2,6781,interpolated,157,16940746.59636292,-4.417403637081385,40.279504124075174
Maximum,2,6781,interpolated,158,16940763.041048955,-4.400958951044828,40.466375556308776
Maximum,2,6781,interpolated,159,16940779.485734995,-4.384514265004546,40.653246988584726
Maximum,2,6781,interpolated,160,16940795.930421032,-4.368069578967988,40.84011842081833
Maximum,2,6781,interpolated,161,16940812.37510707,-4.351624892931432,42.010717344816214
Maximum,2,6781,interpolated,162,16940828.81979311,-4.33518020689115,42.480565517395746
Maximum,2,6781,interpolated,163,16940845.264479145,-4.318735520854593,42.95041368986881
Maximum,2,6781,interpolated,164,16940861.709165186,-4.30229083481431,43.249307884503196
Maximum,2,6781,interpolated,165,16940878.153851222,-4.285846148777753,43.528031376648244
Maximum,2,6781,interpolated,166,16940894.59853726,-4.269401462741196,43.80675486879329
Maximum,2,6781,interpolated,167,16940911.0432233,-4.252956776700914,44.1867860481143
Maximum,2,6781,interpolated,168,16940927.487909336,-4.236512090664357,44.79584849391273
Maximum,2,6781,interpolated,169,16940943.932595376,-4.220067404624075,45.130149944951484
Maximum,2,6781,interpolated,170,16940960.377281412,-4.203622718587518,45.325920016815246
Maximum,2,6781,interpolated,171,16940976.82196745,-4.18717803255096,45.521690088679065
Maximum,2,6781,interpolated,172,16940993.26665349,-4.170733346510678,45.717460160587166
Maximum,2,6781,interpolated,173,16941009.711339526,-4.154288660474122,45.91323023245093
Maximum,2,6781,interpolated,174,16941026.156025566,-4.1378439744338396,46.1635004565386
Maximum,2,6781,interpolated,175,16941042.600711603,-4.121399288397282,46.45715556433424
Maximum,2,6781,interpolated,176,16941059.045397643,-4.104954602357,46.75081067219645
Maximum,2,6781,interpolated,177,16941075.49008368,-4.088509916320443,47.13105703576616
Maximum,2,6781,interpolated,178,16941091.934769716,-4.0720652302838865,47.99656682716386
Maximum,2,6781,interpolated,179,16941108.379455756,-4.055620544243604,48.363987905697684
Maximum,2,6781,interpolated,180,16941124.824141793,-4.039175858207047,48.72942537317675
Maximum,2,6781,interpolated,181,16941141.268827833,-4.022731172166765,49.12555375980105
Maximum,2,6781,interpolated,182,16941157.71351387,-4.006286486130207,49.609220996170336
Maximum,2,6781,interpolated,183,16941174.158199906,-3.989841800093651,50.042109332084635
Maximum,2,6781,interpolated,184,16941190.602885947,-3.973397114053369,50.261371812621746
Maximum,2,6781,interpolated,185,16941207.047571983,-3.9569524280168116,50.480634293109176
Maximum,2,6781,interpolated,186,16941223.492258023,-3.9405077419765293,50.69989677364629
Maximum,2,6781,interpolated,187,16941239.93694406,-3.9240630559399725,50.91915925413372
Maximum,2,6781,interpolated,188,16941256.381630097,-3.9076183699034157,51.34605433655281
Maximum,2,6781,interpolated,189,16941272.826316137,-3.8911736838631334,51.89421053789556
Maximum,2,6781,interpolated,190,16941289.271002173,-3.874728997826576,52.30862795752148
Maximum,2,6781,interpolated,191,16941305.715688214,-3.858284311786294,52.69106251659781
Maximum,2,6781,interpolated,192,16941322.16037425,-3.841839625749737,54.01895065131811
Maximum,2,6781,interpolated,193,16941338.605060287,-3.8253949397131803,54.16320228321774
Maximum,2,6781,interpolated,194,16941355.049746327,-3.808950253672898,54.307453915150006
Maximum,2,6781,interpolated,195,16941371.494432364,-3.792505567636341,54.45170554704964
Maximum,2,6781,interpolated,196,16941387.939118404,-3.7760608815960586,54.59595717898196
Maximum,2,6781,interpolated,197,16941404.38380444,-3.7596161955595018,54.74020881088154
Maximum,2,6781,interpolated,198,16941420.82849048,-3.7431715095192195,54.88446044281386
Maximum,2,6781,interpolated,199,16941437.273176517,-3.7267268234826627,55.27276470977813
Maximum,2,6781,interpolated,200,16941453.717862554,-3.7102821374461055,56.29684086745749
Maximum,2,6781,interpolated,201,16941470.162548594,-3.693837451405823,56.92932879208371
Maximum,2,6781,interpolated,202,16941486.60723463,-3.6773927653692664,57.109009213662205
Maximum,2,6781,interpolated,203,16941503.05192067,-3.660948079328984,57.231730751276245
Maximum,2,6781,interpolated,204,16941519.496606708,-3.6445033932924273,57.35445228886249
Maximum,2,6781,interpolated,205,16941535.941292744,-3.62805870725587,57.477173826448734
Maximum,2,6781,interpolated,206,16941552.385978784,-3.611614021215588,57.599895364062775
Maximum,2,6781,interpolated,207,16941568.83066482,-3.595169335179031,57.72261690164902
Maximum,2,6781,interpolated,208,16941585.27535086,-3.5787246491387488,57.84533843926306
Maximum,2,6781,interpolated,209,16941601.720036898,-3.562279963102192,57.968059976849304
Maximum,2,6781,interpolated,210,16941618.164722934,-3.5458352770656347,58.13516358815963
Maximum,2,6781,interpolated,211,16941634.609408975,-3.5293905910253525,58.317882321940544
Maximum,2,6781,interpolated,212,16941651.05409501,-3.5129459049887957,58.50060105568002
Maximum,2,6781,interpolated,213,16941667.49878105,-3.4965012189485134,58.68331978946094
Maximum,2,6781,interpolated,214,16941683.943467088,-3.4800565329119566,58.86603852320047
Maximum,2,6781,interpolated,215,16941700.38815313,-3.4636118468716743,59.023592221120055
Maximum,2,6781,interpolated,216,16941716.832839165,-3.447167160835117,59.11200451163916
Maximum,2,6781,interpolated,217,16941733.2775252,-3.4307224747985603,59.20041680215826
Maximum,2,6781,interpolated,218,16941749.72221124,-3.414277788758278,59.288829092697426
Maximum,2,6781,interpolated,219,16941766.16689728,-3.397833102721721,59.37724138321653
Maximum,2,6781,interpolated,220,16941782.61158332,-3.381388416681439,59.465653673755696
Maximum,2,6781,interpolated,221,16941799.056269355,-3.3649437306448817,59.554065964274855
Maximum,2,6781,interpolated,222,16941815.50095539,-3.348499044608325,59.64247825479396
Maximum,2,6781,interpolated,223,16941831.945641432,-3.3320543585680427,59.730890545333125
Maximum,2,6781,interpolated,224,16941848.39032747,-3.3156096725314854,59.81930283585223
Maximum,2,6781,interpolated,225,16941864.83501351,-3.299164986491203,59.907715126391395
Maximum,2,6781,interpolated,226,16941881.279699545,-3.2827203004546464,59.9961274169105
Maximum,2,6781,interpolated,227,16941897.724385582,-3.2662756144180896,60.23824826639259
Maximum,2,6781,interpolated,228,16941914.169071622,-3.2498309283778073,60.48741017609382
Maximum,2,6781,interpolated,229,16941930.61375766,-3.23338624234125,60.73657208573866
Maximum,2,6781,interpolated,230,16941947.0584437,-3.216941556300968,60.98573399543989
Maximum,2,6781,interpolated,231,16941963.503129736,-3.200496870264411,61.27198473220329
Maximum,2,6781,interpolated,232,16941979.947815772,-3.184052184227854,61.560487996002564
Maximum,2,6781,interpolated,233,16941996.392501812,-3.167607498187572,61.84899125986715
Maximum,2,6781,interpolated,234,16942012.83718785,-3.1511628121510147,62.373199421380264
Maximum,2,6781,interpolated,235,16942029.28187389,-3.1347181261107324,63.07632264858762
Maximum,2,6781,interpolated,236,16942045.726559926,-3.1182734400741756,63.45875720757732
Maximum,2,6781,interpolated,237,16942062.171245966,-3.1018287540338934,63.84119176665365
Maximum,2,6781,interpolated,238,16942078.615932003,-3.0853840679973366,64.05899344786911
Maximum,2,6781,interpolated,239,16942095.06061804,-3.0689393819607793,64.15988109226515
Maximum,2,6781,interpolated,240,16942111.50530408,-3.052494695920497,64.26076873668404
Maximum,2,6781,interpolated,241,16942127.949990116,-3.0360500098839402,64.36165638108014
Maximum,2,6781,interpolated,242,16942144.394676156,-3.019605323843658,64.46254402549903
Maximum,2,6781,interpolated,243,16942160.839362193,-3.003160637807101,64.56343166989507
Maximum,2,6781,interpolated,244,16942177.28404823,-2.986715951770544,64.66431931429116
Maximum,2,6781,interpolated,245,16942193.72873427,-2.9702712657302617,64.76520695871005
Maximum,2,6781,interpolated,246,16942210.173420306,-2.953826579693705,64.86609460310609
Maximum,2,6781,interpolated,247,16942226.618106347,-2.9373818936534226,64.96698224752504
Maximum,2,6781,interpolated,248,16942243.062792383,-2.920937207616866,65.0723058325695
Maximum,2,6781,interpolated,249,16942259.50747842,-2.9044925215803086,65.17978744065158
Maximum,2,6781,interpolated,250,16942275.95216446,-2.8880478355400263,65.28726904875799
Maximum,2,6781,interpolated,251,16942292.396850497,-2.8716031495034695,65.39475065684007
Maximum,2,6781,interpolated,252,16942308.841536537,-2.8551584634631872,65.50223226494649
Maximum,2,6781,interpolated,253,16942325.286222573,-2.8387137774266304,65.60971387302857
Maximum,2,6781,interpolated,254,16942341.73090861,-2.822269091390073,65.71719548111065
Maximum,2,6781,interpolated,255,16942358.17559465,-2.805824405349791,65.82467708921706
Maximum,2,6781,interpolated,256,16942374.620280687,-2.789379719313234,65.93215869729914
Maximum,2,6781,interpolated,257,16942391.064966727,-2.772935033272952,66.17328476362997
Maximum,2,6781,interpolated,258,16942407.509652764,-2.756490347236395,66.64313293610303
Maximum,2,6781,interpolated,259,16942423.954338804,-2.740045661196113,67.03802248849894
Maximum,2,6781,interpolated,260,16942440.39902484,-2.7236009751595556,67.19614446961964
Maximum,2,6781,interpolated,261,16942456.843710877,-2.7071562891229988,67.3542664507404
Maximum,2,6781,interpolated,262,16942473.288396917,-2.6907116030827165,67.51238843189697
Maximum,2,6781,interpolated,263,16942489.733082954,-2.6742669170461597,67.67051041301772
Maximum,2,6781,interpolated,264,16942506.177768994,-2.6578222310058774,67.82863239417424
Maximum,2,6781,interpolated,265,16942522.62245503,-2.64137754496932,67.98675437529499
Maximum,2,6781,interpolated,266,16942539.067141067,-2.6249328589327634,68.03996589142503
Maximum,2,6781,interpolated,267,16942555.511827108,-2.608488172892481,68.08358574829583
Maximum,2,6781,interpolated,268,16942571.956513144,-2.5920434868559243,68.12720560515675
Maximum,2,6781,interpolated,269,16942588.401199184,-2.575598800815642,68.17082546202744
Maximum,2,6781,interpolated,270,16942604.84588522,-2.559154114779085,68.21444531888835
Maximum,2,6781,interpolated,271,16942621.290571257,-2.542709428742528,68.25806517574927
Maximum,2,6781,interpolated,272,16942637.735257298,-2.5262647427022458,68.30168503262007
Maximum,2,6781,interpolated,273,16942654.179943334,-2.509820056665689,68.34530488948099
Maximum,2,6781,interpolated,274,16942670.624629375,-2.4933753706254067,68.38892474635168
Maximum,2,6781,interpolated,275,16942687.06931541,-2.4769306845888495,68.43254460321259
Maximum,2,6781,interpolated,276,16942703.51400145,-2.460485998548567,68.4761644600834
Maximum,2,6781,interpolated,277,16942719.958687488,-2.4440413125120104,68.51978431694431
Maximum,2,6781,interpolated,278,16942736.403373525,-2.4275966264754536,68.56340417380511
Maximum,2,6781,interpolated,279,16942752.848059565,-2.4111519404351713,68.60702403067592
Maximum,2,6781,interpolated,280,16942769.2927456,-2.394707254398614,68.65064388753683
Maximum,2,6781,interpolated,281,16942785.73743164,-2.378262568358332,68.69426374440764
Maximum,2,6781,interpolated,282,16942802.18211768,-2.361817882321775,68.73788360126855
Maximum,2,6781,interpolated,283,16942818.626803715,-2.3453731962852182,68.78150345812935
Maximum,2,6781,interpolated,284,16942835.071489755,-2.328928510244936,68.82512331500016
Maximum,2,6781,interpolated,285,16942851.51617579,-2.3124838242083787,68.86874317186107
Maximum,2,6781,interpolated,286,16942867.960861832,-2.2960391381680965,68.91236302873187
Maximum,2,6781,interpolated,287,16942884.40554787,-2.2795944521315397,68.95598288559279
Maximum,2,6781,interpolated,288,16942900.850233905,-2.263149766094983,68.99960274245359
Maximum,2,6781,interpolated,289,16942917.294919945,-2.2467050800547006,69.19170494053299
Maximum,2,6781,interpolated,290,16942933.73960598,-2.2302603940181434,69.38517183508066
Maximum,2,6781,interpolated,291,16942950.184292022,-2.213815707977861,69.5786387296722
Maximum,2,6781,interpolated,292,16942966.62897806,-2.1973710219413043,69.77210562421999
Maximum,2,6781,interpolated,293,16942983.073664095,-2.1809263359047475,69.96557251876766
Maximum,2,6781,interpolated,294,16942999.518350136,-2.1644816498644652,70.50067963464949
Maximum,2,6781,interpolated,295,16943015.963036172,-2.148036963827908,71.06304332281047
Maximum,2,6781,interpolated,296,16943032.407722212,-2.1315922777876257,71.41293025983771
Maximum,2,6781,interpolated,297,16943048.85240825,-2.115147591751069,71.76281719678582
Maximum,2,6781,interpolated,298,16943065.29709429,-2.0987029057107867,73.03297094289212
Maximum,2,6781,interpolated,299,16943081.741780326,-2.08225821967423,73.19741780325774
Maximum,2,6781,interpolated,300,16943098.186466362,-2.0658135336376726,73.36186466362324
Maximum,2,6781,interpolated,301,16943114.631152403,-2.0493688475973904,73.52631152402614
Maximum,2,6781,interpolated,302,16943131.07583844,-2.0329241615608336,73.69075838439164
Maximum,2,6781,interpolated,303,16943147.52052448,-2.0164794755205513,73.85520524479443
Maximum,2,6781,interpolated,304,16943163.965210516,-2.0000347894839945,74.05614887188585
Maximum,2,6781,interpolated,305,16943180.409896553,-1.9835901034474372,74.52599704435897
Maximum,2,6781,interpolated,306,16943196.854582593,-1.967145417407155,74.99584521693839
Maximum,2,6781,interpolated,307,16943213.29926863,-1.9507007313705982,75.2859520812176
Maximum,2,6781,interpolated,308,16943229.74395467,-1.934256045330316,75.57445534508213
Maximum,2,6781,interpolated,309,16943246.188640706,-1.917811359293759,75.8629586088814
Maximum,2,6781,interpolated,310,16943262.633326743,-1.9013666732572019,76.17619034168979
Maximum,2,6781,interpolated,311,16943279.078012783,-1.8849219872169196,76.51179617924652
Maximum,2,6781,interpolated,312,16943295.52269882,-1.8684773011803628,76.8474020167273
Maximum,2,6781,interpolated,313,16943311.96738486,-1.8520326151400806,77.03225678007163
Maximum,2,6781,interpolated,314,16943328.412070896,-1.8355879291035235,77.09141032696573
Maximum,2,6781,interpolated,315,16943344.856756933,-1.8191432430669665,77.15056387385982
Maximum,2,6781,interpolated,316,16943361.301442973,-1.8026985570266842,77.20971742076733
Maximum,2,6781,interpolated,317,16943377.74612901,-1.7862538709901274,77.26887096766143
Maximum,2,6781,interpolated,318,16943394.19081505,-1.7698091849498452,77.32802451456894
Maximum,2,6781,interpolated,319,16943410.635501087,-1.7533644989132882,77.38717806146303
Maximum,2,6781,interpolated,320,16943427.080187127,-1.736919812873006,77.44633160837043
Maximum,2,6781,interpolated,321,16943443.524873164,-1.7204751268364489,77.50548515526452
Maximum,2,6781,interpolated,322,16943459.9695592,-1.704030440799892,77.56463870215862
Maximum,2,6781,interpolated,323,16943476.41424524,-1.6875857547596098,77.62379224906613
Maximum,2,6781,interpolated,324,16943492.858931277,-1.6711410687230528,77.68294579596022
Maximum,2,6781,interpolated,325,16943509.303617317,-1.6546963826827705,77.74209934286773
Maximum,2,6781,interpolated,326,16943525.748303354,-1.6382516966462135,77.80125288976183
Maximum,2,6781,interpolated,327,16943542.19298939,-1.6218070106096567,77.86040643665592
Maximum,2,6781,interpolated,328,16943558.63767543,-1.6053623245693744,77.91955998356343
Maximum,2,6781,interpolated,329,16943575.082361467,-1.5889176385328174,77.97871353045753
Maximum,2,6781,interpolated,330,16943591.527047507,-1.5724729524925352,78.87725395895541
Maximum,2,6781,interpolated,331,16943607.971733544,-1.5560282664559781,79.42776381554347
Maximum,2,6781,interpolated,332,16943624.41641958,-1.5395835804194213,79.89761198801659
Maximum,2,6781,interpolated,333,16943640.86110562,-1.523138894379139,80.26247154328291
Maximum,2,6781,interpolated,334,16943657.305791657,-1.506694208342582,80.59807738076358
Maximum,2,6781,interpolated,335,16943673.750477698,-1.4902495223022998,80.93368321832043
Maximum,2,6781,interpolated,336,16943690.195163734,-1.4738048362657428,81.38809305100756
Maximum,2,6781,interpolated,337,16943706.639849775,-1.4573601502254605,81.8717602874865
Maximum,2,6781,interpolated,338,16943723.08453581,-1.4409154641889037,83.09986068298281
Maximum,2,6781,interpolated,339,16943739.529221848,-1.4244707781523467,83.24801100763648
Maximum,2,6781,interpolated,340,16943755.973907888,-1.4080260921120644,83.3961613323238
Maximum,2,6781,interpolated,341,16943772.418593924,-1.3915814060755074,83.54431165697736
Maximum,2,6781,interpolated,342,16943788.863279965,-1.3751367200352251,83.69246198166468
Maximum,2,6781,interpolated,343,16943805.307966,-1.3586920339986681,83.84061230631835
Maximum,2,6781,interpolated,344,16943821.752652038,-1.3422473479621113,83.98876263097202
Maximum,2,6781,interpolated,345,16943838.19733808,-1.325802661921829,84.14473655312543
Maximum,2,6781,interpolated,346,16943854.642024115,-1.309357975885272,84.3013526106165
Maximum,2,6781,interpolated,347,16943871.086710155,-1.2929132898449898,84.45796866814294
Maximum,2,6781,interpolated,348,16943887.53139619,-1.2764686038084327,84.61458472563402
Maximum,2,6781,interpolated,349,16943903.976082228,-1.260023917771876,84.77120078312498
Maximum,2,6781,interpolated,350,16943920.42076827,-1.2435792317315937,84.92781684065153
Maximum,2,6781,interpolated,351,16943936.865454305,-1.2271345456950367,85.08777677529667
Maximum,2,6781,interpolated,352,16943953.310140345,-1.2106898596547544,85.25059544896283
Maximum,2,6781,interpolated,353,16943969.75482638,-1.1942451736181974,85.41341412259214
Maximum,2,6781,interpolated,354,16943986.19951242,-1.1778004875816406,85.57623279622135
Maximum,2,6781,interpolated,355,16944002.64419846,-1.1613558015413583,85.7390514698875
Maximum,2,6781,interpolated,356,16944019.088884495,-1.1449111155048013,85.90187014351682
Maximum,2,6781,interpolated,357,16944035.533570535,-1.128466429464519,86.06405461309294
Maximum,2,6781,interpolated,358,16944051.978256572,-1.112021743427962,86.22527702521609
Maximum,2,6781,interpolated,359,16944068.422942612,-1.0955770573876797,86.38649943737573
Maximum,2,6781,interpolated,360,16944084.86762865,-1.079132371351123,86.54772184949877
Maximum,2,6781,interpolated,361,16944101.312314685,-1.062687685314566,86.70894426162192
Maximum,2,6781,interpolated,362,16944117.757000726,-1.0462429992742837,86.87016667378157
Maximum,2,6781,interpolated,363,16944134.201686762,-1.0297983132377266,87.076230637197
Maximum,2,6781,interpolated,364,16944150.646372803,-1.0133536271974444,87.4677707810132
Maximum,2,6781,interpolated,365,16944167.09105884,-0.9969089411608875,87.85931092474073
Maximum,2,6781,interpolated,366,16944183.535744876,-0.9804642551243306,88.14237493075234
Maximum,2,6781,interpolated,367,16944199.980430916,-0.9640195690840483,88.3646004177831
Maximum,2,6781,interpolated,368,16944216.425116953,-0.9475748830474914,88.5868259047636
Maximum,2,6781,interpolated,369,16944232.869802993,-0.9311301970072091,88.80905139179447
Maximum,2,6781,interpolated,370,16944249.31448903,-0.9146855109706521,89.03560752352848
Maximum,2,6781,interpolated,371,16944265.759175066,-0.8982408249340952,89.28860269332165
Maximum,2,6781,interpolated,372,16944282.203861106,-0.8817961388938129,89.54159786317211
Maximum,2,6781,interpolated,373,16944298.648547143,-0.8653514528572559,89.79459303296528
Maximum,2,6781,interpolated,374,16944315.093233183,-0.8489067668169737,90.25776943191886
Maximum,2,6781,interpolated,375,16944331.53791922,-0.8324620807804167,91.06229685305436
Maximum,2,6781,interpolated,376,16944347.982605256,-0.8160173947438598,91.19820334922429
Maximum,2,6781,interpolated,377,16944364.427291296,-0.7995727087035776,91.33410984542502
Maximum,2,6781,interpolated,378,16944380.871977333,-0.7831280226670205,91.47001634159483
Maximum,2,6781,interpolated,379,16944397.316663373,-0.7666833366267384,91.60592283779556
Maximum,2,6781,interpolated,380,16944413.76134941,-0.7502386505901814,91.74182933396548
Maximum,2,6781,interpolated,381,16944430.20603545,-0.7337939645498991,91.8777358301661
Maximum,2,6781,interpolated,382,16944446.650721487,-0.7173492785133422,92.00711517882178
Maximum,2,6781,interpolated,383,16944463.095407523,-0.7009045924767852,92.0779974462207
Maximum,2,6781,interpolated,384,16944479.540093563,-0.6844599064365029,92.14887971363578
Maximum,2,6781,interpolated,385,16944495.9847796,-0.668015220399946,92.21976198103471
Maximum,2,6781,interpolated,386,16944512.42946564,-0.6515705343596637,92.29064424844978
Maximum,2,6781,interpolated,387,16944528.874151677,-0.6351258483231068,92.36152651584871
Maximum,2,6781,interpolated,388,16944545.318837713,-0.6186811622865498,92.43240878324764
Maximum,2,6781,interpolated,389,16944561.763523754,-0.6022364762462675,92.5032910506626
Maximum,2,6781,interpolated,390,16944578.20820979,-0.5857917902097106,92.57417331806164
Maximum,2,6781,interpolated,391,16944594.65289583,-0.5693471041694284,92.6450555854766
Maximum,2,6781,interpolated,392,16944611.097581867,-0.5529024181328714,92.71593785287553
Maximum,2,6781,interpolated,393,16944627.542267904,-0.5364577320963144,92.78682012027446
Maximum,2,6781,interpolated,394,16944643.986953944,-0.5200130460560322,92.85770238768953
Maximum,2,6781,interpolated,395,16944660.43163998,-0.5035683600194752,92.92858465508846
Maximum,2,6781,interpolated,396,16944676.87632602,-0.487123673979193,92.99946692250353
Maximum,2,6781,interpolated,397,16944693.321012057,-0.470678987942636,93.44110843398278
Maximum,2,6781,interpolated,398,16944709.765698098,-0.45423430190235375,93.88555940804451
Maximum,2,6781,interpolated,399,16944726.210384134,-0.4377896158657968,94.27750873032278
Maximum,2,6781,interpolated,400,16944742.65507017,-0.4213449298292399,94.65125159478998
Maximum,2,6781,interpolated,401,16944759.09975621,-0.4049002437889576,95.00916463509202
Maximum,2,6781,interpolated,402,16944775.544442248,-0.38845555775240065,95.1462036853967
Maximum,2,6781,interpolated,403,16944791.989128288,-0.3720108717121184,95.2832427357323
Maximum,2,6781,interpolated,404,16944808.433814324,-0.3555661856755614,95.42028178603698
Maximum,2,6781,interpolated,405,16944824.87850036,-0.33912149963900445,95.55732083634166
Maximum,2,6781,interpolated,406,16944841.3231864,-0.32267681359872225,95.69435988667726
Maximum,2,6781,interpolated,407,16944857.767872438,-0.3062321275621653,95.83139893698194
Maximum,2,6781,interpolated,408,16944874.212558478,-0.289787441521883,95.96843798731766
Maximum,2,6781,interpolated,409,16944890.657244515,-0.27334275548532605,96.28127210032608
Maximum,2,6781,interpolated,410,16944907.10193055,-0.2568980694487691,96.64670956780515
Maximum,2,6781,interpolated,411,16944923.54661659,-0.24045338340848685,97.00396098979354
Maximum,2,6781,interpolated,412,16944939.991302628,-0.22400869737192988,97.1231253813628
Maximum,2,6781,interpolated,413,16944956.43598867,-0.20756401133164765,97.24228977295911
Maximum,2,6781,interpolated,414,16944972.880674705,-0.19111932529509068,97.36145416452837
Maximum,2,6781,interpolated,415,16944989.32536074,-0.17467463925853371,97.48061855609762
Maximum,2,6781,interpolated,416,16945005.77004678,-0.15822995321825148,97.59978294769383
Maximum,2,6781,interpolated,417,16945022.21473282,-0.1417852671816945,97.71894733926308
Maximum,2,6781,interpolated,418,16945038.65941886,-0.12534058114141225,97.83811173085928
Maximum,2,6781,interpolated,419,16945055.104104895,-0.1088958951048553,97.95727612242854
Maximum,2,6781,interpolated,420,16945071.548790935,-0.09245120906457305,98.3767425334081
Maximum,2,6781,interpolated,421,16945087.993476972,-0.0760065230280161,98.96405274899939
Maximum,2,6781,interpolated,422,16945104.43816301,-0.05956183699145913,99.5513629645908
Maximum,2,6781,interpolated,423,16945120.88284905,-0.04311715095117688,100.77656980976462
Maximum,2,6781,interpolated,424,16945137.327535085,-0.026672464914619925,101.52853569259935
Maximum,2,6781,interpolated,425,16945153.772221126,-0.010227778874337673,102.99905941397606
Maximum,2,6781,interpolated,426,16945170.216907162,0.006216907162219286,102.97902934572198
Maximum,2,6781,interpolated,427,16945186.6615932,0.022661593198776246,102.95899927746802
Maximum,2,6781,interpolated,428,16945203.10627924,0.039106279239058496,102.9389692092094
Maximum,2,6781,interpolated,429,16945219.550965276,0.055550965275615455,102.91893914095544
Maximum,2,6781,interpolated,430,16945235.995651316,0.0719956513158977,102.89890907269682
Maximum,2,6781,interpolated,431,16945252.440337352,0.08844033735245467,102.87887900444275
Maximum,2,6781,interpolated,432,16945268.88502339,0.10488502338901162,102.85884893618879
Maximum,2,6781,interpolated,433,16945285.32970943,0.12132970942929387,102.83881886793017
Maximum,2,6781,interpolated,434,16945301.774395466,0.13777439546585082,102.81878879967621
Maximum,2,6781,interpolated,435,16945318.219081506,0.1542190815061331,102.79875873141759
Maximum,2,6781,interpolated,436,16945334.663767543,0.17066376754269005,102.77872866316363
Maximum,2,6781,interpolated,437,16945351.10845358,0.187108453579247,102.75869859490956
Maximum,2,6781,interpolated,438,16945367.55313962,0.20355313961952926,102.73866852665105
Maximum,2,6781,interpolated,439,16945383.997825656,0.21999782565608622,102.71863845839698
Maximum,2,6781,interpolated,440,16945400.442511696,0.23644251169636846,102.69860839013836
Maximum,2,6781,interpolated,441,16945416.887197733,0.2528871977329254,102.6785783218844
Maximum,2,6781,interpolated,442,16945433.331883773,0.26933188377320766,102.65854825362578
Maximum,2,6781,interpolated,443,16945449.77656981,0.2857765698097646,102.63851818537182
Maximum,2,6781,interpolated,444,16945466.221255846,0.3022212558463216,102.61848811711775
Maximum,2,6781,interpolated,445,16945482.665941887,0.31866594188660385,102.59845804885924
Maximum,2,6781,interpolated,446,16945499.110627923,0.3351106279231608,102.57842798060517
Maximum,2,6781,interpolated,447,16945515.555313963,0.35155531396344303,102.55839791234655
Maximum,2,6781,interpolated,448,16945532.0,0.368,102.53836784409259
Maximum,2,6781,interpolated,449,16945548.444686037,0.38444468603655696,102.51833777583852
Maximum,2,6781,interpolated,450,16945564.889372077,0.4008893720768392,102.49830770758001
Maximum,2,6781,interpolated,451,16945581.334058113,0.4173340581133962,102.47827763932594
Maximum,2,6781,interpolated,452,16945597.778744154,0.43377874415367845,102.45824757106743
Maximum,2,6781,interpolated,453,16945614.22343019,0.45022343019023536,102.43821750281336
Maximum,2,6781,interpolated,454,16945630.668116227,0.46666811622679233,102.41818743455929
Maximum,2,6781,interpolated,455,16945647.112802267,0.4831128022670746,102.39815736630078
Maximum,2,6781,interpolated,456,16945663.557488304,0.49955748830363156,102.3781272980467
Maximum,2,6781,interpolated,457,16945680.002174344,0.5160021743439138,102.3580972297882
Maximum,2,6781,interpolated,458,16945696.44686038,0.5324468603804707,102.33806716153413
Maximum,2,6781,interpolated,459,16945712.89154642,0.548891546420753,102.31803709327562
Maximum,2,6781,interpolated,460,16945729.336232457,0.56533623245731,102.29800702502155
Maximum,2,6781,interpolated,461,16945745.780918494,0.5817809184938669,102.27797695676747
Maximum,2,6781,interpolated,462,16945762.225604534,0.5982256045341492,102.25794688850897
Maximum,2,6781,interpolated,463,16945778.67029057,0.6146702905707061,102.2379168202549
Maximum,2,6781,interpolated,464,16945795.11497661,0.6311149766109884,102.21788675199639
Maximum,2,6781,interpolated,465,16945811.559662648,0.6475596626475454,102.19785668374232
Maximum,2,6781,interpolated,466,16945828.004348684,0.6640043486841023,102.17782661548836
Maximum,2,6781,interpolated,467,16945844.449034724,0.6804490347243846,102.15779654722974
Maximum,2,6781,interpolated,468,16945860.89372076,0.6968937207609415,102.13776647897566
Maximum,2,6781,interpolated,469,16945877.3384068,0.7133384068012237,102.11773641071716
Maximum,2,6781,interpolated,470,16945893.783092838,0.7297830928377808,102.09770634246308
Maximum,2,6781,interpolated,471,16945910.227778874,0.7462277788743377,102.07767627420913
Maximum,2,6781,interpolated,472,16945926.672464915,0.7626724649146199,102.0576462059505
Maximum,2,6781,interpolated,473,16945943.11715095,0.779117150951177,102.03761613769655
Maximum,2,6781,interpolated,474,16945959.56183699,0.7955618369914591,102.01758606943793
Maximum,2,6781,interpolated,475,16945976.006523028,0.8120065230280161,101.96284216614788
Maximum,2,6781,interpolated,476,16945992.451209065,0.828451209064573,101.6583109432487
Maximum,2,6781,interpolated,477,16946008.895895105,0.8448958951048553,101.3537797202805
Maximum,2,6781,interpolated,478,16946025.34058114,0.8613405811414123,101.0492484973812
Maximum,2,6781,interpolated,479,16946041.78526718,0.8777852671816945,98.9594468882907
Maximum,2,6781,interpolated,480,16946058.22995322,0.8942299532182515,98.8200851422182
Maximum,2,6781,interpolated,481,16946074.67463926,0.9106746392585338,98.6807233961141
Maximum,2,6781,interpolated,482,16946091.119325295,0.9271193252950907,98.54136165004161
Maximum,2,6781,interpolated,483,16946107.56401133,0.9435640113316477,98.40199990396911
Maximum,2,6781,interpolated,484,16946124.008697372,0.96000869737193,98.26263815786501
Maximum,2,6781,interpolated,485,16946140.45338341,0.9764533834084869,98.12327641179252
Maximum,2,6781,interpolated,486,16946156.89806945,0.9928980694487691,97.98290027523626
Maximum,2,6781,interpolated,487,16946173.342755485,1.009342755485326,97.8347499505827
Maximum,2,6781,interpolated,488,16946189.787441522,1.025787441521883,97.68659962592903
Maximum,2,6781,interpolated,489,16946206.232127562,1.0422321275621653,97.53844930124171
Maximum,2,6781,interpolated,490,16946222.6768136,1.0586768135987223,97.39029897658804
Maximum,2,6781,interpolated,491,16946239.12149964,1.0751214996390044,97.24214865190083
Maximum,2,6781,interpolated,492,16946255.566185676,1.0915661856755614,97.09399832724716
Maximum,2,6781,interpolated,493,16946272.010871712,1.1080108717121184,96.93246211559415
Maximum,2,6781,interpolated,494,16946288.455557752,1.1244555577524007,96.7476903623326
Maximum,2,6781,interpolated,495,16946304.90024379,1.1409002437889577,96.56291860911278
Maximum,2,6781,interpolated,496,16946321.34492983,1.15734492982924,96.37814685585124
Maximum,2,6781,interpolated,497,16946337.789615866,1.1737896158657968,96.19337510263153
Maximum,2,6781,interpolated,498,16946354.234301902,1.1902343019023538,96.00860334941171
Maximum,2,6781,interpolated,499,16946370.678987943,1.206678987942636,95.44003614490589
Maximum,2,6781,interpolated,500,16946387.12367398,1.223123673979193,94.96778379703755
Maximum,2,6781,interpolated,501,16946403.56836002,1.2395683600194753,94.83930968734785
Maximum,2,6781,interpolated,502,16946420.013046056,1.2560130460560321,94.71083557768725
Maximum,2,6781,interpolated,503,16946436.457732096,1.2724577320963144,94.58236146799754
Maximum,2,6781,interpolated,504,16946452.902418133,1.2889024181328714,94.45388735833694
Maximum,2,6781,interpolated,505,16946469.34710417,1.3053471041694285,94.32541324867634
Maximum,2,6781,interpolated,506,16946485.79179021,1.3217917902097107,94.19693913898664
Maximum,2,6781,interpolated,507,16946502.236476246,1.3382364762462675,94.06846502932603
Maximum,2,6781,interpolated,508,16946518.681162287,1.3546811622865498,93.96289293581378
Maximum,2,6781,interpolated,509,16946535.125848323,1.3711258483231068,93.88345000810091
Maximum,2,6781,interpolated,510,16946551.57053436,1.3875705343596638,93.80400708038815
Maximum,2,6781,interpolated,511,16946568.0152204,1.404015220399946,93.72456415265731
Maximum,2,6781,interpolated,512,16946584.459906437,1.4204599064365029,93.64512122494443
Maximum,2,6781,interpolated,513,16946600.904592477,1.4369045924767851,93.5656782972136
Maximum,2,6781,interpolated,514,16946617.349278513,1.4533492785133422,93.48623536950072
Maximum,2,6781,interpolated,515,16946633.79396455,1.4697939645498992,93.40679244178796
Maximum,2,6781,interpolated,516,16946650.23865059,1.4862386505901815,93.32734951405712
Maximum,2,6781,interpolated,517,16946666.683336627,1.5026833366267383,93.24790658634424
Maximum,2,6781,interpolated,518,16946683.128022667,1.5191280226670205,93.1684636586134
Maximum,2,6781,interpolated,519,16946699.572708704,1.5355727087035775,93.08902073090064
Maximum,2,6781,interpolated,520,16946716.017394744,1.5520173947438598,93.0095778031698
Maximum,2,6781,interpolated,521,16946732.46208078,1.5684620807804168,91.86085175322921
Maximum,2,6781,interpolated,522,16946748.906766817,1.5849067668169736,91.61901813504448
Maximum,2,6781,interpolated,523,16946765.351452857,1.6013514528572559,91.37718451680507
Maximum,2,6781,interpolated,524,16946781.796138894,1.617796138893813,91.13535089862035
Maximum,2,6781,interpolated,525,16946798.240824934,1.6342408249340952,90.85518350131815
Maximum,2,6781,interpolated,526,16946814.68551097,1.6506855109706522,90.52628978058692
Maximum,2,6781,interpolated,527,16946831.130197007,1.667130197007209,90.1973960598558
Maximum,2,6781,interpolated,528,16946847.574883047,1.6835748830474913,89.85057083982974
Maximum,2,6781,interpolated,529,16946864.019569084,1.7000195690840483,89.47682797536254
Maximum,2,6781,interpolated,530,16946880.464255124,1.7164642551243305,89.10308511081064
Maximum,2,6781,interpolated,531,16946896.90894116,1.7329089411608876,88.66919607886427
Maximum,2,6781,interpolated,532,16946913.353627197,1.7493536271974446,88.21239924451538
Maximum,2,6781,interpolated,533,16946929.798313238,1.7657983132377266,86.99027938790414
Maximum,2,6781,interpolated,534,16946946.242999274,1.7822429992742836,86.90138919311198
Maximum,2,6781,interpolated,535,16946962.687685315,1.798687685314566,86.81249899829959
Maximum,2,6781,interpolated,536,16946979.13237135,1.815132371351123,86.72360880350743
Maximum,2,6781,interpolated,537,16946995.577057388,1.83157705738768,86.63471860871527
Maximum,2,6781,interpolated,538,16947012.021743428,1.848021743427962,86.54582841390288
Maximum,2,6781,interpolated,539,16947028.466429465,1.864466429464519,86.45693821911073
Maximum,2,6781,interpolated,540,16947044.911115505,1.8809111155048013,86.36804802429833
Maximum,2,6781,interpolated,541,16947061.35580154,1.8973558015413583,86.27915782950618
Maximum,2,6781,interpolated,542,16947077.80048758,1.9138004875816406,86.19026763469378
Maximum,2,6781,interpolated,543,16947094.24517362,1.9302451736181976,86.10137743990163
Maximum,2,6781,interpolated,544,16947110.689859655,1.9466898596547544,86.01248724510947
Maximum,2,6781,interpolated,545,16947127.134545695,1.9631345456950366,85.94368706894409
Maximum,2,6781,interpolated,546,16947143.57923173,1.9795792317315937,85.87817039150764
Maximum,2,6781,interpolated,547,16947160.023917772,1.996023917771876,85.8126537140563
Maximum,2,6781,interpolated,548,16947176.46860381,2.0124686038084327,85.74713703661973
Maximum,2,6781,interpolated,549,16947192.913289845,2.02891328984499,85.68162035918328
Maximum,2,6781,interpolated,550,16947209.357975885,2.0453579758852722,85.61610368173194
Maximum,2,6781,interpolated,551,16947225.80266192,2.061802661921829,85.5505870042955
Maximum,2,6781,interpolated,552,16947242.247347962,2.0782473479621113,85.48507032684415
Maximum,2,6781,interpolated,553,16947258.692034,2.094692033998668,85.4195536494077
Maximum,2,6781,interpolated,554,16947275.136720035,2.1111367200352253,85.35403697197125
Maximum,2,6781,interpolated,555,16947291.581406076,2.1275814060755076,85.28852029451991
Maximum,2,6781,interpolated,556,16947308.026092112,2.1440260921120644,85.22300361708346
Maximum,2,6781,interpolated,557,16947324.470778152,2.1604707781523467,85.15748693963212
Maximum,2,6781,interpolated,558,16947340.91546419,2.1769154641889035,85.09197026219556
Maximum,2,6781,interpolated,559,16947357.360150225,2.1933601502254607,85.02645358475911
Maximum,2,6781,interpolated,560,16947373.804836266,2.209804836265743,84.88983330038491
Maximum,2,6781,interpolated,561,16947390.249522302,2.2262495223022998,84.7050615471652
Maximum,2,6781,interpolated,562,16947406.694208343,2.242694208342582,84.52028979390354
Maximum,2,6781,interpolated,563,16947423.13889438,2.259138894379139,84.33551804068384
Maximum,2,6781,interpolated,564,16947439.58358042,2.275583580419421,84.15074628742218
Maximum,2,6781,interpolated,565,16947456.028266456,2.2920282664559783,83.9681235109897
Maximum,2,6781,interpolated,566,16947472.472952493,2.308472952492535,83.79502155271018
Maximum,2,6781,interpolated,567,16947488.917638533,2.3249176385328174,83.62191959439144
Maximum,2,6781,interpolated,568,16947505.36232457,2.341362324569374,83.44881763611181
Maximum,2,6781,interpolated,569,16947521.80701061,2.3578070106096565,83.27571567779307
Maximum,2,6781,interpolated,570,16947538.251696646,2.3742516966462137,83.10261371951356
Maximum,2,6781,interpolated,571,16947554.696382683,2.3906963826827705,82.04337390246133
Maximum,2,6781,interpolated,572,16947571.141068723,2.407141068723053,81.88131567115397
Maximum,2,6781,interpolated,573,16947587.58575476,2.4235857547596096,81.76039886206172
Maximum,2,6781,interpolated,574,16947604.0304408,2.440030440799892,81.63948205294196
Maximum,2,6781,interpolated,575,16947620.475126836,2.456475126836449,81.5185652438496
Maximum,2,6781,interpolated,576,16947636.919812873,2.472919812873006,81.39764843475734
Maximum,2,6781,interpolated,577,16947653.364498913,2.489364498913288,81.27673162563758
Maximum,2,6781,interpolated,578,16947669.80918495,2.505809184949845,81.15581481654522
Maximum,2,6781,interpolated,579,16947686.25387099,2.522253870990127,81.03489800742557
Maximum,2,6781,interpolated,580,16947702.698557027,2.5386985570266845,80.22009619822109
Maximum,2,6781,interpolated,581,16947719.143243067,2.5551432430669667,79.81223938475762
Maximum,2,6781,interpolated,582,16947735.587929104,2.5715879291035235,79.57731529852106
Maximum,2,6781,interpolated,583,16947752.03261514,2.5880326151400803,79.34239121228461
Maximum,2,6781,interpolated,584,16947768.47730118,2.6044773011803626,79.10746712599484
Maximum,2,6781,interpolated,585,16947784.921987217,2.62092198721692,78.00866808700891
Maximum,2,6781,interpolated,586,16947801.366673257,2.637366673257202,77.86361105618994
Maximum,2,6781,interpolated,587,16947817.811359294,2.653811359293759,77.72657200588537
Maximum,2,6781,interpolated,588,16947834.25604533,2.6702560453303157,77.5895329555807
Maximum,2,6781,interpolated,589,16947850.70073137,2.686700731370598,77.45249390524498
Maximum,2,6781,interpolated,590,16947867.145417407,2.703145417407155,77.31545485494041
Maximum,2,6781,interpolated,591,16947883.590103447,2.7195901034474375,77.1784158046047
Maximum,2,6781,interpolated,592,16947900.034789484,2.7360347894839943,77.04137675430002
Maximum,2,6781,interpolated,593,16947916.47947552,2.752479475520551,76.85827807999317
Maximum,2,6781,interpolated,594,16947932.92416156,2.7689241615608333,76.65525726468104
Maximum,2,6781,interpolated,595,16947949.368847597,2.7853688475973906,76.45223644941495
Maximum,2,6781,interpolated,596,16947965.813533638,2.801813533637673,76.24921563410282
Maximum,2,6781,interpolated,597,16947982.258219674,2.8182582196742296,76.04619481883663
Maximum,2,6781,interpolated,598,16947998.70290571,2.8347029057107864,75.92347647162171
Maximum,2,6781,interpolated,599,16948015.14759175,2.8511475917510687,75.8244120978851
Maximum,2,6781,interpolated,600,16948031.592277788,2.867592277787626,75.72534772417089
Maximum,2,6781,interpolated,601,16948048.036963828,2.884036963827908,75.62628335043428
Maximum,2,6781,interpolated,602,16948064.481649864,2.900481649864465,75.52721897672006
Maximum,2,6781,interpolated,603,16948080.926335905,2.9169263359047473,75.42815460298345
Maximum,2,6781,interpolated,604,16948097.37102194,2.933371021941304,75.32909022926924
Maximum,2,6781,interpolated,605,16948113.815707978,2.9498157079778613,75.23002585555503
Maximum,2,6781,interpolated,606,16948130.26039402,2.9662603940181436,75.13096148181842
Maximum,2,6781,interpolated,607,16948146.705080055,2.9827050800547004,75.0318971081042
Maximum,2,6781,interpolated,608,16948163.149766095,2.9991497660949826,74.94885428396799
Maximum,2,6781,interpolated,609,16948179.59445213,3.0155944521315394,74.87341994435076
Maximum,2,6781,interpolated,610,16948196.039138168,3.0320391381680967,74.79798560473353
Maximum,2,6781,interpolated,611,16948212.48382421,3.048483824208379,74.72255126509913
Maximum,2,6781,interpolated,612,16948228.928510245,3.0649285102449357,74.6471169254819
Maximum,2,6781,interpolated,613,16948245.373196285,3.081373196285218,74.57168258584761
Maximum,2,6781,interpolated,614,16948261.81788232,3.0978178823217752,74.49624824623038
Maximum,2,6781,interpolated,615,16948278.26256836,3.114262568358332,74.42081390661315
Maximum,2,6781,interpolated,616,16948294.7072544,3.1307072543986143,74.34537956697886
Maximum,2,6781,interpolated,617,16948311.151940435,3.147151940435171,74.26994522736163
Maximum,2,6781,interpolated,618,16948327.596626475,3.1635966264754534,74.19451088772723
Maximum,2,6781,interpolated,619,16948344.041312512,3.1800413125120106,74.11907654811
Maximum,2,6781,interpolated,620,16948360.485998552,3.196485998552293,74.04364220847572
Maximum,2,6781,interpolated,621,16948376.93068459,3.2129306845888497,73.63522712690269
Maximum,2,6781,interpolated,622,16948393.375370625,3.2293753706254065,72.6634330288149
Maximum,2,6781,interpolated,623,16948409.820056666,3.2458200566656887,71.86745666668321
Maximum,2,6781,interpolated,624,16948426.264742702,3.262264742702246,71.58873317453822
Maximum,2,6781,interpolated,625,16948442.709428743,3.2787094287425282,71.31000968233002
Maximum,2,6781,interpolated,626,16948459.15411478,3.295154114779085,71.03128619018503
Maximum,2,6781,interpolated,627,16948475.598800816,3.311598800815642,68.94322468128837
Maximum,2,6781,interpolated,628,16948492.043486856,3.328043486855924,68.74020386597624
Maximum,2,6781,interpolated,629,16948508.488172892,3.3444881728924813,68.53718305071015
Maximum,2,6781,interpolated,630,16948524.932858933,3.3609328589327636,68.33416223539803
Maximum,2,6781,interpolated,631,16948541.37754497,3.3773775449693204,68.13114142013183
Maximum,2,6781,interpolated,632,16948557.822231006,3.393822231005877,67.83827136094783
Maximum,2,6781,interpolated,633,16948574.266917046,3.4102669170461595,67.3814745264956
Maximum,2,6781,interpolated,634,16948590.711603083,3.4267116030827167,66.61262813104048
Maximum,2,6781,interpolated,635,16948607.156289123,3.443156289122999,65.44744140350008
Maximum,2,6781,interpolated,636,16948623.60097516,3.459600975159556,64.8390006058645
Maximum,2,6781,interpolated,637,16948640.045661196,3.4760456611961126,64.43791070253383
Maximum,2,6781,interpolated,638,16948656.490347236,3.492490347236395,64.03682079911232
Maximum,2,6781,interpolated,639,16948672.935033273,3.508935033272952,63.91266062413479
Maximum,2,6781,interpolated,640,16948689.379719313,3.5253797193132344,63.81649286951324
Maximum,2,6781,interpolated,641,16948705.82440535,3.541824405349791,63.72032511491352
Maximum,2,6781,interpolated,642,16948722.26909139,3.5582690913900734,63.624157360291974
Maximum,2,6781,interpolated,643,16948738.713777427,3.57471377742663,63.5279896056922
Maximum,2,6781,interpolated,644,16948755.158463463,3.5911584634631875,63.43182185109248
Maximum,2,6781,interpolated,645,16948771.603149503,3.6076031495034697,63.33565409647093
Maximum,2,6781,interpolated,646,16948788.04783554,3.6240478355400265,63.23948634187121
Maximum,2,6781,interpolated,647,16948804.49252158,3.640492521580309,63.14331858724967
Maximum,2,6781,interpolated,648,16948820.937207617,3.6569372076168656,63.04715083264989
Maximum,2,6781,interpolated,649,16948837.381893653,3.673381893653423,62.2380096678707
Maximum,2,6781,interpolated,650,16948853.826579694,3.689826579693705,61.874303820966304
Maximum,2,6781,interpolated,651,16948870.27126573,3.706271265730262,61.72480667517942
Maximum,2,6781,interpolated,652,16948886.71595177,3.722715951770544,61.57530952935866
Maximum,2,6781,interpolated,653,16948903.160637807,3.739160637807101,61.42581238357178
Maximum,2,6781,interpolated,654,16948919.605323844,3.755605323843658,61.2763152377849
Maximum,2,6781,interpolated,655,16948936.050009884,3.7720500098839405,61.126818091964196
Maximum,2,6781,interpolated,656,16948952.49469592,3.7884946959204973,60.168434693167626
Maximum,2,6781,interpolated,657,16948968.93938196,3.8049393819607795,59.72518306964173
Maximum,2,6781,interpolated,658,16948985.384067997,3.8213840679973363,59.4416540000459
Maximum,2,6781,interpolated,659,16949001.828754034,3.8378287540338936,59.15812493045013
Maximum,2,6781,interpolated,660,16949018.273440074,3.854273440074176,57.996285228636964
Maximum,2,6781,interpolated,661,16949034.71812611,3.8707181261107326,57.96941482661646
Maximum,2,6781,interpolated,662,16949051.16281215,3.887162812151015,57.94254442458987
Maximum,2,6781,interpolated,663,16949067.607498188,3.9036074981875717,57.915674022569306
Maximum,2,6781,interpolated,664,16949084.052184228,3.920052184227854,57.88880362054272
Maximum,2,6781,interpolated,665,16949100.496870264,3.936496870264411,57.86193321852221
Maximum,2,6781,interpolated,666,16949116.9415563,3.952941556300968,57.835062816501704
Maximum,2,6781,interpolated,667,16949133.38624234,3.9693862423412503,57.80819241447506
Maximum,2,6781,interpolated,668,16949149.830928378,3.985830928377807,57.78132201245455
Maximum,2,6781,interpolated,669,16949166.275614418,4.00227561441809,57.754451610427964
Maximum,2,6781,interpolated,670,16949182.720300455,4.018720300454646,57.72758120840746
Maximum,2,6781,interpolated,671,16949199.16498649,4.035164986491203,57.70071080638695
Maximum,2,6781,interpolated,672,16949215.60967253,4.051609672531486,57.673840404360305
Maximum,2,6781,interpolated,673,16949232.054358568,4.068054358568043,57.6469700023398
Maximum,2,6781,interpolated,674,16949248.49904461,4.084499044608325,57.62009960031321
Maximum,2,6781,interpolated,675,16949264.943730645,4.1009437306448815,57.593229198292704
Maximum,2,6781,interpolated,676,16949281.38841668,4.117388416681439,57.56635879627214
Maximum,2,6781,interpolated,677,16949297.83310272,4.133833102721721,57.53948839424555
Maximum,2,6781,interpolated,678,16949314.27778876,4.150277788758278,57.512617992225046
Maximum,2,6781,interpolated,679,16949330.7224748,4.1667224747985605,57.48574759019846
Maximum,2,6781,interpolated,680,16949347.167160835,4.183167160835117,57.458877188177894
Maximum,2,6781,interpolated,681,16949363.611846875,4.199611846875399,57.432006786151305
Maximum,2,6781,interpolated,682,16949380.056532912,4.216056532911956,57.4051363841308
Maximum,2,6781,interpolated,683,16949396.50121895,4.232501218948514,57.37826598211029
Maximum,2,6781,interpolated,684,16949412.94590499,4.248945904988796,57.35139558008365
Maximum,2,6781,interpolated,685,16949429.390591025,4.265390591025352,57.32452517806314
Maximum,2,6781,interpolated,686,16949445.835277066,4.2818352770656345,57.29765477603655
Maximum,2,6781,interpolated,687,16949462.279963102,4.298279963102192,57.270784374016046
Maximum,2,6781,interpolated,688,16949478.72464914,4.314724649138749,57.24391397199548
Maximum,2,6781,interpolated,689,16949495.16933518,4.331169335179031,57.217043569968894
Maximum,2,6781,interpolated,690,16949511.614021216,4.347614021215588,57.19017316794839
Maximum,2,6781,interpolated,691,16949528.058707256,4.36405870725587,57.1633027659218
Maximum,2,6781,interpolated,692,16949544.503393292,4.380503393292427,57.136432363901235
Maximum,2,6781,interpolated,693,16949560.94807933,4.396948079328984,57.10956196188073
Maximum,2,6781,interpolated,694,16949577.39276537,4.413392765369267,57.08269155985414
Maximum,2,6781,interpolated,695,16949593.837451406,4.429837451405823,57.055821157833634
Maximum,2,6781,interpolated,696,16949610.282137446,4.446282137446105,57.028950755807045
Maximum,2,6781,interpolated,697,16949626.726823483,4.4627268234826625,57.00208035378648
Maximum,2,6781,interpolated,698,16949643.17150952,4.47917150951922,56.90634870667151
Maximum,2,6781,interpolated,699,16949659.61619556,4.495616195559502,56.804838299015444
Maximum,2,6781,interpolated,700,16949676.060881596,4.512060881596058,56.703327891382344
Maximum,2,6781,interpolated,701,16949692.505567636,4.528505567636341,56.60181748372628
Maximum,2,6781,interpolated,702,16949708.950253673,4.544950253672898,56.500307076093236
Maximum,2,6781,interpolated,703,16949725.394939713,4.56139493971318,56.39879666843717
Maximum,2,6781,interpolated,704,16949741.83962575,4.577839625749737,56.29728626080407
Maximum,2,6781,interpolated,705,16949758.284311786,4.594284311786294,56.19577585317103
Maximum,2,6781,interpolated,706,16949774.728997827,4.610728997826576,56.094265445514964
Maximum,2,6781,interpolated,707,16949791.173683863,4.627173683863133,55.981943325182556
Maximum,2,6781,interpolated,708,16949807.618369903,4.6436183699034155,55.72894815533209
Maximum,2,6781,interpolated,709,16949824.06305594,4.660063055939973,55.47595298553887
Maximum,2,6781,interpolated,710,16949840.507741977,4.676507741976529,55.2229578157457
Maximum,2,6781,interpolated,711,16949856.952428017,4.692952428016811,54.95562663598156
Maximum,2,6781,interpolated,712,16949873.397114053,4.709397114053369,54.581883771514356
Maximum,2,6781,interpolated,713,16949889.841800094,4.725841800093651,54.208140906962456
Maximum,2,6781,interpolated,714,16949906.28648613,4.742286486130208,53.68319625520837
Maximum,2,6781,interpolated,715,16949922.731172167,4.7587311721667644,52.99410345026803
Maximum,2,6781,interpolated,716,16949939.175858207,4.775175858207047,52.86148501445928
Maximum,2,6781,interpolated,717,16949955.620544244,4.791620544243604,52.728866578680595
Maximum,2,6781,interpolated,718,16949972.065230284,4.808065230283886,52.5962481428719
Maximum,2,6781,interpolated,719,16949988.50991632,4.8245099163204435,52.46362970709322
Maximum,2,6781,interpolated,720,16950004.95460236,4.840954602360726,52.33101127128447
Maximum,2,6781,interpolated,721,16950021.399288397,4.857399288397282,52.198392835505786
Maximum,2,6781,interpolated,722,16950037.843974434,4.873843974433839,52.065774399727104
Maximum,2,6781,interpolated,723,16950054.288660474,4.890288660474122,50.99433999070351
Maximum,2,6781,interpolated,724,16950070.73334651,4.906733346510679,50.67189516645726
Maximum,2,6781,interpolated,725,16950087.17803255,4.923178032550961,50.34945034213803
Maximum,2,6781,interpolated,726,16950103.622718588,4.9396227185875174,50.02700551789184
Maximum,2,6781,interpolated,727,16950120.067404624,4.956067404624075,48.94775871521574
Maximum,2,6781,interpolated,728,16950136.512090664,4.972512090664357,48.77822586943961
Maximum,2,6781,interpolated,729,16950152.9567767,4.988956776700914,48.6086930237019
Maximum,2,6781,interpolated,730,16950169.40146274,5.0054014627411965,48.43916017792583
Maximum,2,6781,interpolated,731,16950185.846148778,5.021846148777753,48.26962733218812
Maximum,2,6781,interpolated,732,16950202.290834814,5.03829083481431,48.100094486450416
Maximum,2,6781,interpolated,733,16950218.735520855,5.054735520854592,47.839630455843064
Maximum,2,6781,interpolated,734,16950235.18020689,5.07118020689115,47.44809031211548
Maximum,2,6781,interpolated,735,16950251.62489293,5.087624892931432,47.056550168299225
Maximum,2,6781,interpolated,736,16950268.069578968,5.104069578967988,46.88076627993229
Maximum,2,6781,interpolated,737,16950284.514265005,5.120514265004545,46.74140453385979
Maximum,2,6781,interpolated,738,16950300.958951045,5.136958951044828,46.60204278775569
Maximum,2,6781,interpolated,739,16950317.40363708,5.153403637081385,46.4626810416832
Maximum,2,6781,interpolated,740,16950333.84832312,5.169848323121667,46.3233192955791
Maximum,2,6781,interpolated,741,16950350.29300916,5.1862930091582236,46.1839575495066
Maximum,2,6781,interpolated,742,16950366.7376952,5.202737695198506,46.0445958034025
Maximum,2,6781,interpolated,743,16950383.182381235,5.219182381235063,45.88817618764938
Maximum,2,6781,interpolated,744,16950399.62706727,5.23562706727162,45.72372932728382
Maximum,2,6781,interpolated,745,16950416.071753312,5.252071753311903,45.55928246688097
Maximum,2,6781,interpolated,746,16950432.51643935,5.268516439348459,45.394835606515414
Maximum,2,6781,interpolated,747,16950448.96112539,5.284961125388741,45.23038874611257
Maximum,2,6781,interpolated,748,16950465.405811425,5.301405811425298,45.06594188574701
Maximum,2,6781,interpolated,749,16950481.85049746,5.317850497461856,44.959462973407994
Maximum,2,6781,interpolated,750,16950498.295183502,5.334295183502138,44.89178936830393
Maximum,2,6781,interpolated,751,16950514.73986954,5.350739869538694,44.824115763215275
Maximum,2,6781,interpolated,752,16950531.18455558,5.367184555578977,44.75644215811121
Maximum,2,6781,interpolated,753,16950547.629241616,5.383629241615534,44.6887685530225
Maximum,2,6781,interpolated,754,16950564.073927652,5.400073927652091,44.621094947933784
Maximum,2,6781,interpolated,755,16950580.518613692,5.416518613692373,44.55342134282972
Maximum,2,6781,interpolated,756,16950596.96329973,5.4329632997289306,44.48574773774101
Maximum,2,6781,interpolated,757,16950613.40798577,5.449407985769212,44.418074132637
Maximum,2,6781,interpolated,758,16950629.852671806,5.465852671805769,44.35040052754829
Maximum,2,6781,interpolated,759,16950646.297357842,5.482297357842326,44.282726922459574
Maximum,2,6781,interpolated,760,16950662.742043883,5.498742043882609,44.21505331735551
Maximum,2,6781,interpolated,761,16950679.18672992,5.515186729919166,44.1473797122668
Maximum,2,6781,interpolated,762,16950695.63141596,5.531631415959447,44.07970610716279
Maximum,2,6781,interpolated,763,16950712.076101996,5.5480761019960045,44.01203250207408
Maximum,2,6781,interpolated,764,16950728.520788036,5.564520788036287,43.699538043638086
Maximum,2,6781,interpolated,765,16950744.965474073,5.580965474072844,43.33410057615902
Maximum,2,6781,interpolated,766,16950761.41016011,5.597410160109401,42.972881536357704
Maximum,2,6781,interpolated,767,16950777.85484615,5.6138548461496836,42.65663757404457
Maximum,2,6781,interpolated,768,16950794.299532186,5.63029953218624,42.34039361180305
Maximum,2,6781,interpolated,769,16950810.744218227,5.646744218226522,42.02414964948997
Maximum,2,6781,interpolated,770,16950827.188904263,5.663188904263079,41.853952843624256
Maximum,2,6781,interpolated,771,16950843.6335903,5.679633590299637,41.6958308625035
Maximum,2,6781,interpolated,772,16950860.07827634,5.696078276339919,41.53770888134693
Maximum,2,6781,interpolated,773,16950876.522962376,5.712522962376475,41.37958690022617
Maximum,2,6781,interpolated,774,16950892.967648417,5.7289676484167575,41.22146491906966
Maximum,2,6781,interpolated,775,16950909.412334453,5.745412334453315,41.0633429379489
Maximum,2,6781,interpolated,776,16950925.85702049,5.761857020489872,40.963627230664656
Maximum,2,6781,interpolated,777,16950942.30170653,5.778301706530154,40.90294573236105
Maximum,2,6781,interpolated,778,16950958.746392567,5.794746392566711,40.842264234071195
Maximum,2,6781,interpolated,779,16950975.191078607,5.811191078606993,40.78158273576753
Maximum,2,6781,interpolated,780,16950991.635764644,5.82763576464355,40.720901237477676
Maximum,2,6781,interpolated,781,16951008.080450684,5.844080450683832,40.66021973917407
Maximum,2,6781,interpolated,782,16951024.52513672,5.86052513672039,40.59953824088416
Maximum,2,6781,interpolated,783,16951040.969822757,5.876969822756946,40.538856742594305
Maximum,2,6781,interpolated,784,16951057.414508797,5.893414508797228,40.478175244290696
Maximum,2,6781,interpolated,785,16951073.859194834,5.9098591948337855,40.41749374600079
Maximum,2,6781,interpolated,786,16951090.303880874,5.926303880874068,40.35681224769718
Maximum,2,6781,interpolated,787,16951106.74856691,5.942748566910625,40.29613074940727
Maximum,2,6781,interpolated,788,16951123.193252947,5.959193252947181,40.235449251117416
Maximum,2,6781,interpolated,789,16951139.637938987,5.975637938987464,40.17476775281381
Maximum,2,6781,interpolated,790,16951156.082625024,5.992082625024021,40.1140862545239
Maximum,2,6781,interpolated,791,16951172.527311064,6.008527311064303,40.05340475622029
Maximum,2,6781,interpolated,792,16951188.9719971,6.02497199710086,39.97182861284483
Maximum,2,6781,interpolated,793,16951205.416683137,6.041416683137417,39.73690452660833
Maximum,2,6781,interpolated,794,16951221.861369178,6.057861369177699,39.50198044031856
Maximum,2,6781,interpolated,795,16951238.306055214,6.074306055214256,39.26705635408206
Maximum,2,6781,interpolated,796,16951254.750741255,6.0907507412545385,39.03213226779229
Maximum,2,6781,interpolated,797,16951271.19542729,6.107195427291096,38.72701101363276
Maximum,2,6781,interpolated,798,16951287.640113328,6.123640113327652,38.4107670513913
Maximum,2,6781,interpolated,799,16951304.084799368,6.140084799367934,38.094523089078166
Maximum,2,6781,interpolated,800,16951320.529485404,6.156529485404492,37.889139563418325
Maximum,2,6781,interpolated,801,16951336.974171445,6.172974171444774,37.73101758226181
Maximum,2,6781,interpolated,802,16951353.41885748,6.189418857481331,37.572895601141056
Maximum,2,6781,interpolated,803,16951369.86354352,6.205863543521613,37.41477361998449
Maximum,2,6781,interpolated,804,16951386.30822956,6.22230822955817,37.25665163886373
Maximum,2,6781,interpolated,805,16951402.752915595,6.238752915594727,37.09852965774303
Maximum,2,6781,interpolated,806,16951419.197601635,6.255197601635009,36.55731416892792
Maximum,2,6781,interpolated,807,16951435.64228767,6.2716422876715665,35.94351445966299
Maximum,2,6781,interpolated,808,16951452.08697371,6.288086973711849,35.836032851556524
Maximum,2,6781,interpolated,809,16951468.53165975,6.304531659748405,35.7285512434745
Maximum,2,6781,interpolated,810,16951484.976345785,6.320976345784962,35.621069635392416
Maximum,2,6781,interpolated,811,16951501.421031825,6.337421031825245,35.513588027286005
Maximum,2,6781,interpolated,812,16951517.86571786,6.353865717861802,35.40610641920392
Maximum,2,6781,interpolated,813,16951534.310403902,6.370310403902084,35.29862481109751
Maximum,2,6781,interpolated,814,16951550.75508994,6.3867550899386405,35.19114320301543
Maximum,2,6781,interpolated,815,16951567.199775975,6.403199775975198,35.083661594933346
Maximum,2,6781,interpolated,816,16951583.644462015,6.41964446201548,34.94866954907775
Maximum,2,6781,interpolated,817,16951600.089148052,6.436089148052037,34.717054252788216
Maximum,2,6781,interpolated,818,16951616.533834092,6.4525338340923195,34.48543895644622
Maximum,2,6781,interpolated,819,16951632.97852013,6.468978520128876,34.253823660156684
Maximum,2,6781,interpolated,820,16951649.423206165,6.485423206165433,34.02220836386715
Maximum,2,6781,interpolated,821,16951665.867892206,6.501867892205715,32.92221147187968
Maximum,2,6781,interpolated,822,16951682.312578242,6.518312578242273,32.77795983998004
Maximum,2,6781,interpolated,823,16951698.757264283,6.534757264282555,32.63370820804778
Maximum,2,6781,interpolated,824,16951715.20195032,6.551201950319111,32.48945657614814
Maximum,2,6781,interpolated,825,16951731.64663636,6.5676466363593935,32.34520494421582
Maximum,2,6781,interpolated,826,16951748.091322396,6.584091322395951,32.200953312316244
Maximum,2,6781,interpolated,827,16951764.536008433,6.600536008432508,32.05670168041661
Maximum,2,6781,interpolated,828,16951780.980694473,6.61698069447279,31.969290170852958
Maximum,2,6781,interpolated,829,16951797.42538051,6.633425380509347,31.918691136894324
Maximum,2,6781,interpolated,830,16951813.87006655,6.649870066549629,31.86809210292421
Maximum,2,6781,interpolated,831,16951830.314752586,6.666314752586186,31.817493068965575
Maximum,2,6781,interpolated,832,16951846.759438623,6.682759438622743,31.766894035006942
Maximum,2,6781,interpolated,833,16951863.204124663,6.699204124663026,31.716295001036826
Maximum,2,6781,interpolated,834,16951879.6488107,6.715648810699582,31.665695967078193
Maximum,2,6781,interpolated,835,16951896.09349674,6.732093496739864,31.615096933108134
Maximum,2,6781,interpolated,836,16951912.538182776,6.7485381827764215,31.5644978991495
Maximum,2,6781,interpolated,837,16951928.982868813,6.764982868812979,31.51389886519081
Maximum,2,6781,interpolated,838,16951945.427554853,6.781427554853261,31.463299831220752
Maximum,2,6781,interpolated,839,16951961.87224089,6.797872240889817,31.41270079726212
Maximum,2,6781,interpolated,840,16951978.31692693,6.8143169269301,31.362101763292003
Maximum,2,6781,interpolated,841,16951994.761612967,6.830761612966657,31.31150272933337
Maximum,2,6781,interpolated,842,16952011.206299007,6.847206299006939,31.260903695363254
Maximum,2,6781,interpolated,843,16952027.650985043,6.863650985043496,31.21030466140462
Maximum,2,6781,interpolated,844,16952044.09567108,6.880095671080053,31.159705627445987
Maximum,2,6781,interpolated,845,16952060.54035712,6.896540357120335,31.10910659347587
Maximum,2,6781,interpolated,846,16952076.985043157,6.912985043156892,31.05850755951724
Maximum,2,6781,interpolated,847,16952093.429729197,6.9294297291971745,31.00790852554718
Maximum,2,6781,interpolated,848,16952109.874415234,6.945874415233732,30.91741419503734
Maximum,2,6781,interpolated,849,16952126.31910127,6.962319101270288,30.8195291591054
Maximum,2,6781,interpolated,850,16952142.76378731,6.97876378731057,30.72164412315135
Maximum,2,6781,interpolated,851,16952159.208473347,6.995208473347128,30.62375908721947
Maximum,3,20782,raw,0,51778168.0,-6.987,0.0
Maximum,3,20782,raw,1,51778393.0,-6.7620000000000005,1.0
Maximum,3,20782,raw,2,51778553.0,-6.602,2.0
Maximum,3,20782,raw,3,51778633.0,-6.522,3.0
Maximum,3,20782,raw,4,51778719.0,-6.436,4.0
Maximum,3,20782,raw,5,51778818.0,-6.337,5.0
Maximum,3,20782,raw,6,51778897.0,-6.258,6.0
Maximum,3,20782,raw,7,51778919.0,-6.236,7.0
Maximum,3,20782,raw,8,51779003.0,-6.152,8.0
Maximum,3,20782,raw,9,51779064.0,-6.091,9.0
Maximum,3,20782,raw,10,51779081.0,-6.074,10.0
Maximum,3,20782,raw,11,51779155.0,-6.0,11.0
Maximum,3,20782,raw,12,51779194.0,-5.961,12.0
Maximum,3,20782,raw,13,51779223.0,-5.932,13.0
Maximum,3,20782,raw,14,51779295.0,-5.86,14.0
Maximum,3,20782,raw,15,51779316.0,-5.839,15.0
Maximum,3,20782,raw,16,51779352.0,-5.803,16.0
Maximum,3,20782,raw,17,51779353.0,-5.8020000000000005,17.0
Maximum,3,20782,raw,18,51779364.0,-5.791,18.0
Maximum,3,20782,raw,19,51779375.0,-5.78,19.0
Maximum,3,20782,raw,20,51779392.0,-5.763,20.0
Maximum,3,20782,raw,21,51779404.0,-5.751,21.0
Maximum,3,20782,raw,22,51779449.0,-5.706,22.0
Maximum,3,20782,raw,23,51779485.0,-5.67,23.0
Maximum,3,20782,raw,24,51779509.0,-5.646,24.0
Maximum,3,20782,raw,25,51779588.0,-5.567,25.0
Maximum,3,20782,raw,26,51779725.0,-5.43,26.0
Maximum,3,20782,raw,27,51779840.0,-5.315,27.0
Maximum,3,20782,raw,28,51780062.0,-5.093,28.0
Maximum,3,20782,raw,29,51780107.0,-5.048,29.0
Maximum,3,20782,raw,30,51780154.0,-5.001,30.0
Maximum,3,20782,raw,31,51780217.0,-4.938,31.0
Maximum,3,20782,raw,32,51780228.0,-4.9270000000000005,32.0
Maximum,3,20782,raw,33,51780229.0,-4.926,33.0
Maximum,3,20782,raw,34,51780235.0,-4.92,34.0
Maximum,3,20782,raw,35,51780290.0,-4.865,35.0
Maximum,3,20782,raw,36,51780385.0,-4.7700000000000005,36.0
Maximum,3,20782,raw,37,51780423.0,-4.732,37.0
Maximum,3,20782,raw,38,51780449.0,-4.706,38.0
Maximum,3,20782,raw,39,51780503.0,-4.652,39.0
Maximum,3,20782,raw,40,51780526.0,-4.6290000000000004,40.0
Maximum,3,20782,raw,41,51780541.0,-4.614,41.0
Maximum,3,20782,raw,42,51780554.0,-4.601,42.0
Maximum,3,20782,raw,43,51780617.0,-4.538,43.0
Maximum,3,20782,raw,44,51780818.0,-4.337,44.0
Maximum,3,20782,raw,45,51781009.0,-4.146,45.0
Maximum,3,20782,raw,46,51781051.0,-4.104,46.0
Maximum,3,20782,raw,47,51781069.0,-4.086,47.0
Maximum,3,20782,raw,48,51781188.0,-3.967,48.0
Maximum,3,20782,raw,49,51781483.0,-3.672,49.0
Maximum,3,20782,raw,50,51781498.0,-3.657,50.0
Maximum,3,20782,raw,51,51781524.0,-3.6310000000000002,51.0
Maximum,3,20782,raw,52,51781572.0,-3.583,52.0
Maximum,3,20782,raw,53,51781631.0,-3.524,53.0
Maximum,3,20782,raw,54,51781657.0,-3.498,54.0
Maximum,3,20782,raw,55,51781817.0,-3.338,55.0
Maximum,3,20782,raw,56,51781820.0,-3.335,56.0
Maximum,3,20782,raw,57,51781848.0,-3.307,57.0
Maximum,3,20782,raw,58,51781969.0,-3.186,58.0
Maximum,3,20782,raw,59,51782015.0,-3.14,59.0
Maximum,3,20782,raw,60,51782075.0,-3.08,60.0
Maximum,3,20782,raw,61,51782139.0,-3.016,61.0
Maximum,3,20782,raw,62,51782199.0,-2.956,62.0
Maximum,3,20782,raw,63,51782200.0,-2.955,63.0
Maximum,3,20782,raw,64,51782237.0,-2.918,64.0
Maximum,3,20782,raw,65,51782284.0,-2.871,65.0
Maximum,3,20782,raw,66,51782385.0,-2.77,66.0
Maximum,3,20782,raw,67,51782393.0,-2.762,67.0
Maximum,3,20782,raw,68,51782397.0,-2.758,68.0
Maximum,3,20782,raw,69,51782438.0,-2.717,69.0
Maximum,3,20782,raw,70,51782442.0,-2.713,70.0
Maximum,3,20782,raw,71,51782588.0,-2.567,71.0
Maximum,3,20782,raw,72,51782661.0,-2.494,72.0
Maximum,3,20782,raw,73,51782688.0,-2.467,73.0
Maximum,3,20782,raw,74,51782728.0,-2.427,74.0
Maximum,3,20782,raw,75,51782793.0,-2.362,75.0
Maximum,3,20782,raw,76,51783021.0,-2.134,76.0
Maximum,3,20782,raw,77,51783146.0,-2.009,77.0
Maximum,3,20782,raw,78,51783191.0,-1.964,78.0
Maximum,3,20782,raw,79,51783345.0,-1.81,79.0
Maximum,3,20782,raw,80,51783396.0,-1.7590000000000001,80.0
Maximum,3,20782,raw,81,51783513.0,-1.6420000000000001,81.0
Maximum,3,20782,raw,82,51783529.0,-1.6260000000000001,82.0
Maximum,3,20782,raw,83,51783534.0,-1.621,83.0
Maximum,3,20782,raw,84,51783598.0,-1.557,84.0
Maximum,3,20782,raw,85,51783668.0,-1.487,85.0
Maximum,3,20782,raw,86,51783684.0,-1.471,86.0
Maximum,3,20782,raw,87,51783748.0,-1.407,87.0
Maximum,3,20782,raw,88,51783821.0,-1.334,88.0
Maximum,3,20782,raw,89,51783858.0,-1.297,89.0
Maximum,3,20782,raw,90,51783976.0,-1.179,90.0
Maximum,3,20782,raw,91,51784057.0,-1.098,91.0
Maximum,3,20782,raw,92,51784070.0,-1.085,92.0
Maximum,3,20782,raw,93,51784091.0,-1.064,93.0
Maximum,3,20782,raw,94,51784278.0,-0.877,94.0
Maximum,3,20782,raw,95,51784313.0,-0.842,95.0
Maximum,3,20782,raw,96,51784456.0,-0.6990000000000001,96.0
Maximum,3,20782,raw,97,51784519.0,-0.636,97.0
Maximum,3,20782,raw,98,51784597.0,-0.558,98.0
Maximum,3,20782,raw,99,51784880.0,-0.275,99.0
Maximum,3,20782,raw,100,51784884.0,-0.271,100.0
Maximum,3,20782,raw,101,51784996.0,-0.159,101.0
Maximum,3,20782,raw,102,51785037.0,-0.11800000000000001,102.0
Maximum,3,20782,raw,103,51785089.0,-0.066,103.0
Maximum,3,20782,raw,104,51785146.0,-0.009000000000000001,104.0
Maximum,3,20782,raw,105,51786076.0,0.921,103.0
Maximum,3,20782,raw,106,51786112.0,0.9570000000000001,102.0
Maximum,3,20782,raw,107,51786329.0,1.174,101.0
Maximum,3,20782,raw,108,51786378.0,1.223,100.0
Maximum,3,20782,raw,109,51786386.0,1.231,99.0
Maximum,3,20782,raw,110,51786516.0,1.361,98.0
Maximum,3,20782,raw,111,51786546.0,1.391,97.0
Maximum,3,20782,raw,112,51786551.0,1.3960000000000001,96.0
Maximum,3,20782,raw,113,51786748.0,1.593,95.0
Maximum,3,20782,raw,114,51786784.0,1.629,94.0
Maximum,3,20782,raw,115,51786944.0,1.7890000000000001,93.0
Maximum,3,20782,raw,116,51787074.0,1.919,92.0
Maximum,3,20782,raw,117,51787107.0,1.952,91.0
Maximum,3,20782,raw,118,51787207.0,2.052,90.0
Maximum,3,20782,raw,119,51787367.0,2.212,89.0
Maximum,3,20782,raw,120,51787393.0,2.238,88.0
Maximum,3,20782,raw,121,51787447.0,2.2920000000000003,87.0
Maximum,3,20782,raw,122,51787491.0,2.336,86.0
Maximum,3,20782,raw,123,51787595.0,2.44,85.0
Maximum,3,20782,raw,124,51787688.0,2.533,84.0
Maximum,3,20782,raw,125,51787925.0,2.77,83.0
Maximum,3,20782,raw,126,51787973.0,2.818,82.0
Maximum,3,20782,raw,127,51788118.0,2.963,81.0
Maximum,3,20782,raw,128,51788236.0,3.081,80.0
Maximum,3,20782,raw,129,51788342.0,3.1870000000000003,79.0
Maximum,3,20782,raw,130,51788381.0,3.226,78.0
Maximum,3,20782,raw,131,51788436.0,3.281,77.0
Maximum,3,20782,raw,132,51788453.0,3.298,76.0
Maximum,3,20782,raw,133,51788456.0,3.301,75.0
Maximum,3,20782,raw,134,51788474.0,3.319,74.0
Maximum,3,20782,raw,135,51788514.0,3.359,73.0
Maximum,3,20782,raw,136,51788663.0,3.508,72.0
Maximum,3,20782,raw,137,51788697.0,3.5420000000000003,71.0
Maximum,3,20782,raw,138,51788931.0,3.7760000000000002,70.0
Maximum,3,20782,raw,139,51789213.0,4.058,69.0
Maximum,3,20782,raw,140,51789505.0,4.3500000000000005,68.0
Maximum,3,20782,raw,141,51789563.0,4.408,67.0
Maximum,3,20782,raw,142,51789634.0,4.479,66.0
Maximum,3,20782,raw,143,51789749.0,4.594,65.0
Maximum,3,20782,raw,144,51789774.0,4.619,64.0
Maximum,3,20782,raw,145,51789844.0,4.689,63.0
Maximum,3,20782,raw,146,51789975.0,4.82,62.0
Maximum,3,20782,raw,147,51790161.0,5.006,61.0
Maximum,3,20782,raw,148,51790270.0,5.115,60.0
Maximum,3,20782,raw,149,51790582.0,5.4270000000000005,59.0
Maximum,3,20782,raw,150,51790666.0,5.511,58.0
Maximum,3,20782,raw,151,51790699.0,5.5440000000000005,57.0
Maximum,3,20782,raw,152,51790706.0,5.551,56.0
Maximum,3,20782,raw,153,51790708.0,5.553,55.0
Maximum,3,20782,raw,154,51790749.0,5.594,54.0
Maximum,3,20782,raw,155,51790902.0,5.747,53.0
Maximum,3,20782,raw,156,51791084.0,5.929,52.0
Maximum,3,20782,raw,157,51791090.0,5.9350000000000005,51.0
Maximum,3,20782,raw,158,51791102.0,5.947,50.0
Maximum,3,20782,raw,159,51791143.0,5.988,49.0
Maximum,3,20782,raw,160,51791207.0,6.0520000000000005,48.0
Maximum,3,20782,raw,161,51791383.0,6.228,47.0
Maximum,3,20782,raw,162,51791651.0,6.496,46.0
Maximum,3,20782,raw,163,51791684.0,6.529,45.0
Maximum,3,20782,raw,164,51791687.0,6.532,44.0
Maximum,3,20782,raw,165,51791878.0,6.723,43.0
Maximum,3,20782,raw,166,51792027.0,6.872,42.0
Maximum,3,20782,raw,167,51792076.0,6.921,41.0
Maximum,3,20782,interpolated,0,51778160.69913476,-6.994300865240395,-0.13037259357849962
Maximum,3,20782,interpolated,1,51778179.24880241,-6.975751197591424,0.049994677371500984
Maximum,3,20782,interpolated,2,51778197.79847005,-6.957201529949904,0.13243764466710672
Maximum,3,20782,interpolated,3,51778216.3481377,-6.938651862300932,0.21488061199590902
Maximum,3,20782,interpolated,4,51778234.89780534,-6.920102194659412,0.29732357929151476
Maximum,3,20782,interpolated,5,51778253.44747298,-6.901552527017891,0.3797665465871205
Maximum,3,20782,interpolated,6,51778271.99714063,-6.88300285936892,0.4622095139159228
Maximum,3,20782,interpolated,7,51778290.54680827,-6.8644531917274,0.5446524812115285
Maximum,3,20782,interpolated,8,51778309.09647592,-6.8459035240784285,0.6270954485403308
Maximum,3,20782,interpolated,9,51778327.64614356,-6.8273538564369085,0.7095384158359366
Maximum,3,20782,interpolated,10,51778346.195811205,-6.808804188795388,0.791981383131656
Maximum,3,20782,interpolated,11,51778364.74547885,-6.790254521146417,0.8744243504603446
Maximum,3,20782,interpolated,12,51778383.295146495,-6.771704853504897,0.956867317756064
Maximum,3,20782,interpolated,13,51778401.844814144,-6.753155185855925,1.0552800884004228
Maximum,3,20782,interpolated,14,51778420.394481786,-6.734605518214405,1.1712155111599714
Maximum,3,20782,interpolated,15,51778438.94414943,-6.716055850572884,1.28715093391952
Maximum,3,20782,interpolated,16,51778457.493817076,-6.697506182923913,1.4030863567255665
Maximum,3,20782,interpolated,17,51778476.04348472,-6.678956515282392,1.5190217794850014
Maximum,3,20782,interpolated,18,51778494.59315237,-6.660406847633421,1.6349572022911616
Maximum,3,20782,interpolated,19,51778513.14282001,-6.641857179991901,1.7508926250505965
Maximum,3,20782,interpolated,20,51778531.69248765,-6.62330751235038,1.866828047810145
Maximum,3,20782,interpolated,21,51778550.2421553,-6.6047578447014095,1.9827634706161916
Maximum,3,20782,interpolated,22,51778568.79182294,-6.586208177059889,2.1973977867513668
Maximum,3,20782,interpolated,23,51778587.34149059,-6.567658509410918,2.4292686323635735
Maximum,3,20782,interpolated,24,51778605.89115823,-6.549108841769398,2.661139477882557
Maximum,3,20782,interpolated,25,51778624.44082587,-6.530559174127877,2.8930103234015405
Maximum,3,20782,interpolated,26,51778642.99049352,-6.512009506478906,3.1161685293150185
Maximum,3,20782,interpolated,27,51778661.54016116,-6.493459838837385,3.331862339100212
Maximum,3,20782,interpolated,28,51778680.08982881,-6.474910171188414,3.547556148971921
Maximum,3,20782,interpolated,29,51778698.63949645,-6.456360503546894,3.763249958757001
Maximum,3,20782,interpolated,30,51778717.189164095,-6.437810835905373,3.9789437685421944
Maximum,3,20782,interpolated,31,51778735.73883174,-6.419261168256402,4.169079108521146
Maximum,3,20782,interpolated,32,51778754.288499385,-6.400711500614881,4.356449488738576
Maximum,3,20782,interpolated,33,51778772.838167034,-6.38216183296591,4.543819869031154
Maximum,3,20782,interpolated,34,51778791.387834676,-6.3636121653243904,4.731190249248584
Maximum,3,20782,interpolated,35,51778809.937502325,-6.345062497675419,4.918560629541275
Maximum,3,20782,interpolated,36,51778828.487169966,-6.326512830033899,5.132748986912702
Maximum,3,20782,interpolated,37,51778847.03683761,-6.307963162392378,5.367554906425653
Maximum,3,20782,interpolated,38,51778865.58650526,-6.289413494743407,5.60236082603285
Maximum,3,20782,interpolated,39,51778884.1361729,-6.270863827101887,5.837166745545687
Maximum,3,20782,interpolated,40,51778902.68584055,-6.252314159452915,6.258447297594785
Maximum,3,20782,interpolated,41,51778921.23550819,-6.233764491811395,7.02661319272147
Maximum,3,20782,interpolated,42,51778939.78517583,-6.215214824169874,7.247442569406303
Maximum,3,20782,interpolated,43,51778958.33484348,-6.196665156520903,7.468271946179698
Maximum,3,20782,interpolated,44,51778976.88451112,-6.178115488879382,7.689101322864531
Maximum,3,20782,interpolated,45,51778995.43417877,-6.159565821230411,7.9099306996379255
Maximum,3,20782,interpolated,46,51779013.98384641,-6.141016153588891,8.180063055919845
Maximum,3,20782,interpolated,47,51779032.53351405,-6.1224664859473705,8.484155968075925
Maximum,3,20782,interpolated,48,51779051.0831817,-6.1039168182984,8.788248880354104
Maximum,3,20782,interpolated,49,51779069.63284934,-6.085367150656879,9.331344079007067
Maximum,3,20782,interpolated,50,51779088.18251699,-6.066817483007908,10.097061040433687
Maximum,3,20782,interpolated,51,51779106.73218463,-6.048267815366388,10.347732224778497
Maximum,3,20782,interpolated,52,51779125.281852275,-6.029718147724867,10.59840340912342
Maximum,3,20782,interpolated,53,51779143.831519924,-6.011168480075896,10.849074593568957
Maximum,3,20782,interpolated,54,51779162.381187566,-5.992618812434375,11.189261219631362
Maximum,3,20782,interpolated,55,51779180.930855215,-5.974069144785404,11.6648937234512
Maximum,3,20782,interpolated,56,51779199.480522856,-5.955519477143884,12.188983546762643
Maximum,3,20782,interpolated,57,51779218.0301905,-5.936969809502363,12.8286272585392
Maximum,3,20782,interpolated,58,51779236.57985815,-5.918420141853392,13.18860914092511
Maximum,3,20782,interpolated,59,51779255.12952579,-5.8998704742118715,13.446243413724005
Maximum,3,20782,interpolated,60,51779273.67919344,-5.881320806562901,13.703877686626356
Maximum,3,20782,interpolated,61,51779292.22886108,-5.862771138921381,13.961511959425252
Maximum,3,20782,interpolated,62,51779310.77852872,-5.84422147127986,14.751358510482873
Maximum,3,20782,interpolated,63,51779329.32819637,-5.825671803630889,15.37022767691974
Maximum,3,20782,interpolated,64,51779347.87786401,-5.807122135989368,15.885496222517531
Maximum,3,20782,interpolated,65,51779366.42753166,-5.788572468340397,18.220684696327567
Maximum,3,20782,interpolated,66,51779384.9771993,-5.770022800698876,19.586894076536737
Maximum,3,20782,interpolated,67,51779403.52686695,-5.751473133049905,20.960572245841263
Maximum,3,20782,interpolated,68,51779422.07653459,-5.732923465408385,21.40170076870254
Maximum,3,20782,interpolated,69,51779440.62620223,-5.714373797766864,21.813915605180796
Maximum,3,20782,interpolated,70,51779459.17586988,-5.695824130117893,22.282663052280782
Maximum,3,20782,interpolated,71,51779477.72553752,-5.6772744624763725,22.797931597878573
Maximum,3,20782,interpolated,72,51779496.27520517,-5.6587247948274015,23.46980021552497
Maximum,3,20782,interpolated,73,51779514.824872814,-5.6401751271858815,24.07373256726737
Maximum,3,20782,interpolated,74,51779533.374540456,-5.621625459544361,24.308538486780208
Maximum,3,20782,interpolated,75,51779551.924208105,-5.60307579189539,24.54334440638752
Maximum,3,20782,interpolated,76,51779570.473875746,-5.584526124253869,24.778150325900356
Maximum,3,20782,interpolated,77,51779589.023543395,-5.565976456604898,25.007471119672232
Maximum,3,20782,interpolated,78,51779607.57321104,-5.547426788963378,25.14287015355194
Maximum,3,20782,interpolated,79,51779626.12287868,-5.528877121321857,25.278269187431647
Maximum,3,20782,interpolated,80,51779644.67254633,-5.510327453672886,25.41366822136581
Maximum,3,20782,interpolated,81,51779663.22221397,-5.491777786031365,25.549067255245518
Maximum,3,20782,interpolated,82,51779681.77188162,-5.473228118382394,25.684466289179568
Maximum,3,20782,interpolated,83,51779700.32154926,-5.454678450740874,25.819865323059275
Maximum,3,20782,interpolated,84,51779718.8712169,-5.436128783099353,25.955264356938983
Maximum,3,20782,interpolated,85,51779737.42088455,-5.4175791154503825,26.108007691735793
Maximum,3,20782,interpolated,86,51779755.97055219,-5.399029447808862,26.26930914948821
Maximum,3,20782,interpolated,87,51779774.52021984,-5.380479780159891,26.43061060730531
Maximum,3,20782,interpolated,88,51779793.06988748,-5.361930112518371,26.591912065057613
Maximum,3,20782,interpolated,89,51779811.61955512,-5.34338044487685,26.75321352281003
Maximum,3,20782,interpolated,90,51779830.16922277,-5.324830777227879,26.914514980627132
Maximum,3,20782,interpolated,91,51779848.71889041,-5.306281109586358,27.039274281142525
Maximum,3,20782,interpolated,92,51779867.26855806,-5.287731441937387,27.12283134262441
Maximum,3,20782,interpolated,93,51779885.818225704,-5.269181774295866,27.20638840407264
Maximum,3,20782,interpolated,94,51779904.367893346,-5.250632106654346,27.289945465520987
Maximum,3,20782,interpolated,95,51779922.917560995,-5.232082439005375,27.37350252700287
Maximum,3,20782,interpolated,96,51779941.467228636,-5.213532771363854,27.457059588451102
Maximum,3,20782,interpolated,97,51779960.016896285,-5.1949831037148835,27.540616649932986
Maximum,3,20782,interpolated,98,51779978.56656393,-5.176433436073363,27.624173711381218
Maximum,3,20782,interpolated,99,51779997.116231576,-5.157883768424392,27.7077307728631
Maximum,3,20782,interpolated,100,51780015.66589922,-5.139334100782872,27.791287834311447
Maximum,3,20782,interpolated,101,51780034.21556686,-5.120784433141351,27.87484489575968
Maximum,3,20782,interpolated,102,51780052.76523451,-5.10223476549238,27.958401957241563
Maximum,3,20782,interpolated,103,51780071.31490215,-5.083685097850859,28.20699782553652
Maximum,3,20782,interpolated,104,51780089.8645698,-5.065135430201888,28.619212662180303
Maximum,3,20782,interpolated,105,51780108.41423744,-5.046585762560368,29.030090158290022
Maximum,3,20782,interpolated,106,51780126.96390508,-5.028036094918847,29.42476393789684
Maximum,3,20782,interpolated,107,51780145.51357273,-5.009486427269876,29.819437717662254
Maximum,3,20782,interpolated,108,51780164.06324037,-4.990936759628355,30.15973397415314
Maximum,3,20782,interpolated,109,51780182.61290802,-4.972387091979384,30.454173143184335
Maximum,3,20782,interpolated,110,51780201.16257566,-4.9538374243378644,30.748612312097407
Maximum,3,20782,interpolated,111,51780219.7122433,-4.935287756696344,31.24656757305968
Maximum,3,20782,interpolated,112,51780238.26191095,-4.916738089047373,34.059307471865964
Maximum,3,20782,interpolated,113,51780256.811578594,-4.898188421405852,34.3965741562572
Maximum,3,20782,interpolated,114,51780275.36124624,-4.879638753756881,34.733840840783955
Maximum,3,20782,interpolated,115,51780293.910913885,-4.86108908611536,35.041167514575136
Maximum,3,20782,interpolated,116,51780312.460581526,-4.84253941847384,35.236427173959555
Maximum,3,20782,interpolated,117,51780331.010249175,-4.823989750824869,35.43168683342242
Maximum,3,20782,interpolated,118,51780349.55991682,-4.805440083183348,35.62694649280684
Maximum,3,20782,interpolated,119,51780368.109584466,-4.786890415534377,35.8222061522697
Maximum,3,20782,interpolated,120,51780386.65925211,-4.768340747892856,36.0436645291353
Maximum,3,20782,interpolated,121,51780405.20891975,-4.749791080251336,36.53181367759646
Maximum,3,20782,interpolated,122,51780423.7585874,-4.731241412602365,37.02917643837054
Maximum,3,20782,interpolated,123,51780442.30825504,-4.7126917449608445,37.74262519381364
Maximum,3,20782,interpolated,124,51780460.85792269,-4.694142077311874,38.21959116089124
Maximum,3,20782,interpolated,125,51780479.40759033,-4.675592409670353,38.5631035246231
Maximum,3,20782,interpolated,126,51780497.95725797,-4.657042742028833,38.90661588835496
Maximum,3,20782,interpolated,127,51780516.50692562,-4.638493074379862,39.58725763565815
Maximum,3,20782,interpolated,128,51780535.05659326,-4.619943406738341,40.60377288411064
Maximum,3,20782,interpolated,129,51780553.60626091,-4.60139373908937,41.969712377740734
Maximum,3,20782,interpolated,130,51780572.15592855,-4.582844071447849,42.28818934209767
Maximum,3,20782,interpolated,131,51780590.7055962,-4.564294403798878,42.58262851112897
Maximum,3,20782,interpolated,132,51780609.25526384,-4.545744736157358,42.87706768004193
Maximum,3,20782,interpolated,133,51780627.804931484,-4.527195068515837,43.05375587803064
Maximum,3,20782,interpolated,134,51780646.35459913,-4.508645400866866,43.14604278175693
Maximum,3,20782,interpolated,135,51780664.904266775,-4.4900957332253455,43.23832968544605
Maximum,3,20782,interpolated,136,51780683.45393442,-4.471546065576375,43.33061658917222
Maximum,3,20782,interpolated,137,51780702.003602065,-4.452996397934854,43.42290349286145
Maximum,3,20782,interpolated,138,51780720.55326971,-4.434446730293334,43.515190396550565
Maximum,3,20782,interpolated,139,51780739.102937356,-4.415897062644363,43.607477300276855
Maximum,3,20782,interpolated,140,51780757.652605,-4.397347395002842,43.69976420396597
Maximum,3,20782,interpolated,141,51780776.202272646,-4.378797727353871,43.792051107692146
Maximum,3,20782,interpolated,142,51780794.75194029,-4.36024805971235,43.884338011381374
Maximum,3,20782,interpolated,143,51780813.30160793,-4.34169839207083,43.97662491507049
Maximum,3,20782,interpolated,144,51780831.85127558,-4.323148724421859,44.072519767424865
Maximum,3,20782,interpolated,145,51780850.40094322,-4.304599056780338,44.169638446176236
Maximum,3,20782,interpolated,146,51780868.95061087,-4.286049389131367,44.266757124966716
Maximum,3,20782,interpolated,147,51780887.50027851,-4.2674997214898465,44.36387580371809
Maximum,3,20782,interpolated,148,51780906.04994615,-4.2489500538483265,44.46099448246946
Maximum,3,20782,interpolated,149,51780924.5996138,-4.2304003861993555,44.55811316125994
Maximum,3,20782,interpolated,150,51780943.14928144,-4.211850718557835,44.65523184001131
Maximum,3,20782,interpolated,151,51780961.69894909,-4.193301050908864,44.75235051880179
Maximum,3,20782,interpolated,152,51780980.24861673,-4.174751383267343,44.84946919755316
Maximum,3,20782,interpolated,153,51780998.798284374,-4.156201715625823,44.94658787630465
Maximum,3,20782,interpolated,154,51781017.34795202,-4.137652047976852,45.19876076245589
Maximum,3,20782,interpolated,155,51781035.897619665,-4.119102380335331,45.64041951582544
Maximum,3,20782,interpolated,156,51781054.44728731,-4.10055271268636,46.191515961868845
Maximum,3,20782,interpolated,157,51781072.996954955,-4.082003045044839,47.033587856766076
Maximum,3,20782,interpolated,158,51781091.5466226,-4.063453377403319,47.189467416778825
Maximum,3,20782,interpolated,159,51781110.096290246,-4.044903709754348,47.345346976854216
Maximum,3,20782,interpolated,160,51781128.64595789,-4.026354042112827,47.501226536866966
Maximum,3,20782,interpolated,161,51781147.195625536,-4.0078043744638565,47.65710609694236
Maximum,3,20782,interpolated,162,51781165.74529318,-3.9892547068223356,47.81298565695511
Maximum,3,20782,interpolated,163,51781184.29496083,-3.9707050391733647,47.9688652170305
Maximum,3,20782,interpolated,164,51781202.84462847,-3.9521553715318443,48.05032077446833
Maximum,3,20782,interpolated,165,51781221.39429611,-3.933605703890324,48.11320100376156
Maximum,3,20782,interpolated,166,51781239.94396376,-3.9150560362413525,48.17608123308014
Maximum,3,20782,interpolated,167,51781258.4936314,-3.896506368599832,48.23896146237348
Maximum,3,20782,interpolated,168,51781277.04329905,-3.877956700950861,48.30184169169195
Maximum,3,20782,interpolated,169,51781295.59296669,-3.8594070333093407,48.36472192098529
Maximum,3,20782,interpolated,170,51781314.14263433,-3.84085736566782,48.42760215027863
Maximum,3,20782,interpolated,171,51781332.69230198,-3.822307698018849,48.4904823795971
Maximum,3,20782,interpolated,172,51781351.24196962,-3.8037580303773284,48.55336260889044
Maximum,3,20782,interpolated,173,51781369.79163727,-3.7852083627283575,48.616242838208905
Maximum,3,20782,interpolated,174,51781388.34130491,-3.766658695086837,48.679123067502246
Maximum,3,20782,interpolated,175,51781406.890972555,-3.7481090274453166,48.74200329679559
Maximum,3,20782,interpolated,176,51781425.4406402,-3.7295593597963452,48.804883526114054
Maximum,3,20782,interpolated,177,51781443.990307845,-3.711009692154825,48.867763755407395
Maximum,3,20782,interpolated,178,51781462.539975494,-3.692460024505854,48.930643984725975
Maximum,3,20782,interpolated,179,51781481.089643136,-3.6739103568643334,48.9935242140192
Maximum,3,20782,interpolated,180,51781499.63931078,-3.6553606892228125,50.06305041450719
Maximum,3,20782,interpolated,181,51781518.188978426,-3.6368110215738416,50.77649917023689
Maximum,3,20782,interpolated,182,51781536.73864607,-3.618261353932321,51.26538845974335
Maximum,3,20782,interpolated,183,51781555.28831372,-3.5997116862833503,51.651839869096875
Maximum,3,20782,interpolated,184,51781573.83798136,-3.5811620186418294,52.03115222640963
Maximum,3,20782,interpolated,185,51781592.387649,-3.562612351000309,52.34555337287611
Maximum,3,20782,interpolated,186,51781610.93731665,-3.544062683351338,52.6599545194689
Maximum,3,20782,interpolated,187,51781629.48698429,-3.5255130157098176,52.97435566593526
Maximum,3,20782,interpolated,188,51781648.03665194,-3.506963348060846,53.65525584381362
Maximum,3,20782,interpolated,189,51781666.58631958,-3.4884136804193258,54.05991449737917
Maximum,3,20782,interpolated,190,51781685.13598722,-3.4698640127778053,54.17584992013872
Maximum,3,20782,interpolated,191,51781703.68565487,-3.4513143451288344,54.29178534294476
Maximum,3,20782,interpolated,192,51781722.23532251,-3.432764677487314,54.40772076570431
Maximum,3,20782,interpolated,193,51781740.78499016,-3.4142150098383426,54.52365618851036
Maximum,3,20782,interpolated,194,51781759.3346578,-3.395665342196822,54.63959161126991
Maximum,3,20782,interpolated,195,51781777.884325445,-3.3771156745553017,54.75552703402934
Maximum,3,20782,interpolated,196,51781796.43399309,-3.358566006906331,54.87146245683539
Maximum,3,20782,interpolated,197,51781814.983660735,-3.3400163392648103,54.98739787959494
Maximum,3,20782,interpolated,198,51781833.533328384,-3.321466671615839,56.483333156577146
Maximum,3,20782,interpolated,199,51781852.082996026,-3.3029170039743185,57.03374376880731
Maximum,3,20782,interpolated,200,51781870.632663675,-3.2843673363253476,57.18704680722851
Maximum,3,20782,interpolated,201,51781889.182331316,-3.265817668683827,57.34034984558821
Maximum,3,20782,interpolated,202,51781907.73199896,-3.2472680010423063,57.4936528839479
Maximum,3,20782,interpolated,203,51781926.28166661,-3.2287183333933354,57.6469559223691
Maximum,3,20782,interpolated,204,51781944.83133425,-3.210168665751815,57.8002589607288
Maximum,3,20782,interpolated,205,51781963.3810019,-3.191618998102844,57.95356199915
Maximum,3,20782,interpolated,206,51781981.93066954,-3.173069330461323,58.2811015117104
Maximum,3,20782,interpolated,207,51782000.48033718,-3.1545196628198027,58.684355156091215
Maximum,3,20782,interpolated,208,51782019.03000483,-3.1359699951708317,59.06716674715278
Maximum,3,20782,interpolated,209,51782037.57967247,-3.1174203275293113,59.3763278745115
Maximum,3,20782,interpolated,210,51782056.12934012,-3.0988706598803404,59.68548900199437
Maximum,3,20782,interpolated,211,51782074.67900776,-3.0803209922388195,59.994650129352976
Maximum,3,20782,interpolated,212,51782093.2286754,-3.061771324597299,60.2848230531672
Maximum,3,20782,interpolated,213,51782111.77834305,-3.043221656948328,60.574661610182375
Maximum,3,20782,interpolated,214,51782130.32801069,-3.0246719893068077,60.86450016708113
Maximum,3,20782,interpolated,215,51782148.87767834,-3.0061223216578363,61.16462797236943
Maximum,3,20782,interpolated,216,51782167.42734598,-2.987572654016316,61.47378909972804
Maximum,3,20782,interpolated,217,51782185.977013625,-2.9690229863747954,61.78295022708676
Maximum,3,20782,interpolated,218,51782204.526681274,-2.9504733187258245,63.12234273713989
Maximum,3,20782,interpolated,219,51782223.076348916,-2.931923651084304,63.62368510582962
Maximum,3,20782,interpolated,220,51782241.626016565,-2.9133739834353327,64.09842588435458
Maximum,3,20782,interpolated,221,51782260.175684206,-2.8948243157938123,64.4930996639614
Maximum,3,20782,interpolated,222,51782278.72535185,-2.876274648152292,64.88777344356822
Maximum,3,20782,interpolated,223,51782297.2750195,-2.857724980503321,65.13143583660076
Maximum,3,20782,interpolated,224,51782315.82468714,-2.8391753128618005,65.31509591225938
Maximum,3,20782,interpolated,225,51782334.37435479,-2.820625645212829,65.49875598799179
Maximum,3,20782,interpolated,226,51782352.92402243,-2.8020759775713087,65.68241606365041
Maximum,3,20782,interpolated,227,51782371.47369007,-2.7835263099297882,65.86607613930903
Maximum,3,20782,interpolated,228,51782390.02335772,-2.7649766422808173,66.62791971489787
Maximum,3,20782,interpolated,229,51782408.57302536,-2.7464269746392964,68.28226891123666
Maximum,3,20782,interpolated,230,51782427.12269301,-2.7278773069903255,68.73469982950428
Maximum,3,20782,interpolated,231,51782445.67236065,-2.709327639348805,70.02515315514518
Maximum,3,20782,interpolated,232,51782464.2220283,-2.690777971699834,70.15220567328879
Maximum,3,20782,interpolated,233,51782482.77169594,-2.6722283040583132,70.27925819138136
Maximum,3,20782,interpolated,234,51782501.32136358,-2.653678636416793,70.40631070947404
Maximum,3,20782,interpolated,235,51782519.87103123,-2.635128968767822,70.53336322761766
Maximum,3,20782,interpolated,236,51782538.42069887,-2.6165793011263014,70.66041574571022
Maximum,3,20782,interpolated,237,51782556.97036652,-2.59802963347733,70.78746826385395
Maximum,3,20782,interpolated,238,51782575.520034164,-2.5794799658358096,70.91452078194652
Maximum,3,20782,interpolated,239,51782594.069701806,-2.560930298194289,71.08314660007818
Maximum,3,20782,interpolated,240,51782612.619369455,-2.5423806305453183,71.33725163636552
Maximum,3,20782,interpolated,241,51782631.169037096,-2.523830962903798,71.59135667255077
Maximum,3,20782,interpolated,242,51782649.718704745,-2.5052812952548265,71.845461708838
Maximum,3,20782,interpolated,243,51782668.26837239,-2.486731627613306,72.26919897728499
Maximum,3,20782,interpolated,244,51782686.81804003,-2.4681819599717856,72.95622370474871
Maximum,3,20782,interpolated,245,51782705.36770768,-2.4496322923228147,73.43419269192964
Maximum,3,20782,interpolated,246,51782723.91737532,-2.431082624681294,73.8979343829676
Maximum,3,20782,interpolated,247,51782742.46704297,-2.412532957032323,74.2225698918104
Maximum,3,20782,interpolated,248,51782761.01671061,-2.3939832893908024,74.5079493939877
Maximum,3,20782,interpolated,249,51782779.56637825,-2.375433621749282,74.7933288961649
Maximum,3,20782,interpolated,250,51782798.1160459,-2.356883954100311,75.02243879780565
Maximum,3,20782,interpolated,251,51782816.66571354,-2.33833428645879,75.10379698921588
Maximum,3,20782,interpolated,252,51782835.21538119,-2.3197846188098192,75.18515518065874
Maximum,3,20782,interpolated,253,51782853.76504883,-2.301234951168299,75.26651337206886
Maximum,3,20782,interpolated,254,51782872.31471647,-2.2826852835267784,75.34787156347909
Maximum,3,20782,interpolated,255,51782890.86438412,-2.264135615877807,75.42922975492195
Maximum,3,20782,interpolated,256,51782909.41405176,-2.2455859482362865,75.51058794633207
Maximum,3,20782,interpolated,257,51782927.96371941,-2.2270362805873156,75.59194613777493
Maximum,3,20782,interpolated,258,51782946.513387054,-2.208486612945795,75.67330432918516
Maximum,3,20782,interpolated,259,51782965.063054696,-2.1899369453042747,75.75466252059528
Maximum,3,20782,interpolated,260,51782983.612722345,-2.1713872776553034,75.83602071203813
Maximum,3,20782,interpolated,261,51783002.162389986,-2.152837610013783,75.91737890344837
Maximum,3,20782,interpolated,262,51783020.712057635,-2.134287942364812,75.99873709489123
Maximum,3,20782,interpolated,263,51783039.26172528,-2.1157382747232916,76.14609380221361
Maximum,3,20782,interpolated,264,51783057.811392926,-2.09718860707432,76.29449114340548
Maximum,3,20782,interpolated,265,51783076.36106057,-2.0786389394327998,76.44288848453755
Maximum,3,20782,interpolated,266,51783094.91072821,-2.0600892717912793,76.59128582566973
Maximum,3,20782,interpolated,267,51783113.46039586,-2.0415396041423084,76.73968316686148
Maximum,3,20782,interpolated,268,51783132.0100635,-2.022989936500788,76.88808050799366
Maximum,3,20782,interpolated,269,51783150.55973115,-2.0044402688518166,77.1013273588485
Maximum,3,20782,interpolated,270,51783169.10939879,-1.9858906012102961,77.51354219532675
Maximum,3,20782,interpolated,271,51783187.65906643,-1.9673409335687757,77.925757031805
Maximum,3,20782,interpolated,272,51783206.20873408,-1.9487912659198046,78.09875801350779
Maximum,3,20782,interpolated,273,51783224.75840172,-1.9302415982782841,78.21921040079042
Maximum,3,20782,interpolated,274,51783243.30806937,-1.911691930629313,78.33966278812136
Maximum,3,20782,interpolated,275,51783261.85773701,-1.8931422629877925,78.46011517540398
Maximum,3,20782,interpolated,276,51783280.407404654,-1.874592595346272,78.5805675626865
Maximum,3,20782,interpolated,277,51783298.9570723,-1.856042927697301,78.70101995001755
Maximum,3,20782,interpolated,278,51783317.506739944,-1.8374932600557805,78.82147233730018
Maximum,3,20782,interpolated,279,51783336.05640759,-1.8189435924068094,78.94192472463112
Maximum,3,20782,interpolated,280,51783354.606075235,-1.800393924765289,79.1883544163669
Maximum,3,20782,interpolated,281,51783373.155742876,-1.7818442571237683,79.55207338973003
Maximum,3,20782,interpolated,282,51783391.705410525,-1.7632945894747973,79.91579236323923
Maximum,3,20782,interpolated,283,51783410.25507817,-1.7447449218332767,80.12183827492925
Maximum,3,20782,interpolated,284,51783428.804745816,-1.7261952541843057,80.28038244286915
Maximum,3,20782,interpolated,285,51783447.35441346,-1.7076455865427853,80.4389266107454
Maximum,3,20782,interpolated,286,51783465.9040811,-1.6890959189012646,80.59747077862164
Maximum,3,20782,interpolated,287,51783484.45374875,-1.6705462512522937,80.75601494656155
Maximum,3,20782,interpolated,288,51783503.00341639,-1.651996583610773,80.9145591144378
Maximum,3,20782,interpolated,289,51783521.55308404,-1.6334469159618021,81.53456775238737
Maximum,3,20782,interpolated,290,51783540.10275168,-1.6148972483202815,83.0953554949956
Maximum,3,20782,interpolated,291,51783558.65241932,-1.596347580678761,83.38519405189436
Maximum,3,20782,interpolated,292,51783577.20208697,-1.57779791302979,83.67503260890953
Maximum,3,20782,interpolated,293,51783595.75175461,-1.5592482453882694,83.96487116580829
Maximum,3,20782,interpolated,294,51783614.30142226,-1.5406985777392983,84.23287746086714
Maximum,3,20782,interpolated,295,51783632.8510899,-1.5221489100977779,84.49787271288892
Maximum,3,20782,interpolated,296,51783651.40075755,-1.5035992424488067,84.762867965017
Maximum,3,20782,interpolated,297,51783669.95042519,-1.4850495748072863,85.12190157454461
Maximum,3,20782,interpolated,298,51783688.500092834,-1.4664999071657658,86.07031395053491
Maximum,3,20782,interpolated,299,51783707.04976048,-1.4479502395167947,86.36015250755008
Maximum,3,20782,interpolated,300,51783725.599428125,-1.4294005718752743,86.64999106444884
Maximum,3,20782,interpolated,301,51783744.14909577,-1.410850904226303,86.93982962146401
Maximum,3,20782,interpolated,302,51783762.698763415,-1.3923012365847827,87.20135292349607
Maximum,3,20782,interpolated,303,51783781.24843106,-1.3737515689432622,87.45545795968133
Maximum,3,20782,interpolated,304,51783799.798098706,-1.355201901294291,87.70956299596867
Maximum,3,20782,interpolated,305,51783818.34776635,-1.3366522336527706,87.9636680321538
Maximum,3,20782,interpolated,306,51783836.897433996,-1.3181025660037995,88.42966037827568
Maximum,3,20782,interpolated,307,51783855.44710164,-1.299552898362279,88.93100274696542
Maximum,3,20782,interpolated,308,51783873.99676928,-1.2810032307207584,89.13556584134949
Maximum,3,20782,interpolated,309,51783892.54643693,-1.2624535630717875,89.29276641464583
Maximum,3,20782,interpolated,310,51783911.09610457,-1.2439038954302668,89.44996698787907
Maximum,3,20782,interpolated,311,51783929.64577222,-1.2253542277812959,89.60716756117552
Maximum,3,20782,interpolated,312,51783948.19543986,-1.2068045601397752,89.76436813440864
Maximum,3,20782,interpolated,313,51783966.7451075,-1.1882548924982548,89.92156870764188
Maximum,3,20782,interpolated,314,51783985.29477515,-1.1697052248492836,90.1147503105027
Maximum,3,20782,interpolated,315,51784003.84444279,-1.1511555572077632,90.34375855299061
Maximum,3,20782,interpolated,316,51784022.39411044,-1.132605889558792,90.57276679557049
Maximum,3,20782,interpolated,317,51784040.94377808,-1.1140562219172716,90.8017750380584
Maximum,3,20782,interpolated,318,51784059.493445724,-1.0955065542757512,91.19180351724992
Maximum,3,20782,interpolated,319,51784078.04311337,-1.07695688662678,92.38300539872478
Maximum,3,20782,interpolated,320,51784096.592781015,-1.0584072189852596,93.02990791986497
Maximum,3,20782,interpolated,321,51784115.14244866,-1.0398575513362884,93.12910400354929
Maximum,3,20782,interpolated,322,51784133.692116305,-1.021307883694768,93.2283000871937
Maximum,3,20782,interpolated,323,51784152.24178395,-1.0027582160532476,93.32749617083823
Maximum,3,20782,interpolated,324,51784170.791451596,-0.9842085484042764,93.42669225452255
Maximum,3,20782,interpolated,325,51784189.34111924,-0.9656588807627559,93.52588833816708
Maximum,3,20782,interpolated,326,51784207.890786886,-0.9471092131137848,93.6250844218514
Maximum,3,20782,interpolated,327,51784226.44045453,-0.9285595454722643,93.72428050549593
Maximum,3,20782,interpolated,328,51784244.99012218,-0.9100098778232932,93.82347658918025
Maximum,3,20782,interpolated,329,51784263.53978982,-0.8914602101817727,93.92267267282477
Maximum,3,20782,interpolated,330,51784282.08945746,-0.8729105425402522,94.11684164170708
Maximum,3,20782,interpolated,331,51784300.63912511,-0.8543608748912811,94.64683214596334
Maximum,3,20782,interpolated,332,51784319.18879275,-0.8358112072497607,95.04327827098075
Maximum,3,20782,interpolated,333,51784337.7384604,-0.8172615396007895,95.17299622656788
Maximum,3,20782,interpolated,334,51784356.28812804,-0.7987118719592691,95.30271418210305
Maximum,3,20782,interpolated,335,51784374.83779568,-0.7801622043177485,95.4324321376381
Maximum,3,20782,interpolated,336,51784393.38746333,-0.7616125366687775,95.56215009322534
Maximum,3,20782,interpolated,337,51784411.93713097,-0.7430628690272569,95.6918680487604
Maximum,3,20782,interpolated,338,51784430.48679862,-0.7245132013782859,95.82158600434764
Maximum,3,20782,interpolated,339,51784449.03646626,-0.7059635337367653,95.95130395988281
Maximum,3,20782,interpolated,340,51784467.586133905,-0.6874138660952449,96.18390688737702
Maximum,3,20782,interpolated,341,51784486.135801554,-0.6688641984462739,96.47834605640833
Maximum,3,20782,interpolated,342,51784504.685469195,-0.6503145308047533,96.7727852253214
Maximum,3,20782,interpolated,343,51784523.235136844,-0.6317648631557823,97.05429662620793
Maximum,3,20782,interpolated,344,51784541.784804486,-0.6132151955142617,97.2921128780223
Maximum,3,20782,interpolated,345,51784560.33447213,-0.5946655278727412,97.52992912983666
Maximum,3,20782,interpolated,346,51784578.884139776,-0.5761158602237701,97.76774538174652
Maximum,3,20782,interpolated,347,51784597.43380742,-0.5575661925822496,98.00153288840193
Maximum,3,20782,interpolated,348,51784615.98347507,-0.5390165249332786,98.06707941719685
Maximum,3,20782,interpolated,349,51784634.53314271,-0.5204668572917581,98.13262594596551
Maximum,3,20782,interpolated,350,51784653.08281035,-0.5019171896502376,98.19817247473418
Maximum,3,20782,interpolated,351,51784671.632478,-0.4833675220012665,98.2637190035291
Maximum,3,20782,interpolated,352,51784690.18214564,-0.464817854359746,98.32926553229777
Maximum,3,20782,interpolated,353,51784708.73181329,-0.4462681867107749,98.3948120610927
Maximum,3,20782,interpolated,354,51784727.28148093,-0.4277185190692544,98.46035858986124
Maximum,3,20782,interpolated,355,51784745.83114857,-0.4091688514277339,98.52590511862991
Maximum,3,20782,interpolated,356,51784764.38081622,-0.3906191837787628,98.59145164742483
Maximum,3,20782,interpolated,357,51784782.93048386,-0.3720695161372423,98.6569981761935
Maximum,3,20782,interpolated,358,51784801.48015151,-0.3535198484882712,98.72254470498842
Maximum,3,20782,interpolated,359,51784820.02981915,-0.33497018084675073,98.78809123375709
Maximum,3,20782,interpolated,360,51784838.5794868,-0.31642051319777964,98.85363776255201
Maximum,3,20782,interpolated,361,51784857.129154444,-0.29787084555625915,98.91918429132068
Maximum,3,20782,interpolated,362,51784875.678822085,-0.27932117791473865,98.98473082008923
Maximum,3,20782,interpolated,363,51784894.228489734,-0.26077151026576756,100.09132580119854
Maximum,3,20782,interpolated,364,51784912.778157376,-0.2422218426242471,100.25694783371205
Maximum,3,20782,interpolated,365,51784931.327825025,-0.223672174975276,100.42256986629218
Maximum,3,20782,interpolated,366,51784949.877492666,-0.2051225073337555,100.5881918988058
Maximum,3,20782,interpolated,367,51784968.42716031,-0.186572839692235,100.75381393131931
Maximum,3,20782,interpolated,368,51784986.97682796,-0.16802317204326392,100.91943596389945
Maximum,3,20782,interpolated,369,51785005.5264956,-0.14947350440174342,101.23235355117697
Maximum,3,20782,interpolated,370,51785024.07616325,-0.13092383675277233,101.6847844694446
Maximum,3,20782,interpolated,371,51785042.62583089,-0.11237416911125184,102.10818905555288
Maximum,3,20782,interpolated,372,51785061.17549853,-0.09382450146973133,102.46491343327443
Maximum,3,20782,interpolated,373,51785079.72516618,-0.07527483382076025,102.82163781113923
Maximum,3,20782,interpolated,374,51785098.27483382,-0.05672516617923975,103.16271638282035
Maximum,3,20782,interpolated,375,51785116.82450147,-0.03817549853026867,103.48814914859179
Maximum,3,20782,interpolated,376,51785135.37416911,-0.01962583088874817,103.81358191423249
Maximum,3,20782,interpolated,377,51785153.92383675,-0.0010761632472276689,103.99147974542711
Maximum,3,20782,interpolated,378,51785172.4735044,0.017473504401743414,103.97153386623472
Maximum,3,20782,interpolated,379,51785191.02317204,0.03602317204326391,103.95158798705029
Maximum,3,20782,interpolated,380,51785209.57283969,0.054572839692234996,103.93164210785778
Maximum,3,20782,interpolated,381,51785228.122507334,0.0731225073337555,103.91169622867335
Maximum,3,20782,interpolated,382,51785246.672174975,0.091672174975276,103.89175034948892
Maximum,3,20782,interpolated,383,51785265.221842624,0.11022184262424707,103.87180447029652
Maximum,3,20782,interpolated,384,51785283.771510266,0.12877151026576758,103.85185859111209
Maximum,3,20782,interpolated,385,51785302.321177915,0.14732117791473867,103.83191271191959
Maximum,3,20782,interpolated,386,51785320.870845556,0.16587084555625917,103.81196683273515
Maximum,3,20782,interpolated,387,51785339.4205132,0.18442051319777966,103.79202095355072
Maximum,3,20782,interpolated,388,51785357.97018085,0.20297018084675075,103.77207507435833
Maximum,3,20782,interpolated,389,51785376.51984849,0.22151984848827125,103.7521291951739
Maximum,3,20782,interpolated,390,51785395.06951614,0.2400695161372423,103.7321833159815
Maximum,3,20782,interpolated,391,51785413.61918378,0.2586191837787628,103.71223743679707
Maximum,3,20782,interpolated,392,51785432.16885143,0.2771688514277339,103.69229155760456
Maximum,3,20782,interpolated,393,51785450.71851907,0.2957185190692544,103.67234567842013
Maximum,3,20782,interpolated,394,51785469.26818671,0.3142681867107749,103.6523997992357
Maximum,3,20782,interpolated,395,51785487.81785436,0.332817854359746,103.6324539200433
Maximum,3,20782,interpolated,396,51785506.367522,0.3513675220012665,103.61250804085887
Maximum,3,20782,interpolated,397,51785524.91718965,0.36991718965023757,103.59256216166636
Maximum,3,20782,interpolated,398,51785543.46685729,0.38846685729175806,103.57261628248193
Maximum,3,20782,interpolated,399,51785562.01652493,0.40701652493327856,103.5526704032975
Maximum,3,20782,interpolated,400,51785580.56619258,0.42556619258224965,103.5327245241051
Maximum,3,20782,interpolated,401,51785599.115860224,0.44411586022377014,103.51277864492067
Maximum,3,20782,interpolated,402,51785617.66552787,0.46266552787274123,103.49283276572828
Maximum,3,20782,interpolated,403,51785636.215195514,0.48121519551426173,103.47288688654385
Maximum,3,20782,interpolated,404,51785654.764863156,0.4997648631557822,103.45294100735941
Maximum,3,20782,interpolated,405,51785673.314530805,0.5183145308047533,103.43299512816691
Maximum,3,20782,interpolated,406,51785691.864198446,0.5368641984462739,103.41304924898247
Maximum,3,20782,interpolated,407,51785710.413866095,0.5554138660952449,103.39310336979008
Maximum,3,20782,interpolated,408,51785728.96353374,0.5739635337367653,103.37315749060565
Maximum,3,20782,interpolated,409,51785747.51320138,0.5925132013782859,103.35321161142122
Maximum,3,20782,interpolated,410,51785766.06286903,0.6110628690272569,103.33326573222871
Maximum,3,20782,interpolated,411,51785784.61253667,0.6296125366687775,103.31331985304428
Maximum,3,20782,interpolated,412,51785803.16220432,0.6481622043177485,103.29337397385189
Maximum,3,20782,interpolated,413,51785821.71187196,0.6667118719592691,103.27342809466745
Maximum,3,20782,interpolated,414,51785840.2615396,0.6852615396007896,103.25348221548302
Maximum,3,20782,interpolated,415,51785858.81120725,0.7038112072497607,103.23353633629063
Maximum,3,20782,interpolated,416,51785877.36087489,0.7223608748912811,103.21359045710619
Maximum,3,20782,interpolated,417,51785895.91054254,0.7409105425402522,103.19364457791369
Maximum,3,20782,interpolated,418,51785914.46021018,0.7594602101817727,103.17369869872925
Maximum,3,20782,interpolated,419,51785933.00987782,0.7780098778232932,103.15375281954482
Maximum,3,20782,interpolated,420,51785951.55954547,0.7965595454722643,103.13380694035243
Maximum,3,20782,interpolated,421,51785970.109213114,0.8151092131137848,103.113861061168
Maximum,3,20782,interpolated,422,51785988.65888076,0.8336588807627558,103.09391518197549
Maximum,3,20782,interpolated,423,51786007.208548404,0.8522085484042764,103.07396930279106
Maximum,3,20782,interpolated,424,51786025.75821605,0.8707582160532474,103.05402342359866
Maximum,3,20782,interpolated,425,51786044.307883695,0.889307883694768,103.03407754441423
Maximum,3,20782,interpolated,426,51786062.85755134,0.9078575513362884,103.0141316652298
Maximum,3,20782,interpolated,427,51786081.407218985,0.9264072189852596,102.84979947263173
Maximum,3,20782,interpolated,428,51786099.95688663,0.94495688662678,102.33453092703394
Maximum,3,20782,interpolated,429,51786118.506554276,0.9635065542757512,101.97001587891361
Maximum,3,20782,interpolated,430,51786137.05622192,0.9820562219172716,101.88453353955174
Maximum,3,20782,interpolated,431,51786155.60588956,1.0006058895587921,101.79905120018987
Maximum,3,20782,interpolated,432,51786174.15555721,1.0191555572077633,101.71356886079377
Maximum,3,20782,interpolated,433,51786192.70522485,1.0377052248492837,101.6280865214319
Maximum,3,20782,interpolated,434,51786211.2548925,1.0562548924982549,101.54260418203569
Maximum,3,20782,interpolated,435,51786229.80456014,1.0748045601397753,101.45712184267381
Maximum,3,20782,interpolated,436,51786248.35422778,1.0933542277812958,101.37163950331205
Maximum,3,20782,interpolated,437,51786266.90389543,1.111903895430267,101.28615716391585
Maximum,3,20782,interpolated,438,51786285.45356307,1.1304535630717873,101.20067482455397
Maximum,3,20782,interpolated,439,51786304.00323072,1.1490032307207585,101.11519248515776
Maximum,3,20782,interpolated,440,51786322.55289836,1.167552898362279,101.029710145796
Maximum,3,20782,interpolated,441,51786341.102566004,1.1861025660037994,100.75300885706531
Maximum,3,20782,interpolated,442,51786359.65223365,1.2046522336527705,100.374444211168
Maximum,3,20782,interpolated,443,51786378.201901294,1.223201901294291,99.97476233821362
Maximum,3,20782,interpolated,444,51786396.75156894,1.241751568943262,98.91729562351338
Maximum,3,20782,interpolated,445,51786415.301236585,1.2603012365847825,98.77460587242479
Maximum,3,20782,interpolated,446,51786433.85090423,1.2788509042263032,98.63191612133608
Maximum,3,20782,interpolated,447,51786452.400571875,1.2974005718752741,98.48922637019018
Maximum,3,20782,interpolated,448,51786470.95023952,1.3159502395167948,98.34653661910158
Maximum,3,20782,interpolated,449,51786489.499907166,1.3344999071657657,98.20384686795569
Maximum,3,20782,interpolated,450,51786508.04957481,1.3530495748072864,98.06115711686698
Maximum,3,20782,interpolated,451,51786526.59924245,1.3715992424488068,97.64669191837311
Maximum,3,20782,interpolated,452,51786545.1489101,1.390148910097778,97.02836966340737
Maximum,3,20782,interpolated,453,51786563.69857774,1.4086985777392984,95.93554021452132
Maximum,3,20782,interpolated,454,51786582.24824539,1.4272482453882696,95.84137946503415
Maximum,3,20782,interpolated,455,51786600.79791303,1.44579791302979,95.74721871558484
Maximum,3,20782,interpolated,456,51786619.34758068,1.4643475806787611,95.65305796609766
Maximum,3,20782,interpolated,457,51786637.89724832,1.4828972483202816,95.55889721664835
Maximum,3,20782,interpolated,458,51786656.44691596,1.501446915961802,95.46473646719892
Maximum,3,20782,interpolated,459,51786674.99658361,1.5199965836107732,95.37057571771186
Maximum,3,20782,interpolated,460,51786693.54625125,1.5385462512522936,95.27641496826243
Maximum,3,20782,interpolated,461,51786712.0959189,1.5570959189012648,95.18225421877526
Maximum,3,20782,interpolated,462,51786730.64558654,1.5756455865427852,95.08809346932594
Maximum,3,20782,interpolated,463,51786749.195254184,1.5941952541843056,94.96679849488044
Maximum,3,20782,interpolated,464,51786767.74492183,1.6127449218332768,94.45152994907562
Maximum,3,20782,interpolated,465,51786786.294589475,1.6312945894747972,93.98565881578247
Maximum,3,20782,interpolated,466,51786804.844257124,1.6498442571237684,93.86972339297643
Maximum,3,20782,interpolated,467,51786823.393924765,1.6683939247652888,93.75378797021699
Maximum,3,20782,interpolated,468,51786841.94359241,1.6869435924068095,93.63785254745744
Maximum,3,20782,interpolated,469,51786860.493260056,1.7054932600557804,93.5219171246514
Maximum,3,20782,interpolated,470,51786879.0429277,1.724042927697301,93.40598170189185
Maximum,3,20782,interpolated,471,51786897.592595346,1.742592595346272,93.2900462790858
Maximum,3,20782,interpolated,472,51786916.14226299,1.7611422629877926,93.17411085632625
Maximum,3,20782,interpolated,473,51786934.69193063,1.779691930629313,93.05817543356682
Maximum,3,20782,interpolated,474,51786953.24159828,1.798241598278284,92.92891078247476
Maximum,3,20782,interpolated,475,51786971.79126592,1.8167912659198047,92.78622103138616
Maximum,3,20782,interpolated,476,51786990.34093357,1.8353409335687756,92.64353128024015
Maximum,3,20782,interpolated,477,51787008.89060121,1.8538906012102963,92.50084152915156
Maximum,3,20782,interpolated,478,51787027.44026885,1.8724402688518167,92.35815177806296
Maximum,3,20782,interpolated,479,51787045.9899365,1.8909899365007878,92.21546202691707
Maximum,3,20782,interpolated,480,51787064.53960414,1.9095396041423083,92.07277227582836
Maximum,3,20782,interpolated,481,51787083.08927179,1.9280892717912794,91.72456752147639
Maximum,3,20782,interpolated,482,51787101.63893943,1.9466389394327999,91.16245638082421
Maximum,3,20782,interpolated,483,51787120.188607074,1.9651886070743203,90.86811392925677
Maximum,3,20782,interpolated,484,51787138.73827472,1.9837382747232915,90.68261725276705
Maximum,3,20782,interpolated,485,51787157.287942365,2.002287942364812,90.4971205763519
Maximum,3,20782,interpolated,486,51787175.837610014,2.020837610013783,90.31162389986218
Maximum,3,20782,interpolated,487,51787194.387277655,2.0393872776553037,90.12612722344693
Maximum,3,20782,interpolated,488,51787212.936945304,2.0579369453042746,89.96289409184828
Maximum,3,20782,interpolated,489,51787231.486612946,2.076486612945795,89.84695866908874
Maximum,3,20782,interpolated,490,51787250.03628059,2.0950362805873155,89.7310232463293
Maximum,3,20782,interpolated,491,51787268.58594824,2.113585948236287,89.61508782352325
Maximum,3,20782,interpolated,492,51787287.13561588,2.1321356158778073,89.4991524007637
Maximum,3,20782,interpolated,493,51787305.68528353,2.1506852835267782,89.38321697795766
Maximum,3,20782,interpolated,494,51787324.23495117,2.1692349511682987,89.26728155519811
Maximum,3,20782,interpolated,495,51787342.78461881,2.187784618809819,89.15134613243868
Maximum,3,20782,interpolated,496,51787361.33428646,2.2063342864587905,89.03541070963252
Maximum,3,20782,interpolated,497,51787379.8839541,2.224883954100311,88.5044633038342
Maximum,3,20782,interpolated,498,51787398.43362175,2.243433621749282,87.89937737501327
Maximum,3,20782,interpolated,499,51787416.98328939,2.2619832893908023,87.55586501128141
Maximum,3,20782,interpolated,500,51787435.53295703,2.2805329570323227,87.21235264754955
Maximum,3,20782,interpolated,501,51787454.08262468,2.299082624681294,86.83903125724328
Maximum,3,20782,interpolated,502,51787472.63229232,2.3176322923228145,86.41744790175426
Maximum,3,20782,interpolated,503,51787491.18195997,2.3361819599717855,85.99825038488666
Maximum,3,20782,interpolated,504,51787509.73162761,2.354731627613306,85.81988819602589
Maximum,3,20782,interpolated,505,51787528.281295255,2.373281295254827,85.64152600716511
Maximum,3,20782,interpolated,506,51787546.830962904,2.3918309629037977,85.46316381823272
Maximum,3,20782,interpolated,507,51787565.380630545,2.410380630545318,85.28480162937194
Maximum,3,20782,interpolated,508,51787583.930298194,2.428930298194289,85.10643944043954
Maximum,3,20782,interpolated,509,51787602.479965836,2.44747996583581,84.91957025983004
Maximum,3,20782,interpolated,510,51787621.02963348,2.4660296334773304,84.7201114679857
Maximum,3,20782,interpolated,511,51787639.57930113,2.4845793011263013,84.52065267606133
Maximum,3,20782,interpolated,512,51787658.12896877,2.5031289687678218,84.321193884217
Maximum,3,20782,interpolated,513,51787676.67863642,2.521678636416793,84.12173509229251
Maximum,3,20782,interpolated,514,51787695.22830406,2.5402283040583136,83.96950082675812
Maximum,3,20782,interpolated,515,51787713.7779717,2.558777971699834,83.89123218692055
Maximum,3,20782,interpolated,516,51787732.32763935,2.577327639348805,83.81296354705148
Maximum,3,20782,interpolated,517,51787750.87730699,2.5958773069903254,83.7346949072138
Maximum,3,20782,interpolated,518,51787769.42697464,2.6144269746392967,83.65642626734473
Maximum,3,20782,interpolated,519,51787787.97664228,2.632976642280817,83.57815762750715
Maximum,3,20782,interpolated,520,51787806.52630993,2.651526309929788,83.49988898763797
Maximum,3,20782,interpolated,521,51787825.07597757,2.6700759775713085,83.4216203478004
Maximum,3,20782,interpolated,522,51787843.62564521,2.688625645212829,83.34335170796271
Maximum,3,20782,interpolated,523,51787862.17531286,2.7071753128618004,83.26508306809365
Maximum,3,20782,interpolated,524,51787880.7249805,2.725724980503321,83.18681442825607
Maximum,3,20782,interpolated,525,51787899.27464815,2.7442746481522917,83.108545788387
Maximum,3,20782,interpolated,526,51787917.824315794,2.762824315793812,83.03027714854932
Maximum,3,20782,interpolated,527,51787936.373983435,2.781373983435333,82.7630420117639
Maximum,3,20782,interpolated,528,51787954.923651084,2.799923651084304,82.37659060241037
Maximum,3,20782,interpolated,529,51787973.473318726,2.8184733187258244,81.99673573292534
Maximum,3,20782,interpolated,530,51787992.022986375,2.8370229863747953,81.86880699051869
Maximum,3,20782,interpolated,531,51788010.57265402,2.855572654016316,81.74087824816331
Maximum,3,20782,interpolated,532,51788029.12232166,2.8741223216578367,81.61294950580805
Maximum,3,20782,interpolated,533,51788047.67198931,2.8926719893068076,81.48502076340128
Maximum,3,20782,interpolated,534,51788066.22165695,2.911221656948328,81.35709202104601
Maximum,3,20782,interpolated,535,51788084.7713246,2.929771324597299,81.22916327863936
Maximum,3,20782,interpolated,536,51788103.32099224,2.94832099223882,81.10123453628398
Maximum,3,20782,interpolated,537,51788121.87065988,2.9668706598803403,80.96719779762418
Maximum,3,20782,interpolated,538,51788140.42032753,2.985420327529311,80.80999722432784
Maximum,3,20782,interpolated,539,51788158.96999517,3.0039699951708316,80.6527966510946
Maximum,3,20782,interpolated,540,51788177.51966282,3.022519662819803,80.49559607779827
Maximum,3,20782,interpolated,541,51788196.06933046,3.0410693304613234,80.33839550456503
Maximum,3,20782,interpolated,542,51788214.6189981,3.059618998102844,80.18119493133179
Maximum,3,20782,interpolated,543,51788233.16866575,3.078168665751815,80.02399435803545
Maximum,3,20782,interpolated,544,51788251.71833339,3.0967183333933352,79.85171383591194
Maximum,3,20782,interpolated,545,51788270.26800104,3.1152680010423066,79.67671697129902
Maximum,3,20782,interpolated,546,51788288.817668684,3.133817668683827,79.50172010675635
Maximum,3,20782,interpolated,547,51788307.367336325,3.1523673363253475,79.32672324221369
Maximum,3,20782,interpolated,548,51788325.917003974,3.1709170039743184,79.15172637760077
Maximum,3,20782,interpolated,549,51788344.466671616,3.189466671615839,78.93675200985024
Maximum,3,20782,interpolated,550,51788363.016339265,3.2080163392648102,78.46111950603051
Maximum,3,20782,interpolated,551,51788381.56600691,3.2265660069063307,77.98970896533945
Maximum,3,20782,interpolated,552,51788400.115674555,3.2451156745553016,77.65244228081269
Maximum,3,20782,interpolated,553,51788418.6653422,3.263665342196822,77.31517559642145
Maximum,3,20782,interpolated,554,51788437.21500984,3.282215009838343,76.92852883303863
Maximum,3,20782,interpolated,555,51788455.76467749,3.300764677487314,75.07844083756208
Maximum,3,20782,interpolated,556,51788474.31434513,3.3193143451288343,73.9921413717791
Maximum,3,20782,interpolated,557,51788492.86401278,3.337864012777805,73.52839968055491
Maximum,3,20782,interpolated,558,51788511.41368042,3.356413680419326,73.06465798951683
Maximum,3,20782,interpolated,559,51788529.96334806,3.3749633480608465,72.89286343583319
Maximum,3,20782,interpolated,560,51788548.51301571,3.3935130157098174,72.76836902208174
Maximum,3,20782,interpolated,561,51788567.06268335,3.412062683351338,72.64387460838032
Maximum,3,20782,interpolated,562,51788585.612351,3.4306123510003093,72.51938019462875
Maximum,3,20782,interpolated,563,51788604.16201864,3.4491620186418297,72.39488578092732
Maximum,3,20782,interpolated,564,51788622.71168628,3.46771168628335,72.27039136722578
Maximum,3,20782,interpolated,565,51788641.26135393,3.486261353932321,72.14589695347433
Maximum,3,20782,interpolated,566,51788659.811021574,3.5048110215738415,72.02140253977291
Maximum,3,20782,interpolated,567,51788678.36068922,3.523360689222813,71.54821502285847
Maximum,3,20782,interpolated,568,51788696.910356864,3.5419103568643333,71.00263656281368
Maximum,3,20782,interpolated,569,51788715.460024506,3.5604600245058537,70.92111100638522
Maximum,3,20782,interpolated,570,51788734.009692155,3.5790096921548247,70.84183892241526
Maximum,3,20782,interpolated,571,51788752.5593598,3.597559359796345,70.76256683847714
Maximum,3,20782,interpolated,572,51788771.109027445,3.6161090274453165,70.68329475450719
Maximum,3,20782,interpolated,573,51788789.65869509,3.634658695086837,70.60402267056907
Maximum,3,20782,interpolated,574,51788808.20836273,3.6532083627283574,70.52475058663094
Maximum,3,20782,interpolated,575,51788826.75803038,3.6717580303773283,70.44547850266099
Maximum,3,20782,interpolated,576,51788845.30769802,3.690307698018849,70.36620641872287
Maximum,3,20782,interpolated,577,51788863.85736567,3.70885736566782,70.28693433475291
Maximum,3,20782,interpolated,578,51788882.40703331,3.7274070333093405,70.20766225081479
Maximum,3,20782,interpolated,579,51788900.95670095,3.745956700950861,70.12839016687667
Maximum,3,20782,interpolated,580,51788919.5063686,3.7645063685998323,70.04911808290672
Maximum,3,20782,interpolated,581,51788938.05603624,3.783056036241353,69.97497859488885
Maximum,3,20782,interpolated,582,51788956.60570389,3.8016057038903237,69.90919963159456
Maximum,3,20782,interpolated,583,51788975.15537153,3.820155371531844,69.84342066832676
Maximum,3,20782,interpolated,584,51788993.70503918,3.8387050391808155,69.77764170503258
Maximum,3,20782,interpolated,585,51789012.25470682,3.857254706822336,69.71186274176478
Maximum,3,20782,interpolated,586,51789030.804374464,3.8758043744638564,69.64608377849697
Maximum,3,20782,interpolated,587,51789049.35404211,3.8943540421128273,69.5803048152028
Maximum,3,20782,interpolated,588,51789067.903709754,3.9129037097543478,69.51452585193499
Maximum,3,20782,interpolated,589,51789086.4533774,3.931453377403319,69.4487468886407
Maximum,3,20782,interpolated,590,51789105.003045045,3.9500030450448396,69.3829679253729
Maximum,3,20782,interpolated,591,51789123.55271269,3.96855271268636,69.31718896210509
Maximum,3,20782,interpolated,592,51789142.102380335,3.987102380335331,69.25140999881091
Maximum,3,20782,interpolated,593,51789160.65204798,4.005652047976851,69.18563103554311
Maximum,3,20782,interpolated,594,51789179.201715626,4.024201715625822,69.11985207224882
Maximum,3,20782,interpolated,595,51789197.75138327,4.042751383267343,69.05407310898102
Maximum,3,20782,interpolated,596,51789216.30105091,4.061301050908864,68.98869503113406
Maximum,3,20782,interpolated,597,51789234.85071856,4.079850718557835,68.9251687720622
Maximum,3,20782,interpolated,598,51789253.4003862,4.098400386199355,68.86164251301591
Maximum,3,20782,interpolated,599,51789271.95005385,4.116950053848326,68.79811625394404
Maximum,3,20782,interpolated,600,51789290.49972149,4.135499721489847,68.73458999489776
Maximum,3,20782,interpolated,601,51789309.04938913,4.154049389131368,68.67106373585148
Maximum,3,20782,interpolated,602,51789327.59905678,4.172599056780339,68.60753747677961
Maximum,3,20782,interpolated,603,51789346.14872442,4.191148724421859,68.54401121773333
Maximum,3,20782,interpolated,604,51789364.69839207,4.2096983920708295,68.48048495866158
Maximum,3,20782,interpolated,605,51789383.24805971,4.22824805971235,68.4169586996153
Maximum,3,20782,interpolated,606,51789401.797727354,4.246797727353871,68.3534324405689
Maximum,3,20782,interpolated,607,51789420.347395,4.265347395002842,68.28990618149714
Maximum,3,20782,interpolated,608,51789438.897062644,4.283897062644362,68.22637992245086
Maximum,3,20782,interpolated,609,51789457.44673029,4.302446730293334,68.162853663379
Maximum,3,20782,interpolated,610,51789475.996397935,4.320996397934854,68.09932740433271
Maximum,3,20782,interpolated,611,51789494.54606558,4.339546065576375,68.03580114528643
Maximum,3,20782,interpolated,612,51789513.095733225,4.358095733225346,67.86041839266647
Maximum,3,20782,interpolated,613,51789531.64540087,4.376645400866866,67.54059653677814
Maximum,3,20782,interpolated,614,51789550.195068516,4.395195068515838,67.22077468076145
Maximum,3,20782,interpolated,615,51789568.74473616,4.413744736157358,66.91908822313576
Maximum,3,20782,interpolated,616,51789587.29440381,4.4322944038063286,66.65782529850242
Maximum,3,20782,interpolated,617,51789605.84407145,4.450844071447849,66.396562373974
Maximum,3,20782,interpolated,618,51789624.39373909,4.469393739089369,66.13529944944548
Maximum,3,20782,interpolated,619,51789642.94340674,4.487943406738341,65.92223124575355
Maximum,3,20782,interpolated,620,51789661.49307438,4.506493074379861,65.76092978800125
Maximum,3,20782,interpolated,621,51789680.04274203,4.525042742028832,65.59962833018403
Maximum,3,20782,interpolated,622,51789698.59240967,4.543592409670353,65.43832687243173
Maximum,3,20782,interpolated,623,51789717.14207731,4.562142077311874,65.27702541467931
Maximum,3,20782,interpolated,624,51789735.69174496,4.580691744960845,65.11572395686221
Maximum,3,20782,interpolated,625,51789754.2414126,4.599241412602365,64.7903434959054
Maximum,3,20782,interpolated,626,51789772.79108025,4.617791080251336,64.04835678994652
Maximum,3,20782,interpolated,627,51789791.34074789,4.636340747892857,63.752275030102055
Maximum,3,20782,interpolated,628,51789809.890415534,4.6548904155343775,63.48727977808028
Maximum,3,20782,interpolated,629,51789828.44008318,4.6734400831833485,63.222284525952205
Maximum,3,20782,interpolated,630,51789846.989750825,4.6919897508248685,62.97717747461934
Maximum,3,20782,interpolated,631,51789865.539418474,4.71053941847384,62.835576958214915
Maximum,3,20782,interpolated,632,51789884.089086115,4.72908908611536,62.69397644186745
Maximum,3,20782,interpolated,633,51789902.63875376,4.747638753756881,62.55237592551998
Maximum,3,20782,interpolated,634,51789921.188421406,4.766188421405852,62.41077540911567
Maximum,3,20782,interpolated,635,51789939.73808905,4.784738089047372,62.269174892768206
Maximum,3,20782,interpolated,636,51789958.2877567,4.803287756696344,62.12757437636378
Maximum,3,20782,interpolated,637,51789976.83742434,4.821837424337864,61.990121374527575
Maximum,3,20782,interpolated,638,51789995.38709198,4.840387091979385,61.89039197860541
Maximum,3,20782,interpolated,639,51790013.93675963,4.858936759628356,61.79066258264322
Maximum,3,20782,interpolated,640,51790032.48642727,4.877486427269876,61.690933186721054
Maximum,3,20782,interpolated,641,51790051.03609492,4.8960360949188475,61.59120379075887
Maximum,3,20782,interpolated,642,51790069.58576256,4.9145857625603675,61.4914743948367
Maximum,3,20782,interpolated,643,51790088.1354302,4.933135430201888,61.39174499891453
Maximum,3,20782,interpolated,644,51790106.68509785,4.951685097850859,61.29201560295235
Maximum,3,20782,interpolated,645,51790125.23476549,4.97023476549238,61.19228620703018
Maximum,3,20782,interpolated,646,51790143.78443314,4.988784433141351,61.09255681106799
Maximum,3,20782,interpolated,647,51790162.33410078,5.007334100782871,60.98776054327641
Maximum,3,20782,interpolated,648,51790180.883768424,5.025883768424392,60.81758010619819
Maximum,3,20782,interpolated,649,51790199.43343607,5.044433436073363,60.647399669051765
Maximum,3,20782,interpolated,650,51790217.983103715,5.062983103714884,60.47721923197355
Maximum,3,20782,interpolated,651,51790236.532771364,5.081532771363855,60.30703879482701
Maximum,3,20782,interpolated,652,51790255.082439005,5.100082439005375,60.136858357748906
Maximum,3,20782,interpolated,653,51790273.632106654,5.1186321066543465,59.98835863251816
Maximum,3,20782,interpolated,654,51790292.181774296,5.1371817742958665,59.928904569564565
Maximum,3,20782,interpolated,655,51790310.73144194,5.155731441937387,59.869450506610974
Maximum,3,20782,interpolated,656,51790329.28110959,5.174281109586358,59.80999644363351
Maximum,3,20782,interpolated,657,51790347.83077723,5.192830777227878,59.75054238067992
Maximum,3,20782,interpolated,658,51790366.38044488,5.21138044487685,59.69108831770245
Maximum,3,20782,interpolated,659,51790384.93011252,5.22993011251837,59.63163425474886
Maximum,3,20782,interpolated,660,51790403.47978016,5.248479780159891,59.57218019179527
Maximum,3,20782,interpolated,661,51790422.02944781,5.267029447808862,59.5127261288178
Maximum,3,20782,interpolated,662,51790440.57911545,5.285579115450382,59.45327206586421
Maximum,3,20782,interpolated,663,51790459.1287831,5.304128783099354,59.39381800288663
Maximum,3,20782,interpolated,664,51790477.67845074,5.322678450740874,59.33436393993304
Maximum,3,20782,interpolated,665,51790496.22811838,5.341228118382395,59.27490987697945
Maximum,3,20782,interpolated,666,51790514.77778603,5.359777786031366,59.215455814001984
Maximum,3,20782,interpolated,667,51790533.32745367,5.3783274536728864,59.15600175104839
Maximum,3,20782,interpolated,668,51790551.87712132,5.396877121321857,59.09654768807093
Maximum,3,20782,interpolated,669,51790570.42678896,5.415426788963377,59.037093625117336
Maximum,3,20782,interpolated,670,51790588.976456605,5.433976456604898,58.9169469451798
Maximum,3,20782,interpolated,671,51790607.526124254,5.452526124253869,58.696117568406294
Maximum,3,20782,interpolated,672,51790626.075791895,5.47107579189539,58.475288191721575
Maximum,3,20782,interpolated,673,51790644.625459544,5.489625459544361,58.254458814948066
Maximum,3,20782,interpolated,674,51790663.175127186,5.508175127185881,58.03362943826335
Maximum,3,20782,interpolated,675,51790681.72479483,5.526724794827402,57.52349106583631
Maximum,3,20782,interpolated,676,51790700.27446248,5.545274462476373,56.817933931946754
Maximum,3,20782,interpolated,677,51790718.82413012,5.563824130117894,54.73599682639281
Maximum,3,20782,interpolated,678,51790737.37379777,5.582373797766865,54.2835659081253
Maximum,3,20782,interpolated,679,51790755.92346541,5.600923465408385,53.95474859210208
Maximum,3,20782,interpolated,680,51790774.47313305,5.6194731330499055,53.833508934314295
Maximum,3,20782,interpolated,681,51790793.0228007,5.638022800698876,53.71226927647797
Maximum,3,20782,interpolated,682,51790811.57246834,5.656572468340397,53.591029618690186
Maximum,3,20782,interpolated,683,51790830.12213599,5.675122135989368,53.46978996085386
Maximum,3,20782,interpolated,684,51790848.67180363,5.693671803630888,53.34855030306608
Maximum,3,20782,interpolated,685,51790867.22147128,5.71222147127986,53.227310645229636
Maximum,3,20782,interpolated,686,51790885.77113892,5.73077113892138,53.10607098744197
Maximum,3,20782,interpolated,687,51790904.32080656,5.749320806562901,52.98724831558843
Maximum,3,20782,interpolated,688,51790922.87047421,5.767870474211872,52.88532706476997
Maximum,3,20782,interpolated,689,51790941.42014185,5.786420141853392,52.78340581399232
Maximum,3,20782,interpolated,690,51790959.9698095,5.804969809502364,52.68148456317385
Maximum,3,20782,interpolated,691,51790978.519477144,5.823519477143884,52.5795633123962
Maximum,3,20782,interpolated,692,51790997.069144785,5.8420691447854045,52.47764206161867
Maximum,3,20782,interpolated,693,51791015.618812434,5.860618812434375,52.37572081080009
Maximum,3,20782,interpolated,694,51791034.168480076,5.879168480075896,52.27379956002255
Maximum,3,20782,interpolated,695,51791052.718147725,5.897718147724867,52.171878309203976
Maximum,3,20782,interpolated,696,51791071.26781537,5.916267815366387,52.06995705842644
Maximum,3,20782,interpolated,697,51791089.81748301,5.934817483007908,51.03041949868202
Maximum,3,20782,interpolated,698,51791108.36715066,5.953367150656879,49.84470364251513
Maximum,3,20782,interpolated,699,51791126.9168183,5.9719168182984,49.39227272442929
Maximum,3,20782,interpolated,700,51791145.46648595,5.990466485947371,48.961461157072335
Maximum,3,20782,interpolated,701,51791164.01615359,6.009016153588891,48.67162260017358
Maximum,3,20782,interpolated,702,51791182.56582123,6.027565821230412,48.38178404327482
Maximum,3,20782,interpolated,703,51791201.11548888,6.046115488879383,48.09194548625965
Maximum,3,20782,interpolated,704,51791219.66515652,6.0646651565209035,47.92803888340393
Maximum,3,20782,interpolated,705,51791238.21482417,6.0832148241698745,47.82264304448938
Maximum,3,20782,interpolated,706,51791256.76449181,6.1017644918113945,47.71724720561713
Maximum,3,20782,interpolated,707,51791275.31415945,6.120314159452915,47.61185136674476
Maximum,3,20782,interpolated,708,51791293.8638271,6.138863827101886,47.50645552783021
Maximum,3,20782,interpolated,709,51791312.41349474,6.157413494743407,47.40105968895796
Maximum,3,20782,interpolated,710,51791330.96316239,6.175963162392378,47.2956638500433
Maximum,3,20782,interpolated,711,51791349.512830034,6.194512830033898,47.19026801117104
Maximum,3,20782,interpolated,712,51791368.062497675,6.213062497675419,47.08487217229879
Maximum,3,20782,interpolated,713,51791386.612165324,6.23161216532439,46.98652177117765
Maximum,3,20782,interpolated,714,51791405.161832966,6.250161832965911,46.917306593410785
Maximum,3,20782,interpolated,715,51791423.711500615,6.268711500614882,46.84809141561607
Maximum,3,20782,interpolated,716,51791442.26116826,6.287261168256403,46.778876237849204
Maximum,3,20782,interpolated,717,51791460.810835905,6.3058108359053735,46.7096610600546
Maximum,3,20782,interpolated,718,51791479.36050355,6.3243605035468935,46.640445882287736
Maximum,3,20782,interpolated,719,51791497.91017119,6.342910171188414,46.57123070452087
Maximum,3,20782,interpolated,720,51791516.45983884,6.361459838837385,46.502015526726154
Maximum,3,20782,interpolated,721,51791535.00950648,6.380009506478906,46.43280034895929
Maximum,3,20782,interpolated,722,51791553.55917413,6.398559174127877,46.36358517116469
Maximum,3,20782,interpolated,723,51791572.10884177,6.417108841769397,46.29436999339782
Maximum,3,20782,interpolated,724,51791590.65850941,6.435658509410918,46.22515481563096
Maximum,3,20782,interpolated,725,51791609.20817706,6.454208177059889,46.15593963783624
Maximum,3,20782,interpolated,726,51791627.7578447,6.47275784470141,46.08672446006938
Maximum,3,20782,interpolated,727,51791646.30751235,6.491307512350381,46.01750928227466
Maximum,3,20782,interpolated,728,51791664.85717999,6.509857179991901,45.58008545479083
Maximum,3,20782,interpolated,729,51791683.40684763,6.528406847633422,45.01797431413877
Maximum,3,20782,interpolated,730,51791701.95651528,6.5469565152823925,43.92169363726498
Maximum,3,20782,interpolated,731,51791720.506182924,6.565506182923913,43.824574958513494
Maximum,3,20782,interpolated,732,51791739.05585057,6.584055850572884,43.72745627972313
Maximum,3,20782,interpolated,733,51791757.605518214,6.602605518214404,43.63033760097176
Maximum,3,20782,interpolated,734,51791776.155185856,6.621155185855925,43.53321892222027
Maximum,3,20782,interpolated,735,51791794.704853505,6.639704853504896,43.436100243429905
Maximum,3,20782,interpolated,736,51791813.25452115,6.658254521146417,43.33898156467842
Maximum,3,20782,interpolated,737,51791831.804188795,6.676804188795388,43.241862885888054
Maximum,3,20782,interpolated,738,51791850.35385644,6.695353856436908,43.14474420713657
Maximum,3,20782,interpolated,739,51791868.90352408,6.713903524078429,43.0476255283852
Maximum,3,20782,interpolated,740,51791887.45319173,6.7324531917274,42.936555760218766
Maximum,3,20782,interpolated,741,51791906.00285937,6.751002859368921,42.81206134651734
Maximum,3,20782,interpolated,742,51791924.55252702,6.769552527017892,42.687566932765776
Maximum,3,20782,interpolated,743,51791943.10219466,6.7881021946594124,42.56307251906435
Maximum,3,20782,interpolated,744,51791961.6518623,6.806651862300932,42.43857810536292
Maximum,3,20782,interpolated,745,51791980.20152995,6.825201529949903,42.31408369161136
Maximum,3,20782,interpolated,746,51791998.75119759,6.843751197591424,42.18958927790993
Maximum,3,20782,interpolated,747,51792017.30086524,6.862300865240395,42.06509486415837
Maximum,3,20782,interpolated,748,51792035.85053288,6.880850532881916,41.81937687996094
Maximum,3,20782,interpolated,749,51792054.40020053,6.899400200530887,41.440812234063515
Maximum,3,20782,interpolated,750,51792072.94986817,6.917949868172407,41.0622475883182
Maximum,3,20782,interpolated,751,51792091.499535814,6.936499535813928,40.87698781100062
Maximum,3,20782,interpolated,752,51792110.04920346,6.955049203462899,40.72976822648491
Maximum,3,20782,interpolated,753,51792128.598871104,6.97359887110442,40.58254864202843
Maximum,3,20782,interpolated,754,51792147.14853875,6.992148538753391,40.43532905751283
Maximum,4,20134,raw,0,50158130.0,-7.047,0.0
Maximum,4,20134,raw,1,50158221.0,-6.956,1.0
Maximum,4,20134,raw,2,50158297.0,-6.88,2.0
Maximum,4,20134,raw,3,50158360.0,-6.817,3.0
Maximum,4,20134,raw,4,50158536.0,-6.641,4.0
Maximum,4,20134,raw,5,50158564.0,-6.613,5.0
Maximum,4,20134,raw,6,50158600.0,-6.577,6.0
Maximum,4,20134,raw,7,50158679.0,-6.498,7.0
Maximum,4,20134,raw,8,50158706.0,-6.471,8.0
Maximum,4,20134,raw,9,50158742.0,-6.4350000000000005,9.0
Maximum,4,20134,raw,10,50158757.0,-6.42,10.0
Maximum,4,20134,raw,11,50158824.0,-6.353,11.0
Maximum,4,20134,raw,12,50158850.0,-6.327,12.0
Maximum,4,20134,raw,13,50158858.0,-6.319,13.0
Maximum,4,20134,raw,14,50158896.0,-6.281,14.0
Maximum,4,20134,raw,15,50159189.0,-5.988,15.0
Maximum,4,20134,raw,16,50159208.0,-5.969,16.0
Maximum,4,20134,raw,17,50159388.0,-5.789,17.0
Maximum,4,20134,raw,18,50159438.0,-5.739,18.0
Maximum,4,20134,raw,19,50159613.0,-5.564,19.0
Maximum,4,20134,raw,20,50159622.0,-5.555,20.0
Maximum,4,20134,raw,21,50159637.0,-5.54,21.0
Maximum,4,20134,raw,22,50159851.0,-5.3260000000000005,22.0
Maximum,4,20134,raw,23,50160060.0,-5.117,23.0
Maximum,4,20134,raw,24,50160143.0,-5.034,24.0
Maximum,4,20134,raw,25,50160146.0,-5.031,25.0
Maximum,4,20134,raw,26,50160206.0,-4.971,26.0
Maximum,4,20134,raw,27,50160295.0,-4.882,27.0
Maximum,4,20134,raw,28,50160347.0,-4.83,28.0
Maximum,4,20134,raw,29,50160392.0,-4.785,29.0
Maximum,4,20134,raw,30,50160419.0,-4.758,30.0
Maximum,4,20134,raw,31,50160433.0,-4.744,31.0
Maximum,4,20134,raw,32,50160487.0,-4.69,32.0
Maximum,4,20134,raw,33,50160512.0,-4.665,33.0
Maximum,4,20134,raw,34,50160793.0,-4.384,34.0
Maximum,4,20134,raw,35,50160862.0,-4.315,35.0
Maximum,4,20134,raw,36,50160948.0,-4.229,36.0
Maximum,4,20134,raw,37,50161244.0,-3.9330000000000003,37.0
Maximum,4,20134,raw,38,50161327.0,-3.85,38.0
Maximum,4,20134,raw,39,50161364.0,-3.813,39.0
Maximum,4,20134,raw,40,50161406.0,-3.771,40.0
Maximum,4,20134,raw,41,50161754.0,-3.423,41.0
Maximum,4,20134,raw,42,50161805.0,-3.372,42.0
Maximum,4,20134,raw,43,50161831.0,-3.346,43.0
Maximum,4,20134,raw,44,50162180.0,-2.997,44.0
Maximum,4,20134,raw,45,50162205.0,-2.972,45.0
Maximum,4,20134,raw,46,50162209.0,-2.968,46.0
Maximum,4,20134,raw,47,50162252.0,-2.9250000000000003,47.0
Maximum,4,20134,raw,48,50162271.0,-2.906,48.0
Maximum,4,20134,raw,49,50162382.0,-2.795,49.0
Maximum,4,20134,raw,50,50162407.0,-2.77,50.0
Maximum,4,20134,raw,51,50162409.0,-2.7680000000000002,51.0
Maximum,4,20134,raw,52,50162415.0,-2.762,52.0
Maximum,4,20134,raw,53,50162539.0,-2.638,53.0
Maximum,4,20134,raw,54,50162553.0,-2.624,54.0
Maximum,4,20134,raw,55,50162682.0,-2.495,55.0
Maximum,4,20134,raw,56,50162688.0,-2.489,56.0
Maximum,4,20134,raw,57,50162735.0,-2.442,57.0
Maximum,4,20134,raw,58,50162822.0,-2.355,58.0
Maximum,4,20134,raw,59,50162851.0,-2.326,59.0
Maximum,4,20134,raw,60,50163001.0,-2.176,60.0
Maximum,4,20134,raw,61,50163037.0,-2.14,61.0
Maximum,4,20134,raw,62,50163442.0,-1.735,62.0
Maximum,4,20134,raw,63,50163540.0,-1.637,63.0
Maximum,4,20134,raw,64,50163732.0,-1.445,64.0
Maximum,4,20134,raw,65,50164087.0,-1.09,65.0
Maximum,4,20134,raw,66,50164285.0,-0.892,66.0
Maximum,4,20134,raw,67,50164443.0,-0.734,67.0
Maximum,4,20134,raw,68,50164501.0,-0.676,68.0
Maximum,4,20134,raw,69,50164606.0,-0.5710000000000001,69.0
Maximum,4,20134,raw,70,50164821.0,-0.356,70.0
Maximum,4,20134,raw,71,50164933.0,-0.244,71.0
Maximum,4,20134,raw,72,50164973.0,-0.20400000000000001,72.0
Maximum,4,20134,raw,73,50164992.0,-0.185,73.0
Maximum,4,20134,raw,74,50165059.0,-0.11800000000000001,74.0
Maximum,4,20134,raw,75,50165109.0,-0.068,75.0
Maximum,4,20134,raw,76,50165165.0,-0.012,76.0
Maximum,4,20134,raw,77,50166536.0,1.359,75.0
Maximum,4,20134,raw,78,50166696.0,1.5190000000000001,74.0
Maximum,4,20134,raw,79,50166988.0,1.811,73.0
Maximum,4,20134,raw,80,50167082.0,1.905,72.0
Maximum,4,20134,raw,81,50167289.0,2.112,71.0
Maximum,4,20134,raw,82,50167440.0,2.263,70.0
Maximum,4,20134,raw,83,50167529.0,2.352,69.0
Maximum,4,20134,raw,84,50167535.0,2.358,68.0
Maximum,4,20134,raw,85,50167588.0,2.411,67.0
Maximum,4,20134,raw,86,50167697.0,2.52,66.0
Maximum,4,20134,raw,87,50167720.0,2.543,65.0
Maximum,4,20134,raw,88,50167871.0,2.694,64.0
Maximum,4,20134,raw,89,50167887.0,2.71,63.0
Maximum,4,20134,raw,90,50167894.0,2.717,62.0
Maximum,4,20134,raw,91,50168136.0,2.959,61.0
Maximum,4,20134,raw,92,50168372.0,3.1950000000000003,60.0
Maximum,4,20134,raw,93,50168432.0,3.255,59.0
Maximum,4,20134,raw,94,50168602.0,3.4250000000000003,58.0
Maximum,4,20134,raw,95,50168882.0,3.705,57.0
Maximum,4,20134,raw,96,50169090.0,3.9130000000000003,56.0
Maximum,4,20134,raw,97,50169126.0,3.9490000000000003,55.0
Maximum,4,20134,raw,98,50169217.0,4.04,54.0
Maximum,4,20134,raw,99,50169435.0,4.258,53.0
Maximum,4,20134,raw,100,50169456.0,4.279,52.0
Maximum,4,20134,raw,101,50169475.0,4.298,51.0
Maximum,4,20134,raw,102,50169536.0,4.359,50.0
Maximum,4,20134,raw,103,50169544.0,4.367,49.0
Maximum,4,20134,raw,104,50169861.0,4.684,48.0
Maximum,4,20134,raw,105,50170004.0,4.827,47.0
Maximum,4,20134,raw,106,50170092.0,4.915,46.0
Maximum,4,20134,raw,107,50170161.0,4.984,45.0
Maximum,4,20134,raw,108,50170669.0,5.492,44.0
Maximum,4,20134,raw,109,50170693.0,5.516,43.0
Maximum,4,20134,raw,110,50170805.0,5.628,42.0
Maximum,4,20134,raw,111,50170910.0,5.7330000000000005,41.0
Maximum,4,20134,raw,112,50170952.0,5.775,40.0
Maximum,4,20134,raw,113,50170998.0,5.821,39.0
Maximum,4,20134,raw,114,50171009.0,5.832,38.0
Maximum,4,20134,raw,115,50171124.0,5.947,37.0
Maximum,4,20134,raw,116,50171541.0,6.364,36.0
Maximum,4,20134,raw,117,50171682.0,6.505,35.0
Maximum,4,20134,raw,118,50171843.0,6.666,34.0
Maximum,4,20134,raw,119,50171883.0,6.706,33.0
Maximum,4,20134,raw,120,50171955.0,6.7780000000000005,32.0
Maximum,4,20134,interpolated,0,50158078.388146006,-7.098611853994429,-0.30182370756978116
Maximum,4,20134,interpolated,1,50158104.14146316,-7.072858536839485,-0.15121951368121245
Maximum,4,20134,interpolated,2,50158129.894780315,-7.047105219684541,-0.0006153197926437315
Maximum,4,20134,interpolated,3,50158155.64809748,-7.021351902522147,0.2818472250313562
Maximum,4,20134,interpolated,4,50158181.40141463,-6.995598585367203,0.5648507102505391
Maximum,4,20134,interpolated,5,50158207.15473179,-6.969845268212259,0.8478541954696652
Maximum,4,20134,interpolated,6,50158232.90804894,-6.944091951057315,1.1566848545090238
Maximum,4,20134,interpolated,7,50158258.6613661,-6.918338633902371,1.4955442907582892
Maximum,4,20134,interpolated,8,50158284.41468326,-6.892585316739977,1.8344037271055527
Maximum,4,20134,interpolated,9,50158310.168000415,-6.866831999585033,2.209015879602646
Maximum,4,20134,interpolated,10,50158335.92131757,-6.841078682430089,2.6177986915859037
Maximum,4,20134,interpolated,11,50158361.674634725,-6.815325365275145,3.009514970027567
Maximum,4,20134,interpolated,12,50158387.42795188,-6.789572048120201,3.155840635680704
Maximum,4,20134,interpolated,13,50158413.181269035,-6.763818730965257,3.3021663013337843
Maximum,4,20134,interpolated,14,50158438.9345862,-6.738065413802862,3.448491967029213
Maximum,4,20134,interpolated,15,50158464.68790335,-6.712312096647918,3.594817632682293
Maximum,4,20134,interpolated,16,50158490.44122051,-6.686558779492975,3.7411432983353734
Maximum,4,20134,interpolated,17,50158516.19453766,-6.660805462338031,3.8874689639884537
Maximum,4,20134,interpolated,18,50158541.94785482,-6.635052145183087,4.212423386318335
Maximum,4,20134,interpolated,19,50158567.70117198,-6.609298828020692,5.102810332758565
Maximum,4,20134,interpolated,20,50158593.454489134,-6.583545510865748,5.818180253729224
Maximum,4,20134,interpolated,21,50158619.20780629,-6.557792193710804,6.243136788470849
Maximum,4,20134,interpolated,22,50158644.961123444,-6.53203887655586,6.569128144862532
Maximum,4,20134,interpolated,23,50158670.7144406,-6.506285559400916,6.895119501254214
Maximum,4,20134,interpolated,24,50158696.467757754,-6.480532242245972,7.6469539908899264
Maximum,4,20134,interpolated,25,50158722.22107492,-6.454778925083578,8.450585414345085
Maximum,4,20134,interpolated,26,50158747.97439207,-6.429025607928634,9.398292804757773
Maximum,4,20134,interpolated,27,50158773.72770923,-6.40327229077369,10.24966730188521
Maximum,4,20134,interpolated,28,50158799.48102638,-6.377518973618746,10.634045169869466
Maximum,4,20134,interpolated,29,50158825.234343536,-6.351765656463802,11.047474751392258
Maximum,4,20134,interpolated,30,50158850.9876607,-6.326012339301408,12.123457587324083
Maximum,4,20134,interpolated,31,50158876.74097785,-6.300259022146464,13.493183627724648
Maximum,4,20134,interpolated,32,50158902.49429501,-6.27450570499152,14.022164829380472
Maximum,4,20134,interpolated,33,50158928.24761216,-6.248752387836576,14.110060109772803
Maximum,4,20134,interpolated,34,50158954.00092932,-6.222999070681632,14.197955390165077
Maximum,4,20134,interpolated,35,50158979.75424647,-6.197245753526688,14.285850670557352
Maximum,4,20134,interpolated,36,50159005.507563636,-6.171492436364293,14.373745950975092
Maximum,4,20134,interpolated,37,50159031.26088079,-6.145739119209349,14.461641231367423
Maximum,4,20134,interpolated,38,50159057.014197946,-6.119985802054405,14.549536511759698
Maximum,4,20134,interpolated,39,50159082.7675151,-6.094232484899462,14.637431792152029
Maximum,4,20134,interpolated,40,50159108.520832255,-6.068479167744518,14.725327072544303
Maximum,4,20134,interpolated,41,50159134.27414941,-6.042725850589574,14.813222352936634
Maximum,4,20134,interpolated,42,50159160.02746657,-6.016972533427179,14.901117633354318
Maximum,4,20134,interpolated,43,50159185.78078373,-5.991219216272235,14.989012913746649
Maximum,4,20134,interpolated,44,50159211.53410088,-5.965465899117291,16.019633893792843
Maximum,4,20134,interpolated,45,50159237.28741804,-5.939712581962347,16.162707877986975
Maximum,4,20134,interpolated,46,50159263.04073519,-5.913959264807403,16.305781862181107
Maximum,4,20134,interpolated,47,50159288.794052355,-5.888205947645009,16.44885584641662
Maximum,4,20134,interpolated,48,50159314.54736951,-5.862452630490065,16.591929830610752
Maximum,4,20134,interpolated,49,50159340.300686665,-5.836699313335121,16.735003814804884
Maximum,4,20134,interpolated,50,50159366.05400382,-5.810945996180177,16.878077798999016
Maximum,4,20134,interpolated,51,50159391.807320975,-5.785192679025233,17.07614641949533
Maximum,4,20134,interpolated,52,50159417.56063813,-5.759439361870289,17.59121276259424
Maximum,4,20134,interpolated,53,50159443.31395529,-5.733686044707895,18.030365458812014
Maximum,4,20134,interpolated,54,50159469.06727245,-5.707932727552951,18.177527271125996
Maximum,4,20134,interpolated,55,50159494.8205896,-5.682179410398007,18.324689083439978
Maximum,4,20134,interpolated,56,50159520.57390676,-5.656426093243063,18.471850895753903
Maximum,4,20134,interpolated,57,50159546.32722391,-5.630672776088119,18.619012708067885
Maximum,4,20134,interpolated,58,50159572.080541074,-5.604919458925724,18.766174520424443
Maximum,4,20134,interpolated,59,50159597.83385823,-5.57916614177078,18.913336332738425
Maximum,4,20134,interpolated,60,50159623.587175384,-5.553412824615836,20.105811692277598
Maximum,4,20134,interpolated,61,50159649.34049254,-5.527659507460893,21.057665852986474
Maximum,4,20134,interpolated,62,50159675.093809694,-5.501906190305949,21.17800845651425
Maximum,4,20134,interpolated,63,50159700.84712685,-5.476152873151005,21.298351060042023
Maximum,4,20134,interpolated,64,50159726.60044401,-5.45039955598861,21.418693663604643
Maximum,4,20134,interpolated,65,50159752.35376117,-5.424646238833666,21.539036267132417
Maximum,4,20134,interpolated,66,50159778.10707832,-5.398892921678722,21.65937887066019
Maximum,4,20134,interpolated,67,50159803.860395476,-5.373139604523778,21.779721474187966
Maximum,4,20134,interpolated,68,50159829.61371263,-5.347386287368834,21.90006407771574
Maximum,4,20134,interpolated,69,50159855.36702979,-5.32163297020644,22.02089487939503
Maximum,4,20134,interpolated,70,50159881.12034695,-5.295879653051496,22.144116492576586
Maximum,4,20134,interpolated,71,50159906.8736641,-5.270126335896552,22.267338105758142
Maximum,4,20134,interpolated,72,50159932.62698126,-5.244373018741608,22.3905597189397
Maximum,4,20134,interpolated,73,50159958.38029841,-5.218619701586664,22.513781332121198
Maximum,4,20134,interpolated,74,50159984.13361557,-5.19286638443172,22.637002945302754
Maximum,4,20134,interpolated,75,50160009.88693273,-5.167113067269326,22.76022455851995
Maximum,4,20134,interpolated,76,50160035.640249886,-5.141359750114382,22.883446171701507
Maximum,4,20134,interpolated,77,50160061.39356704,-5.115606432959438,23.016789964344127
Maximum,4,20134,interpolated,78,50160087.146884196,-5.089853115804494,23.327070893921757
Maximum,4,20134,interpolated,79,50160112.90020135,-5.06409979864955,23.637351823499387
Maximum,4,20134,interpolated,80,50160138.653518505,-5.038346481494606,23.947632753077016
Maximum,4,20134,interpolated,81,50160164.40683567,-5.012593164332211,25.306780594463135
Maximum,4,20134,interpolated,82,50160190.16015282,-4.986839847177267,25.73600254704553
Maximum,4,20134,interpolated,83,50160215.91346998,-4.961086530022323,26.111387303119955
Maximum,4,20134,interpolated,84,50160241.66678713,-4.93533321286738,26.40075041722048
Maximum,4,20134,interpolated,85,50160267.42010429,-4.909579895712436,26.690113531320947
Maximum,4,20134,interpolated,86,50160293.17342145,-4.883826578550041,26.979476645505144
Maximum,4,20134,interpolated,87,50160318.926738605,-4.858073261395097,27.460129588555844
Maximum,4,20134,interpolated,88,50160344.68005576,-4.832319944240153,27.955385687689386
Maximum,4,20134,interpolated,89,50160370.433372915,-4.806566627085209,28.520741620328693
Maximum,4,20134,interpolated,90,50160396.18669007,-4.780813309930265,29.155062595175366
Maximum,4,20134,interpolated,91,50160421.940007225,-4.755059992775321,30.210000516048524
Maximum,4,20134,interpolated,92,50160447.69332439,-4.729306675612927,31.272098599760625
Maximum,4,20134,interpolated,93,50160473.44664154,-4.703553358457983,31.74901188040775
Maximum,4,20134,interpolated,94,50160499.1999587,-4.677800041303039,32.48799834787843
Maximum,4,20134,interpolated,95,50160524.95327585,-4.652046724148095,33.046097067088624
Maximum,4,20134,interpolated,96,50160550.70659301,-4.626293406993151,33.13774588258667
Maximum,4,20134,interpolated,97,50160576.45991017,-4.600540089830757,33.22939469811121
Maximum,4,20134,interpolated,98,50160602.213227324,-4.574786772675813,33.3210435136092
Maximum,4,20134,interpolated,99,50160627.96654448,-4.549033455520869,33.412692329107244
Maximum,4,20134,interpolated,100,50160653.719861634,-4.523280138365925,33.504341144605235
Maximum,4,20134,interpolated,101,50160679.47317879,-4.497526821210981,33.59598996010328
Maximum,4,20134,interpolated,102,50160705.226495944,-4.471773504056037,33.68763877560127
Maximum,4,20134,interpolated,103,50160730.97981311,-4.446020186893642,33.77928759112581
Maximum,4,20134,interpolated,104,50160756.73313026,-4.420266869738698,33.870936406623855
Maximum,4,20134,interpolated,105,50160782.486447416,-4.394513552583754,33.962585222121845
Maximum,4,20134,interpolated,106,50160808.23976457,-4.368760235428811,34.220866153205634
Maximum,4,20134,interpolated,107,50160833.993081726,-4.343006918273867,34.59410263371211
Maximum,4,20134,interpolated,108,50160859.74639889,-4.317253601111472,34.96733911432648
Maximum,4,20134,interpolated,109,50160885.49971604,-4.291500283956528,35.27325251213341
Maximum,4,20134,interpolated,110,50160911.2530332,-4.265746966801584,35.572709688353655
Maximum,4,20134,interpolated,111,50160937.00635035,-4.23999364964664,35.872166864573956
Maximum,4,20134,interpolated,112,50160962.75966751,-4.214240332491696,36.0498637415821
Maximum,4,20134,interpolated,113,50160988.51298466,-4.188487015336752,36.13686819142987
Maximum,4,20134,interpolated,114,50161014.266301826,-4.162733698174358,36.22387264130282
Maximum,4,20134,interpolated,115,50161040.01961898,-4.136980381019414,36.310877091150644
Maximum,4,20134,interpolated,116,50161065.772936136,-4.11122706386447,36.39788154099841
Maximum,4,20134,interpolated,117,50161091.52625329,-4.085473746709526,36.48488599084618
Maximum,4,20134,interpolated,118,50161117.279570445,-4.059720429554582,36.571890440694006
Maximum,4,20134,interpolated,119,50161143.0328876,-4.033967112399638,36.658894890541774
Maximum,4,20134,interpolated,120,50161168.78620476,-4.008213795237244,36.745899340414724
Maximum,4,20134,interpolated,121,50161194.53952192,-3.982460478082299,36.83290379026249
Maximum,4,20134,interpolated,122,50161220.29283907,-3.956707160927355,36.91990824011026
Maximum,4,20134,interpolated,123,50161246.04615623,-3.9309538437724116,37.02465248466973
Maximum,4,20134,interpolated,124,50161271.79947338,-3.9052005266174676,37.33493341424736
Maximum,4,20134,interpolated,125,50161297.552790545,-3.879447209455073,37.6452143439148
Maximum,4,20134,interpolated,126,50161323.3061077,-3.853693892300129,37.95549527349243
Maximum,4,20134,interpolated,127,50161349.059424855,-3.827940575145185,38.596200671751774
Maximum,4,20134,interpolated,128,50161374.81274201,-3.802187257990241,39.25744623832759
Maximum,4,20134,interpolated,129,50161400.566059165,-3.776433940835297,39.87062045630245
Maximum,4,20134,interpolated,130,50161426.31937632,-3.750680623680353,40.05838901241276
Maximum,4,20134,interpolated,131,50161452.07269348,-3.7249273065179587,40.13239279736217
Maximum,4,20134,interpolated,132,50161477.82601064,-3.6991739893630147,40.20639658229021
Maximum,4,20134,interpolated,133,50161503.57932779,-3.6734206722080707,40.28040036721819
Maximum,4,20134,interpolated,134,50161529.33264495,-3.6476673550531267,40.354404152146174
Maximum,4,20134,interpolated,135,50161555.0859621,-3.621914037898183,40.42840793707421
Maximum,4,20134,interpolated,136,50161580.839279264,-3.5961607207357886,40.50241172202362
Maximum,4,20134,interpolated,137,50161606.59259642,-3.5704074035808446,40.576415506951605
Maximum,4,20134,interpolated,138,50161632.345913574,-3.5446540864259006,40.65041929187959
Maximum,4,20134,interpolated,139,50161658.09923073,-3.5189007692709566,40.72442307680757
Maximum,4,20134,interpolated,140,50161683.852547884,-3.4931474521160126,40.79842686173561
Maximum,4,20134,interpolated,141,50161709.60586504,-3.4673941349610686,40.87243064666359
Maximum,4,20134,interpolated,142,50161735.3591822,-3.441640817798674,40.946434431613
Maximum,4,20134,interpolated,143,50161761.112499356,-3.41588750064373,41.139460771691574
Maximum,4,20134,interpolated,144,50161786.86581651,-3.390134183488786,41.64442777472971
Maximum,4,20134,interpolated,145,50161812.619133666,-3.364380866333842,42.293043602544515
Maximum,4,20134,interpolated,146,50161838.37245082,-3.3386275491788986,43.02112450092005
Maximum,4,20134,interpolated,147,50161864.125767976,-3.3128742320239546,43.09491624061906
Maximum,4,20134,interpolated,148,50161889.87908514,-3.28712091486156,43.16870798033938
Maximum,4,20134,interpolated,149,50161915.63240229,-3.261367597706616,43.242499720038325
Maximum,4,20134,interpolated,150,50161941.38571945,-3.235614280551672,43.31629145973733
Maximum,4,20134,interpolated,151,50161967.1390366,-3.209860963396728,43.39008319943633
Maximum,4,20134,interpolated,152,50161992.89235376,-3.184107646241784,43.46387493913528
Maximum,4,20134,interpolated,153,50162018.64567092,-3.1583543290793896,43.5376666788556
Maximum,4,20134,interpolated,154,50162044.398988076,-3.1326010119244456,43.611458418554605
Maximum,4,20134,interpolated,155,50162070.15230523,-3.1068476947695016,43.68525015825355
Maximum,4,20134,interpolated,156,50162095.905622385,-3.0810943776145576,43.75904189795256
Maximum,4,20134,interpolated,157,50162121.65893954,-3.055341060459614,43.83283363765156
Maximum,4,20134,interpolated,158,50162147.412256695,-3.02958774330467,43.90662537735051
Maximum,4,20134,interpolated,159,50162173.16557386,-3.0038344261422756,43.98041711707083
Maximum,4,20134,interpolated,160,50162198.91889101,-2.9780811089873316,44.75675564050675
Maximum,4,20134,interpolated,161,50162224.67220817,-2.9523277918323876,46.36446995738635
Maximum,4,20134,interpolated,162,50162250.42552532,-2.9265744746774436,46.96338430982689
Maximum,4,20134,interpolated,163,50162276.17884248,-2.9008211575224996,48.04665623853606
Maximum,4,20134,interpolated,164,50162301.93215964,-2.875067840360105,48.278668104863925
Maximum,4,20134,interpolated,165,50162327.685476795,-2.849314523205161,48.51067997112466
Maximum,4,20134,interpolated,166,50162353.43879395,-2.823561206050217,48.74269183738545
Maximum,4,20134,interpolated,167,50162379.192111105,-2.797807888895273,48.974703703646185
Maximum,4,20134,interpolated,168,50162404.94542826,-2.7720545717403295,49.91781713038682
Maximum,4,20134,interpolated,169,50162430.698745415,-2.7463012545853855,52.12660278560173
Maximum,4,20134,interpolated,170,50162456.45206258,-2.720547937422991,52.33429082723393
Maximum,4,20134,interpolated,171,50162482.20537973,-2.694794620268047,52.5419788688061
Maximum,4,20134,interpolated,172,50162507.95869689,-2.669041303113103,52.74966691037821
Maximum,4,20134,interpolated,173,50162533.71201404,-2.643287985958159,52.95735495195032
Maximum,4,20134,interpolated,174,50162559.4653312,-2.617534668803215,54.050118846486725
Maximum,4,20134,interpolated,175,50162585.21864836,-2.5917813516408206,54.24975696402464
Maximum,4,20134,interpolated,176,50162610.971965514,-2.5660280344858766,54.44939508150486
Maximum,4,20134,interpolated,177,50162636.72528267,-2.5402747173309326,54.64903319898502
Maximum,4,20134,interpolated,178,50162662.478599824,-2.5145214001759886,54.848671316465186
Maximum,4,20134,interpolated,179,50162688.23191698,-2.4887680830210446,56.00493440380757
Maximum,4,20134,interpolated,180,50162713.985234134,-2.463014765866101,56.55287732199787
Maximum,4,20134,interpolated,181,50162739.7385513,-2.4372614487037065,57.054466106853965
Maximum,4,20134,interpolated,182,50162765.49186845,-2.4115081315487625,57.35048124656595
Maximum,4,20134,interpolated,183,50162791.245185606,-2.3857548143938185,57.64649638627793
Maximum,4,20134,interpolated,184,50162816.99850276,-2.3600014972388745,57.94251152598997
Maximum,4,20134,interpolated,185,50162842.751819916,-2.3342481800839305,58.71557999710586
Maximum,4,20134,interpolated,186,50162868.50513707,-2.3084948629289865,59.11670091380677
Maximum,4,20134,interpolated,187,50162894.25845423,-2.282741545766592,59.28838969488936
Maximum,4,20134,interpolated,188,50162920.01177139,-2.256988228611648,59.46007847592233
Maximum,4,20134,interpolated,189,50162945.76508854,-2.231234911456704,59.6317672569553
Maximum,4,20134,interpolated,190,50162971.5184057,-2.20548159430176,59.80345603798827
Maximum,4,20134,interpolated,191,50162997.27172285,-2.1797282771468165,59.97514481902124
Maximum,4,20134,interpolated,192,50163023.025040016,-2.1539749599844216,60.611806667099415
Maximum,4,20134,interpolated,193,50163048.77835717,-2.128221642829478,61.02908236338402
Maximum,4,20134,interpolated,194,50163074.531674325,-2.102468325674534,61.0926708008036
Maximum,4,20134,interpolated,195,50163100.28499148,-2.07671500851959,61.15625923822324
Maximum,4,20134,interpolated,196,50163126.038308635,-2.050961691364646,61.219847675642825
Maximum,4,20134,interpolated,197,50163151.79162579,-2.025208374209702,61.283436113062464
Maximum,4,20134,interpolated,198,50163177.54494295,-1.9994550570473075,61.347024550500464
Maximum,4,20134,interpolated,199,50163203.29826011,-1.9737017398923635,61.4106129879201
Maximum,4,20134,interpolated,200,50163229.05157726,-1.9479484227374197,61.474201425339686
Maximum,4,20134,interpolated,201,50163254.80489442,-1.9221951055824757,61.537789862759325
Maximum,4,20134,interpolated,202,50163280.55821157,-1.8964417884275317,61.60137830017891
Maximum,4,20134,interpolated,203,50163306.311528735,-1.8706884712651373,61.664966737616965
Maximum,4,20134,interpolated,204,50163332.06484589,-1.8449351541101933,61.72855517503655
Maximum,4,20134,interpolated,205,50163357.818163045,-1.8191818369552493,61.79214361245619
Maximum,4,20134,interpolated,206,50163383.5714802,-1.7934285198003055,61.85573204987577
Maximum,4,20134,interpolated,207,50163409.324797355,-1.7676752026453615,61.91932048729541
Maximum,4,20134,interpolated,208,50163435.07811451,-1.7419218854904175,61.98290892471499
Maximum,4,20134,interpolated,209,50163460.83143167,-1.716168568328023,62.192157466040555
Maximum,4,20134,interpolated,210,50163486.58474883,-1.690415251173079,62.45494641660122
Maximum,4,20134,interpolated,211,50163512.33806598,-1.664661934018135,62.71773536716188
Maximum,4,20134,interpolated,212,50163538.09138314,-1.6389086168631912,62.98052431772254
Maximum,4,20134,interpolated,213,50163563.84470029,-1.6131552997082472,63.12419114735286
Maximum,4,20134,interpolated,214,50163589.598017454,-1.5874019825458527,63.258323007573665
Maximum,4,20134,interpolated,215,50163615.35133461,-1.5616486653909087,63.3924548677557
Maximum,4,20134,interpolated,216,50163641.104651764,-1.5358953482359647,63.52658672793768
Maximum,4,20134,interpolated,217,50163666.85796892,-1.510142031081021,63.660718588119664
Maximum,4,20134,interpolated,218,50163692.611286074,-1.484388713926077,63.7948504483017
Maximum,4,20134,interpolated,219,50163718.36460323,-1.458635396771133,63.92898230848368
Maximum,4,20134,interpolated,220,50163744.11792039,-1.4328820796087385,64.03413498701764
Maximum,4,20134,interpolated,221,50163769.871237546,-1.4071287624537945,64.10667954238369
Maximum,4,20134,interpolated,222,50163795.6245547,-1.3813754452988505,64.17922409774974
Maximum,4,20134,interpolated,223,50163821.377871856,-1.3556221281439067,64.25176865311573
Maximum,4,20134,interpolated,224,50163847.13118901,-1.3298688109889627,64.32431320848178
Maximum,4,20134,interpolated,225,50163872.884506166,-1.3041154938340187,64.39685776384783
Maximum,4,20134,interpolated,226,50163898.63782333,-1.2783621766716242,64.46940231923486
Maximum,4,20134,interpolated,227,50163924.39114048,-1.2526088595166802,64.54194687460091
Maximum,4,20134,interpolated,228,50163950.14445764,-1.2268555423617362,64.61449142996696
Maximum,4,20134,interpolated,229,50163975.89777479,-1.2011022252067924,64.68703598533295
Maximum,4,20134,interpolated,230,50164001.65109195,-1.1753489080518484,64.759580540699
Maximum,4,20134,interpolated,231,50164027.40440911,-1.149595590889454,64.83212509608603
Maximum,4,20134,interpolated,232,50164053.157726265,-1.12384227373451,64.90466965145208
Maximum,4,20134,interpolated,233,50164078.91104342,-1.098088956579566,64.97721420681813
Maximum,4,20134,interpolated,234,50164104.664360575,-1.0723356394246222,65.08921394229986
Maximum,4,20134,interpolated,235,50164130.41767773,-1.0465823222696782,65.2192812006582
Maximum,4,20134,interpolated,236,50164156.170994885,-1.0208290051147342,65.34934845901648
Maximum,4,20134,interpolated,237,50164181.92431205,-0.9950756879523397,65.47941571741245
Maximum,4,20134,interpolated,238,50164207.6776292,-0.9693223707973957,65.60948297577073
Maximum,4,20134,interpolated,239,50164233.43094636,-0.9435690536424518,65.73955023412901
Maximum,4,20134,interpolated,240,50164259.18426351,-0.9178157364875078,65.86961749248735
Maximum,4,20134,interpolated,241,50164284.93758067,-0.8920624193325639,65.99968475084563
Maximum,4,20134,interpolated,242,50164310.69089783,-0.8663091021701693,66.16260061917615
Maximum,4,20134,interpolated,243,50164336.444214985,-0.8405557850152254,66.32559629737199
Maximum,4,20134,interpolated,244,50164362.19753214,-0.8148024678602814,66.48859197556783
Maximum,4,20134,interpolated,245,50164387.950849295,-0.7890491507053375,66.65158765376367
Maximum,4,20134,interpolated,246,50164413.70416645,-0.7632958335503935,66.81458333195951
Maximum,4,20134,interpolated,247,50164439.457483605,-0.7375425163954497,66.97757901015541
Maximum,4,20134,interpolated,248,50164465.21080077,-0.7117891992330552,67.38294484080939
Maximum,4,20134,interpolated,249,50164490.96411792,-0.6860358820781112,67.82696755037739
Maximum,4,20134,interpolated,250,50164516.71743508,-0.6602825649231673,68.14968985787459
Maximum,4,20134,interpolated,251,50164542.47075223,-0.6345292477682233,68.39495954506452
Maximum,4,20134,interpolated,252,50164568.22406939,-0.6087759306132794,68.64022923225446
Maximum,4,20134,interpolated,253,50164593.97738655,-0.5830226134508848,68.88549891951538
Maximum,4,20134,interpolated,254,50164619.730703704,-0.5572692962959409,69.06386373815843
Maximum,4,20134,interpolated,255,50164645.48402086,-0.5315159791409969,69.18364660864654
Maximum,4,20134,interpolated,256,50164671.237338014,-0.505762661986053,69.30342947913465
Maximum,4,20134,interpolated,257,50164696.99065517,-0.4800093448311091,69.42321234962276
Maximum,4,20134,interpolated,258,50164722.743972324,-0.45425602767616513,69.54299522011087
Maximum,4,20134,interpolated,259,50164748.497289486,-0.4285027105137706,69.66277809063365
Maximum,4,20134,interpolated,260,50164774.25060664,-0.40274939335882665,69.78256096112176
Maximum,4,20134,interpolated,261,50164800.003923796,-0.3769960762038827,69.90234383160987
Maximum,4,20134,interpolated,262,50164825.75724095,-0.35124275904893876,70.04247536563446
Maximum,4,20134,interpolated,263,50164851.510558106,-0.3254894418939948,70.27241569737504
Maximum,4,20134,interpolated,264,50164877.26387526,-0.29973612473905087,70.50235602911562
Maximum,4,20134,interpolated,265,50164903.01719242,-0.27398280757665633,70.7322963609227
Maximum,4,20134,interpolated,266,50164928.77050958,-0.2482294904217124,70.96223669266328
Maximum,4,20134,interpolated,267,50164954.52382673,-0.22247617326676847,71.53809566833081
Maximum,4,20134,interpolated,268,50164980.27714389,-0.19672285611182452,72.38300757306189
Maximum,4,20134,interpolated,269,50165006.03046104,-0.17096953895688058,73.20940986631524
Maximum,4,20134,interpolated,270,50165031.783778206,-0.14521622179448604,73.59378773441068
Maximum,4,20134,interpolated,271,50165057.53709536,-0.11946290463954211,73.97816560239488
Maximum,4,20134,interpolated,272,50165083.290412515,-0.09370958748459816,74.48580825030803
Maximum,4,20134,interpolated,273,50165109.04372967,-0.06795627032965422,75.00078088697046
Maximum,4,20134,interpolated,274,50165134.797046825,-0.042202953174710275,75.46066155045162
Maximum,4,20134,interpolated,275,50165160.55036398,-0.01644963601976633,75.92054221393272
Maximum,4,20134,interpolated,276,50165186.30368114,0.009303681142628193,75.98446120996164
Maximum,4,20134,interpolated,277,50165212.0569983,0.03505699829757214,75.96567687943286
Maximum,4,20134,interpolated,278,50165237.81031545,0.06081031545251608,75.94689254890409
Maximum,4,20134,interpolated,279,50165263.56363261,0.08656363260746003,75.92810821837531
Maximum,4,20134,interpolated,280,50165289.31694976,0.11231694976240397,75.90932388784654
Maximum,4,20134,interpolated,281,50165315.070266925,0.13807026692479848,75.89053955731231
Maximum,4,20134,interpolated,282,50165340.82358408,0.16382358407974243,75.87175522678353
Maximum,4,20134,interpolated,283,50165366.576901235,0.18957690123468637,75.85297089625476
Maximum,4,20134,interpolated,284,50165392.33021839,0.21533021838963032,75.83418656572604
Maximum,4,20134,interpolated,285,50165418.083535545,0.24108353554457426,75.81540223519727
Maximum,4,20134,interpolated,286,50165443.8368527,0.26683685269951823,75.7966179046685
Maximum,4,20134,interpolated,287,50165469.59016986,0.2925901698619127,75.77783357413426
Maximum,4,20134,interpolated,288,50165495.34348702,0.31834348701685666,75.75904924360549
Maximum,4,20134,interpolated,289,50165521.09680417,0.3440968041718006,75.74026491307671
Maximum,4,20134,interpolated,290,50165546.85012133,0.36985012132674455,75.72148058254794
Maximum,4,20134,interpolated,291,50165572.60343848,0.3956034384816885,75.70269625201917
Maximum,4,20134,interpolated,292,50165598.356755644,0.42135675564408304,75.68391192148499
Maximum,4,20134,interpolated,293,50165624.1100728,0.447110072799027,75.66512759095622
Maximum,4,20134,interpolated,294,50165649.863389954,0.4728633899539709,75.64634326042744
Maximum,4,20134,interpolated,295,50165675.61670711,0.49861670710891487,75.62755892989867
Maximum,4,20134,interpolated,296,50165701.370024264,0.5243700242638588,75.6087745993699
Maximum,4,20134,interpolated,297,50165727.12334142,0.5501233414188027,75.58999026884112
Maximum,4,20134,interpolated,298,50165752.87665858,0.5758766585811973,75.57120593830695
Maximum,4,20134,interpolated,299,50165778.629975736,0.6016299757361412,75.55242160777817
Maximum,4,20134,interpolated,300,50165804.38329289,0.6273832928910852,75.5336372772494
Maximum,4,20134,interpolated,301,50165830.136610046,0.6531366100460291,75.51485294672062
Maximum,4,20134,interpolated,302,50165855.8899272,0.6788899272009731,75.49606861619185
Maximum,4,20134,interpolated,303,50165881.643244356,0.704643244355917,75.47728428566307
Maximum,4,20134,interpolated,304,50165907.39656152,0.7303965615183116,75.4584999551289
Maximum,4,20134,interpolated,305,50165933.14987867,0.7561498786732554,75.43971562460013
Maximum,4,20134,interpolated,306,50165958.90319583,0.7819031958281994,75.42093129407135
Maximum,4,20134,interpolated,307,50165984.65651298,0.8076565129831433,75.40214696354258
Maximum,4,20134,interpolated,308,50166010.40983014,0.8334098301380873,75.3833626330138
Maximum,4,20134,interpolated,309,50166036.1631473,0.8591631473004818,75.36457830247957
Maximum,4,20134,interpolated,310,50166061.916464455,0.8849164644554257,75.3457939719508
Maximum,4,20134,interpolated,311,50166087.66978161,0.9106697816103697,75.32700964142202
Maximum,4,20134,interpolated,312,50166113.423098765,0.9364230987653136,75.3082253108933
Maximum,4,20134,interpolated,313,50166139.17641592,0.9621764159202576,75.28944098036453
Maximum,4,20134,interpolated,314,50166164.929733075,0.9879297330752015,75.27065664983576
Maximum,4,20134,interpolated,315,50166190.68305024,1.013683050237596,75.25187231930153
Maximum,4,20134,interpolated,316,50166216.43636739,1.03943636739254,75.23308798877275
Maximum,4,20134,interpolated,317,50166242.18968455,1.065189684547484,75.21430365824398
Maximum,4,20134,interpolated,318,50166267.9430017,1.090943001702428,75.1955193277152
Maximum,4,20134,interpolated,319,50166293.69631886,1.1166963188573718,75.17673499718643
Maximum,4,20134,interpolated,320,50166319.44963602,1.1424496360197665,75.15795066665225
Maximum,4,20134,interpolated,321,50166345.202953175,1.1682029531747102,75.13916633612348
Maximum,4,20134,interpolated,322,50166370.95627033,1.1939562703296542,75.1203820055947
Maximum,4,20134,interpolated,323,50166396.709587485,1.2197095874845982,75.10159767506593
Maximum,4,20134,interpolated,324,50166422.46290464,1.2454629046395422,75.08281334453716
Maximum,4,20134,interpolated,325,50166448.216221794,1.271216221794486,75.06402901400838
Maximum,4,20134,interpolated,326,50166473.96953896,1.2969695389568805,75.04524468347421
Maximum,4,20134,interpolated,327,50166499.72285611,1.3227228561118245,75.02646035294543
Maximum,4,20134,interpolated,328,50166525.47617327,1.3484761732667685,75.00767602241666
Maximum,4,20134,interpolated,329,50166551.22949042,1.3742294904217125,74.90481568486427
Maximum,4,20134,interpolated,330,50166576.98280758,1.3999828075766563,74.7438574526459
Maximum,4,20134,interpolated,331,50166602.73612474,1.425736124739051,74.58289922038091
Maximum,4,20134,interpolated,332,50166628.489441894,1.4514894418939948,74.42194098816253
Maximum,4,20134,interpolated,333,50166654.24275905,1.4772427590489388,74.26098275594416
Maximum,4,20134,interpolated,334,50166679.996076204,1.5029960762038828,74.10002452372572
Maximum,4,20134,interpolated,335,50166705.74939336,1.5287493933588268,73.96661166657935
Maximum,4,20134,interpolated,336,50166731.502710514,1.5545027105137705,73.87841537495285
Maximum,4,20134,interpolated,337,50166757.256027676,1.5802560276761652,73.79021908330083
Maximum,4,20134,interpolated,338,50166783.00934483,1.606009344831109,73.70202279167427
Maximum,4,20134,interpolated,339,50166808.762661986,1.631762661986053,73.61382650004776
Maximum,4,20134,interpolated,340,50166834.51597914,1.657515979140997,73.52563020842126
Maximum,4,20134,interpolated,341,50166860.269296296,1.683269296295941,73.4374339167947
Maximum,4,20134,interpolated,342,50166886.02261345,1.7090226134508848,73.3492376251682
Maximum,4,20134,interpolated,343,50166911.77593061,1.7347759306132793,73.26104133351618
Maximum,4,20134,interpolated,344,50166937.52924777,1.7605292477682233,73.17284504188967
Maximum,4,20134,interpolated,345,50166963.28256492,1.7862825649231673,73.08464875026311
Maximum,4,20134,interpolated,346,50166989.03588208,1.8120358820781113,72.98897997789243
Maximum,4,20134,interpolated,347,50167014.78919923,1.837789199233055,72.71500851879728
Maximum,4,20134,interpolated,348,50167040.542516395,1.8635425163954498,72.44103705962289
Maximum,4,20134,interpolated,349,50167066.29583355,1.8892958335503935,72.16706560052774
Maximum,4,20134,interpolated,350,50167092.049150705,1.9150491507053375,71.9514533782351
Maximum,4,20134,interpolated,351,50167117.80246786,1.9408024678602815,71.82704121806626
Maximum,4,20134,interpolated,352,50167143.555785015,1.9665557850152255,71.70262905789747
Maximum,4,20134,interpolated,353,50167169.30910217,1.9923091021701693,71.57821689772862
Maximum,4,20134,interpolated,354,50167195.06241933,2.018062419332564,71.45380473752385
Maximum,4,20134,interpolated,355,50167220.81573649,2.043815736487508,71.32939257735501
Maximum,4,20134,interpolated,356,50167246.56905364,2.069569053642452,71.20498041718622
Maximum,4,20134,interpolated,357,50167272.3223708,2.095322370797396,71.08056825701743
Maximum,4,20134,interpolated,358,50167298.07568795,2.12107568795234,70.93989610627591
Maximum,4,20134,interpolated,359,50167323.829005115,2.1468290051147343,70.76934433698852
Maximum,4,20134,interpolated,360,50167349.58232227,2.1725823222696783,70.59879256775048
Maximum,4,20134,interpolated,361,50167375.335639425,2.1983356394246223,70.42824079851243
Maximum,4,20134,interpolated,362,50167401.08895658,2.224088956579566,70.25768902927439
Maximum,4,20134,interpolated,363,50167426.842273735,2.24984227373451,70.08713726003634
Maximum,4,20134,interpolated,364,50167452.59559089,2.275595590889454,69.85847650686009
Maximum,4,20134,interpolated,365,50167478.34890805,2.3013489080518483,69.56911339267589
Maximum,4,20134,interpolated,366,50167504.10222521,2.3271022252067923,69.27975027857536
Maximum,4,20134,interpolated,367,50167529.85554236,2.3528555423617363,68.8574096063773
Maximum,4,20134,interpolated,368,50167555.60885952,2.3786088595166803,67.61115359402493
Maximum,4,20134,interpolated,369,50167581.36217667,2.4043621766716243,67.12524194959201
Maximum,4,20134,interpolated,370,50167607.115493834,2.430115493834019,66.82462849693559
Maximum,4,20134,interpolated,371,50167632.86881099,2.455868810988963,66.58835953221137
Maximum,4,20134,interpolated,372,50167658.622128144,2.481622128143907,66.3520905674871
Maximum,4,20134,interpolated,373,50167684.3754453,2.5073754452988504,66.11582160276282
Maximum,4,20134,interpolated,374,50167710.128762454,2.5331287624537944,65.42918424113935
Maximum,4,20134,interpolated,375,50167735.88207961,2.5588820796087384,64.89482066484277
Maximum,4,20134,interpolated,376,50167761.63539677,2.584635396771133,64.72426889555538
Maximum,4,20134,interpolated,377,50167787.388713926,2.610388713926077,64.5537171263174
Maximum,4,20134,interpolated,378,50167813.14203108,2.636142031081021,64.38316535707935
Maximum,4,20134,interpolated,379,50167838.895348236,2.661895348235965,64.2126135878413
Maximum,4,20134,interpolated,380,50167864.64866539,2.687648665390909,64.04206181860326
Maximum,4,20134,interpolated,381,50167890.401982546,2.713401982545853,62.514002493449595
Maximum,4,20134,interpolated,382,50167916.15529971,2.7391552997082473,61.90844917475931
Maximum,4,20134,interpolated,383,50167941.90861686,2.7649086168631913,61.80203050882977
Maximum,4,20134,interpolated,384,50167967.66193402,2.7906619340181353,61.69561184290029
Maximum,4,20134,interpolated,385,50167993.41525117,2.816415251173079,61.58919317697075
Maximum,4,20134,interpolated,386,50168019.16856833,2.842168568328023,61.482774511041214
Maximum,4,20134,interpolated,387,50168044.92188549,2.8679218854904174,61.37635584508092
Maximum,4,20134,interpolated,388,50168070.675202645,2.8936752026453614,61.269937179151384
Maximum,4,20134,interpolated,389,50168096.4285198,2.9194285198003054,61.1635185132219
Maximum,4,20134,interpolated,390,50168122.181836955,2.9451818369552494,61.05709984729236
Maximum,4,20134,interpolated,391,50168147.93515411,2.9709351541101934,60.94942731309243
Maximum,4,20134,interpolated,392,50168173.688471265,2.9966884712651374,60.84030308785958
Maximum,4,20134,interpolated,393,50168199.44178843,3.022441788427532,60.731178862595186
Maximum,4,20134,interpolated,394,50168225.19510558,3.048195105582476,60.622054637362396
Maximum,4,20134,interpolated,395,50168250.94842274,3.07394842273742,60.512930412129606
Maximum,4,20134,interpolated,396,50168276.70173989,3.0997017398923634,60.40380618689676
Maximum,4,20134,interpolated,397,50168302.45505705,3.1254550570473074,60.29468196166397
Maximum,4,20134,interpolated,398,50168328.20837421,3.151208374209702,60.18555773639957
Maximum,4,20134,interpolated,399,50168353.961691365,3.176961691364646,60.07643351116673
Maximum,4,20134,interpolated,400,50168379.71500852,3.20271500851959,59.87141652467352
Maximum,4,20134,interpolated,401,50168405.468325675,3.228468325674534,59.442194572091125
Maximum,4,20134,interpolated,402,50168431.22164283,3.254221642829478,59.01297261950873
Maximum,4,20134,interpolated,403,50168456.974959984,3.279974959984422,58.85308847067989
Maximum,4,20134,interpolated,404,50168482.72827715,3.3057282771468164,58.70159836972459
Maximum,4,20134,interpolated,405,50168508.4815943,3.3314815943017604,58.550108268813176
Maximum,4,20134,interpolated,406,50168534.23491146,3.3572349114567044,58.39861816790176
Maximum,4,20134,interpolated,407,50168559.98822861,3.382988228611648,58.247128066990285
Maximum,4,20134,interpolated,408,50168585.74154577,3.408741545766592,58.09563796607887
Maximum,4,20134,interpolated,409,50168611.49486293,3.4344948629289864,57.966089775253636
Maximum,4,20134,interpolated,410,50168637.248180084,3.4602481800839304,57.874113642557404
Maximum,4,20134,interpolated,411,50168663.00149724,3.4860014972388744,57.78213750986117
Maximum,4,20134,interpolated,412,50168688.754814394,3.5117548143938184,57.69016137716494
Maximum,4,20134,interpolated,413,50168714.50813155,3.5375081315487624,57.59818524446871
Maximum,4,20134,interpolated,414,50168740.2614487,3.5632614487037064,57.50620911177248
Maximum,4,20134,interpolated,415,50168766.014765866,3.589014765866101,57.41423297904964
Maximum,4,20134,interpolated,416,50168791.76808302,3.614768083021045,57.32225684635341
Maximum,4,20134,interpolated,417,50168817.521400176,3.640521400175989,57.23028071365718
Maximum,4,20134,interpolated,418,50168843.27471733,3.666274717330933,57.13830458096095
Maximum,4,20134,interpolated,419,50168869.028034486,3.6920280344858765,57.04632844826472
Maximum,4,20134,interpolated,420,50168894.78135164,3.7177813516408205,56.93855119403452
Maximum,4,20134,interpolated,421,50168920.5346688,3.743534668803215,56.814737169215334
Maximum,4,20134,interpolated,422,50168946.28798596,3.769287985958159,56.690923144431906
Maximum,4,20134,interpolated,423,50168972.04130311,3.795041303113103,56.567109119648535
Maximum,4,20134,interpolated,424,50168997.79462027,3.820794620268047,56.443295094865164
Maximum,4,20134,interpolated,425,50169023.54793742,3.846547937422991,56.31948107008179
Maximum,4,20134,interpolated,426,50169049.301254585,3.8723012545853854,56.19566704526255
Maximum,4,20134,interpolated,427,50169075.05457174,3.8980545717403294,56.07185302047918
Maximum,4,20134,interpolated,428,50169100.807888895,3.9238078888952734,55.69978086402017
Maximum,4,20134,interpolated,429,50169126.56120605,3.9495612060502174,54.99383290054709
Maximum,4,20134,interpolated,430,50169152.314523205,3.975314523205161,54.71082941532791
Maximum,4,20134,interpolated,431,50169178.06784036,4.001067840360105,54.427825930108725
Maximum,4,20134,interpolated,432,50169203.82115752,4.0268211575225,54.14482244480769
Maximum,4,20134,interpolated,433,50169229.57447468,4.052574474677444,53.942318923497965
Maximum,4,20134,interpolated,434,50169255.32779183,4.078327791832388,53.824184441135856
Maximum,4,20134,interpolated,435,50169281.08110899,4.104081108987332,53.70604995877369
Maximum,4,20134,interpolated,436,50169306.83442614,4.129834426142275,53.58791547641158
Maximum,4,20134,interpolated,437,50169332.587743305,4.15558774330467,53.46978099401525
Maximum,4,20134,interpolated,438,50169358.34106046,4.181341060459614,53.35164651165314
Maximum,4,20134,interpolated,439,50169384.094377615,4.207094377614558,53.233512029291035
Maximum,4,20134,interpolated,440,50169409.84769477,4.232847694769502,53.11537754692887
Maximum,4,20134,interpolated,441,50169435.601011924,4.258601011924446,52.97138038455023
Maximum,4,20134,interpolated,442,50169461.35432908,4.28435432907939,51.718193206347905
Maximum,4,20134,interpolated,443,50169487.10764624,4.310107646241784,50.801513996036306
Maximum,4,20134,interpolated,444,50169512.8609634,4.335860963396728,50.379328468906124
Maximum,4,20134,interpolated,445,50169538.61428055,4.361614280551672,49.673214931041
Maximum,4,20134,interpolated,446,50169564.36759771,4.387367597706616,48.935748903133685
Maximum,4,20134,interpolated,447,50169590.12091486,4.41312091486156,48.854508155010876
Maximum,4,20134,interpolated,448,50169615.874232024,4.438874232023955,48.77326740686448
Maximum,4,20134,interpolated,449,50169641.62754918,4.464627549178898,48.69202665874167
Maximum,4,20134,interpolated,450,50169667.380866334,4.490380866333842,48.6107859106188
Maximum,4,20134,interpolated,451,50169693.13418349,4.516134183488786,48.529545162495936
Maximum,4,20134,interpolated,452,50169718.887500644,4.54188750064373,48.44830441437307
Maximum,4,20134,interpolated,453,50169744.6408178,4.567640817798674,48.36706366625026
Maximum,4,20134,interpolated,454,50169770.39413496,4.593394134961069,48.28582291810386
Maximum,4,20134,interpolated,455,50169796.147452116,4.619147452116013,48.20458216998105
Maximum,4,20134,interpolated,456,50169821.90076927,4.644900769270957,48.123341421858186
Maximum,4,20134,interpolated,457,50169847.654086426,4.670654086425901,48.04210067373532
Maximum,4,20134,interpolated,458,50169873.40740358,4.696407403580844,47.913234939994084
Maximum,4,20134,interpolated,459,50169899.160720736,4.722160720735788,47.73314181303647
Maximum,4,20134,interpolated,460,50169924.9140379,4.747914037898183,47.55304868602667
Maximum,4,20134,interpolated,461,50169950.66735505,4.773667355053127,47.372955559069055
Maximum,4,20134,interpolated,462,50169976.42067221,4.799420672208071,47.19286243211138
Maximum,4,20134,interpolated,463,50170002.17398936,4.825173989363015,47.01276930515377
Maximum,4,20134,interpolated,464,50170027.92730652,4.850927306517959,46.72809878956866
Maximum,4,20134,interpolated,465,50170053.68062368,4.876680623680353,46.435447458177805
Maximum,4,20134,interpolated,466,50170079.433940835,4.902433940835297,46.142796126871644
Maximum,4,20134,interpolated,467,50170105.18725799,4.928187257990241,45.808880318982006
Maximum,4,20134,interpolated,468,50170130.940575145,4.953940575145185,45.435643838475585
Maximum,4,20134,interpolated,469,50170156.6938923,4.979693892300129,45.062407357969164
Maximum,4,20134,interpolated,470,50170182.447209455,5.005447209455073,44.957781083749865
Maximum,4,20134,interpolated,471,50170208.20052662,5.031200526617467,44.9070855775247
Maximum,4,20134,interpolated,472,50170233.95384377,5.056953843772411,44.85639007131414
Maximum,4,20134,interpolated,473,50170259.70716093,5.082707160927355,44.805694565103636
Maximum,4,20134,interpolated,474,50170285.46047808,5.108460478082299,44.754999058893134
Maximum,4,20134,interpolated,475,50170311.21379524,5.134213795237243,44.704303552682575
Maximum,4,20134,interpolated,476,50170336.9671124,5.159967112399638,44.65360804645741
Maximum,4,20134,interpolated,477,50170362.720429555,5.185720429554582,44.602912540246905
Maximum,4,20134,interpolated,478,50170388.47374671,5.211473746709526,44.552217034036346
Maximum,4,20134,interpolated,479,50170414.227063864,5.23722706386447,44.501521527825844
Maximum,4,20134,interpolated,480,50170439.98038102,5.262980381019414,44.45082602161534
Maximum,4,20134,interpolated,481,50170465.733698174,5.288733698174357,44.40013051540478
Maximum,4,20134,interpolated,482,50170491.48701534,5.314487015336752,44.349435009179615
Maximum,4,20134,interpolated,483,50170517.24033249,5.340240332491696,44.29873950296911
Maximum,4,20134,interpolated,484,50170542.99364965,5.36599364964664,44.24804399675861
Maximum,4,20134,interpolated,485,50170568.7469668,5.391746966801584,44.19734849054805
Maximum,4,20134,interpolated,486,50170594.50028396,5.417500283956528,44.14665298433755
Maximum,4,20134,interpolated,487,50170620.25360112,5.443253601118922,44.09595747811238
Maximum,4,20134,interpolated,488,50170646.006918274,5.469006918273866,44.04526197190182
Maximum,4,20134,interpolated,489,50170671.76023543,5.49476023542881,43.884990190466226
Maximum,4,20134,interpolated,490,50170697.513552584,5.520513552583754,42.95970042335932
Maximum,4,20134,interpolated,491,50170723.26686974,5.546266869738698,42.72976009161874
Maximum,4,20134,interpolated,492,50170749.02018689,5.572020186893642,42.49981975987822
Maximum,4,20134,interpolated,493,50170774.773504056,5.597773504056037,42.26987942807108
Maximum,4,20134,interpolated,494,50170800.52682121,5.62352682121098,42.039939096330556
Maximum,4,20134,interpolated,495,50170826.280138366,5.649280138365924,41.79733201556263
Maximum,4,20134,interpolated,496,50170852.03345552,5.675033455520868,41.5520623283727
Maximum,4,20134,interpolated,497,50170877.786772676,5.700786772675812,41.30679264118277
Maximum,4,20134,interpolated,498,50170903.54008983,5.726540089830756,41.06152295399278
Maximum,4,20134,interpolated,499,50170929.29340699,5.752293406993151,40.540633166829764
Maximum,4,20134,interpolated,500,50170955.04672415,5.778046724148095,39.93376686634576
Maximum,4,20134,interpolated,501,50170980.8000413,5.803800041303039,39.37391214558613
Maximum,4,20134,interpolated,502,50171006.55335846,5.829553358457983,38.2224219583652
Maximum,4,20134,interpolated,503,50171032.30667561,5.855306675612926,37.7973332555398
Maximum,4,20134,interpolated,504,50171058.059992775,5.881059992775321,37.5733913671711
Maximum,4,20134,interpolated,505,50171083.81330993,5.906813309930265,37.34944947886726
Maximum,4,20134,interpolated,506,50171109.566627085,5.932566627085209,37.125507590563416
Maximum,4,20134,interpolated,507,50171135.31994424,5.958319944240153,36.972853850743036
Maximum,4,20134,interpolated,508,50171161.073261395,5.984073261395097,36.91109529641466
Maximum,4,20134,interpolated,509,50171186.82657855,6.009826578550041,36.84933674208622
Maximum,4,20134,interpolated,510,50171212.57989571,6.035579895712435,36.78757818773994
Maximum,4,20134,interpolated,511,50171238.33321287,6.061333212867379,36.72581963341156
Maximum,4,20134,interpolated,512,50171264.08653002,6.087086530022323,36.66406107908318
Maximum,4,20134,interpolated,513,50171289.83984718,6.112839847177267,36.60230252475475
Maximum,4,20134,interpolated,514,50171315.59316433,6.138593164332211,36.54054397042637
Maximum,4,20134,interpolated,515,50171341.346481495,6.164346481494606,36.478785416080086
Maximum,4,20134,interpolated,516,50171367.09979865,6.190099798649549,36.41702686175171
Maximum,4,20134,interpolated,517,50171392.853115804,6.215853115804493,36.35526830742327
Maximum,4,20134,interpolated,518,50171418.60643296,6.241606432959437,36.293509753094895
Maximum,4,20134,interpolated,519,50171444.359750114,6.267359750114381,36.23175119876646
Maximum,4,20134,interpolated,520,50171470.11306727,6.293113067269325,36.16999264443808
Maximum,4,20134,interpolated,521,50171495.86638443,6.31886638443172,36.1082340900918
Maximum,4,20134,interpolated,522,50171521.61970159,6.344619701586664,36.04647553576342
Maximum,4,20134,interpolated,523,50171547.37301874,6.370373018741608,35.95480128552049
Maximum,4,20134,interpolated,524,50171573.1263359,6.396126335896552,35.77215364612374
Maximum,4,20134,interpolated,525,50171598.87965305,6.421879653051496,35.58950600672699
Maximum,4,20134,interpolated,526,50171624.63297021,6.447632970206439,35.406858367330244
Maximum,4,20134,interpolated,527,50171650.38628737,6.473386287368834,35.22421072788063
Maximum,4,20134,interpolated,528,50171676.139604524,6.499139604523778,35.04156308848383
Maximum,4,20134,interpolated,529,50171701.89292168,6.524892921678722,34.8764414802564
Maximum,4,20134,interpolated,530,50171727.64623883,6.550646238833666,34.71648298861078
Maximum,4,20134,interpolated,531,50171753.39955599,6.57639955598861,34.55652449696515
Maximum,4,20134,interpolated,532,50171779.15287315,6.602152873151004,34.39656600527326
Maximum,4,20134,interpolated,533,50171804.906190306,6.627906190305948,34.23660751362763
Maximum,4,20134,interpolated,534,50171830.65950746,6.653659507460892,34.076649021982064
Maximum,4,20134,interpolated,535,50171856.412824616,6.679412824615836,33.664679384604085
Maximum,4,20134,interpolated,536,50171882.16614177,6.70516614177078,33.02084645573052
Maximum,4,20134,interpolated,537,50171907.919458926,6.730919458925724,32.65389640380937
Maximum,4,20134,interpolated,538,50171933.67277609,6.756672776088119,32.29621144322056
Maximum,4,20134,interpolated,539,50171959.42609324,6.782426093243062,31.986037560747434
Maximum,4,20134,interpolated,540,50171985.1794104,6.808179410398006,31.904796812624568
Maximum,4,20134,interpolated,541,50172010.93272755,6.83393272755295,31.82355606450176
Maximum,4,20134,interpolated,542,50172036.68604471,6.859686044707894,31.742315316378892
Maximum,4,20134,interpolated,543,50172062.43936187,6.885439361870289,31.66107456823255
Maximum,4,20134,interpolated,544,50172088.192679025,6.911192679025233,31.579833820109684
Maximum,4,20134,interpolated,545,50172113.94599618,6.936945996180177,31.498593071986818
Maximum,4,20134,interpolated,546,50172139.699313335,6.962699313335121,31.417352323863952
Maximum,4,20134,interpolated,547,50172165.45263049,6.988452630490065,31.336111575741143
Maximum,5,9441,raw,0,23558191.0,-6.98,0.0
Maximum,5,9441,raw,1,23558220.0,-6.9510000000000005,1.0
Maximum,5,9441,raw,2,23558405.0,-6.766,2.0
Maximum,5,9441,raw,3,23558408.0,-6.763,3.0
Maximum,5,9441,raw,4,23558433.0,-6.738,4.0
Maximum,5,9441,raw,5,23558516.0,-6.655,5.0
Maximum,5,9441,raw,6,23558589.0,-6.582,6.0
Maximum,5,9441,raw,7,23558702.0,-6.469,7.0
Maximum,5,9441,raw,8,23558772.0,-6.399,8.0
Maximum,5,9441,raw,9,23558812.0,-6.359,9.0
Maximum,5,9441,raw,10,23558850.0,-6.321,10.0
Maximum,5,9441,raw,11,23558866.0,-6.305,11.0
Maximum,5,9441,raw,12,23558881.0,-6.29,12.0
Maximum,5,9441,raw,13,23558919.0,-6.252,13.0
Maximum,5,9441,raw,14,23558957.0,-6.214,14.0
Maximum,5,9441,raw,15,23559051.0,-6.12,15.0
Maximum,5,9441,raw,16,23559106.0,-6.065,16.0
Maximum,5,9441,raw,17,23559108.0,-6.063,17.0
Maximum,5,9441,raw,18,23559113.0,-6.058,18.0
Maximum,5,9441,raw,19,23559127.0,-6.0440000000000005,19.0
Maximum,5,9441,raw,20,23559189.0,-5.982,20.0
Maximum,5,9441,raw,21,23559193.0,-5.978,21.0
Maximum,5,9441,raw,22,23559368.0,-5.803,22.0
Maximum,5,9441,raw,23,23559385.0,-5.7860000000000005,23.0
Maximum,5,9441,raw,24,23559441.0,-5.73,24.0
Maximum,5,9441,raw,25,23559533.0,-5.638,25.0
Maximum,5,9441,raw,26,23559692.0,-5.479,26.0
Maximum,5,9441,raw,27,23559936.0,-5.235,27.0
Maximum,5,9441,raw,28,23560011.0,-5.16,28.0
Maximum,5,9441,raw,29,23560046.0,-5.125,29.0
Maximum,5,9441,raw,30,23560091.0,-5.08,30.0
Maximum,5,9441,raw,31,23560110.0,-5.061,31.0
Maximum,5,9441,raw,32,23560213.0,-4.958,32.0
Maximum,5,9441,raw,33,23560244.0,-4.9270000000000005,33.0
Maximum,5,9441,raw,34,23560253.0,-4.918,34.0
Maximum,5,9441,raw,35,23560316.0,-4.855,35.0
Maximum,5,9441,raw,36,23560395.0,-4.776,36.0
Maximum,5,9441,raw,37,23560443.0,-4.728,37.0
Maximum,5,9441,raw,38,23560591.0,-4.58,38.0
Maximum,5,9441,raw,39,23560620.0,-4.551,39.0
Maximum,5,9441,raw,40,23560712.0,-4.4590000000000005,40.0
Maximum,5,9441,raw,41,23560746.0,-4.425,41.0
Maximum,5,9441,raw,42,23560758.0,-4.413,42.0
Maximum,5,9441,raw,43,23560851.0,-4.32,43.0
Maximum,5,9441,raw,44,23560989.0,-4.182,44.0
Maximum,5,9441,raw,45,23561020.0,-4.151,45.0
Maximum,5,9441,raw,46,23561031.0,-4.14,46.0
Maximum,5,9441,raw,47,23561037.0,-4.134,47.0
Maximum,5,9441,raw,48,23561211.0,-3.96,48.0
Maximum,5,9441,raw,49,23561239.0,-3.932,49.0
Maximum,5,9441,raw,50,23561272.0,-3.899,50.0
Maximum,5,9441,raw,51,23561459.0,-3.712,51.0
Maximum,5,9441,raw,52,23561493.0,-3.678,52.0
Maximum,5,9441,raw,53,23561537.0,-3.634,53.0
Maximum,5,9441,raw,54,23561545.0,-3.626,54.0
Maximum,5,9441,raw,55,23561850.0,-3.321,55.0
Maximum,5,9441,raw,56,23561890.0,-3.281,56.0
Maximum,5,9441,raw,57,23561928.0,-3.243,57.0
Maximum,5,9441,raw,58,23562074.0,-3.097,58.0
Maximum,5,9441,raw,59,23562157.0,-3.0140000000000002,59.0
Maximum,5,9441,raw,60,23562300.0,-2.871,60.0
Maximum,5,9441,raw,61,23562458.0,-2.713,61.0
Maximum,5,9441,raw,62,23562671.0,-2.5,62.0
Maximum,5,9441,raw,63,23562721.0,-2.45,63.0
Maximum,5,9441,raw,64,23562826.0,-2.345,64.0
Maximum,5,9441,raw,65,23562838.0,-2.333,65.0
Maximum,5,9441,raw,66,23563156.0,-2.015,66.0
Maximum,5,9441,raw,67,23563190.0,-1.981,67.0
Maximum,5,9441,raw,68,23563207.0,-1.964,68.0
Maximum,5,9441,raw,69,23563247.0,-1.924,69.0
Maximum,5,9441,raw,70,23563268.0,-1.903,70.0
Maximum,5,9441,raw,71,23563413.0,-1.758,71.0
Maximum,5,9441,raw,72,23563436.0,-1.735,72.0
Maximum,5,9441,raw,73,23563447.0,-1.724,73.0
Maximum,5,9441,raw,74,23563571.0,-1.6,74.0
Maximum,5,9441,raw,75,23563595.0,-1.576,75.0
Maximum,5,9441,raw,76,23563659.0,-1.512,76.0
Maximum,5,9441,raw,77,23563860.0,-1.311,77.0
Maximum,5,9441,raw,78,23564004.0,-1.167,78.0
Maximum,5,9441,raw,79,23564075.0,-1.096,79.0
Maximum,5,9441,raw,80,23564158.0,-1.0130000000000001,80.0
Maximum,5,9441,raw,81,23564316.0,-0.855,81.0
Maximum,5,9441,raw,82,23564322.0,-0.849,82.0
Maximum,5,9441,raw,83,23564470.0,-0.7010000000000001,83.0
Maximum,5,9441,raw,84,23564596.0,-0.5750000000000001,84.0
Maximum,5,9441,raw,85,23564658.0,-0.513,85.0
Maximum,5,9441,raw,86,23564684.0,-0.487,86.0
Maximum,5,9441,raw,87,23564745.0,-0.426,87.0
Maximum,5,9441,raw,88,23564790.0,-0.381,88.0
Maximum,5,9441,raw,89,23564827.0,-0.34400000000000003,89.0
Maximum,5,9441,raw,90,23564834.0,-0.337,90.0
Maximum,5,9441,raw,91,23564888.0,-0.28300000000000003,91.0
Maximum,5,9441,raw,92,23564909.0,-0.262,92.0
Maximum,5,9441,raw,93,23565043.0,-0.128,93.0
Maximum,5,9441,raw,94,23565081.0,-0.09,94.0
Maximum,5,9441,raw,95,23565111.0,-0.06,95.0
Maximum,5,9441,raw,96,23565157.0,-0.014,96.0
Maximum,5,9441,raw,97,23565163.0,-0.008,97.0
Maximum,5,9441,raw,98,23566324.0,1.153,96.0
Maximum,5,9441,raw,99,23566333.0,1.162,95.0
Maximum,5,9441,raw,100,23566335.0,1.164,94.0
Maximum,5,9441,raw,101,23566601.0,1.43,93.0
Maximum,5,9441,raw,102,23566708.0,1.537,92.0
Maximum,5,9441,raw,103,23566740.0,1.569,91.0
Maximum,5,9441,raw,104,23566936.0,1.7650000000000001,90.0
Maximum,5,9441,raw,105,23566941.0,1.77,89.0
Maximum,5,9441,raw,106,23567265.0,2.094,88.0
Maximum,5,9441,raw,107,23567305.0,2.134,87.0
Maximum,5,9441,raw,108,23567338.0,2.1670000000000003,86.0
Maximum,5,9441,raw,109,23567414.0,2.243,85.0
Maximum,5,9441,raw,110,23567613.0,2.442,84.0
Maximum,5,9441,raw,111,23567632.0,2.461,83.0
Maximum,5,9441,raw,112,23567740.0,2.569,82.0
Maximum,5,9441,raw,113,23567755.0,2.584,81.0
Maximum,5,9441,raw,114,23567890.0,2.719,80.0
Maximum,5,9441,raw,115,23567938.0,2.767,79.0
Maximum,5,9441,raw,116,23568135.0,2.964,78.0
Maximum,5,9441,raw,117,23568554.0,3.383,77.0
Maximum,5,9441,raw,118,23568637.0,3.466,76.0
Maximum,5,9441,raw,119,23568883.0,3.712,75.0
Maximum,5,9441,raw,120,23568928.0,3.757,74.0
Maximum,5,9441,raw,121,23568969.0,3.798,73.0
Maximum,5,9441,raw,122,23569199.0,4.0280000000000005,72.0
Maximum,5,9441,raw,123,23569214.0,4.043,71.0
Maximum,5,9441,raw,124,23569262.0,4.091,70.0
Maximum,5,9441,raw,125,23569516.0,4.345,69.0
Maximum,5,9441,raw,126,23569542.0,4.371,68.0
Maximum,5,9441,raw,127,23569621.0,4.45,67.0
Maximum,5,9441,raw,128,23569746.0,4.575,66.0
Maximum,5,9441,raw,129,23569927.0,4.756,65.0
Maximum,5,9441,raw,130,23569954.0,4.783,64.0
Maximum,5,9441,raw,131,23569992.0,4.821,63.0
Maximum,5,9441,raw,132,23570005.0,4.8340000000000005,62.0
Maximum,5,9441,raw,133,23570006.0,4.835,61.0
Maximum,5,9441,raw,134,23570058.0,4.8870000000000005,60.0
Maximum,5,9441,raw,135,23570069.0,4.898,59.0
Maximum,5,9441,raw,136,23570150.0,4.979,58.0
Maximum,5,9441,raw,137,23570209.0,5.038,57.0
Maximum,5,9441,raw,138,23570420.0,5.249,56.0
Maximum,5,9441,raw,139,23570428.0,5.257,55.0
Maximum,5,9441,raw,140,23570463.0,5.292,54.0
Maximum,5,9441,raw,141,23570764.0,5.593,53.0
Maximum,5,9441,raw,142,23570832.0,5.6610000000000005,52.0
Maximum,5,9441,raw,143,23570999.0,5.828,51.0
Maximum,5,9441,raw,144,23571196.0,6.025,50.0
Maximum,5,9441,raw,145,23571200.0,6.029,49.0
Maximum,5,9441,raw,146,23571209.0,6.038,48.0
Maximum,5,9441,raw,147,23571265.0,6.094,47.0
Maximum,5,9441,raw,148,23571356.0,6.1850000000000005,46.0
Maximum,5,9441,raw,149,23571376.0,6.205,45.0
Maximum,5,9441,raw,150,23571580.0,6.409,44.0
Maximum,5,9441,raw,151,23571670.0,6.4990000000000006,43.0
Maximum,5,9441,raw,152,23571684.0,6.513,42.0
Maximum,5,9441,raw,153,23571849.0,6.678,41.0
Maximum,5,9441,interpolated,0,23558173.188660726,-6.997811339274049,-0.1424907141923768
Maximum,5,9441,interpolated,1,23558192.81750363,-6.978182496368885,0.06267253900398373
Maximum,5,9441,interpolated,2,23558212.44634654,-6.9585536534599965,0.7395291910346486
Maximum,5,9441,interpolated,3,23558232.075189445,-6.938924810554832,1.0652712942982134
Maximum,5,9441,interpolated,4,23558251.704032354,-6.919295967645943,1.1713731478597538
Maximum,5,9441,interpolated,5,23558271.33287526,-6.8996671247407795,1.2774750014011715
Maximum,5,9441,interpolated,6,23558290.961718168,-6.88003828183189,1.3835768549627687
Maximum,5,9441,interpolated,7,23558310.590561073,-6.860409438926727,1.4896787085041865
Maximum,5,9441,interpolated,8,23558330.219403982,-6.840780596017837,1.5957805620657268
Maximum,5,9441,interpolated,9,23558349.848246887,-6.821151753112674,1.7018824156071446
Maximum,5,9441,interpolated,10,23558369.477089796,-6.801522910203785,1.8079842691687418
Maximum,5,9441,interpolated,11,23558389.1059327,-6.781894067298621,1.9140861227101595
Maximum,5,9441,interpolated,12,23558408.73477561,-6.762265224389732,3.0293910244106996
Maximum,5,9441,interpolated,13,23558428.363618515,-6.7426363814845685,3.8145447406172934
Maximum,5,9441,interpolated,14,23558447.992461424,-6.723007538575679,4.180632065353279
Maximum,5,9441,interpolated,15,23558467.62130433,-6.703378695670516,4.417124148547998
Maximum,5,9441,interpolated,16,23558487.25014724,-6.683749852761626,4.653616231787623
Maximum,5,9441,interpolated,17,23558506.878990144,-6.664121009856463,4.890108314982399
Maximum,5,9441,interpolated,18,23558526.507833052,-6.644492166947574,5.143942918526363
Maximum,5,9441,interpolated,19,23558546.136675958,-6.62486332404241,5.412831177501232
Maximum,5,9441,interpolated,20,23558565.765518866,-6.605234481133521,5.681719436527089
Maximum,5,9441,interpolated,21,23558585.39436177,-6.5856056382283565,5.950607695501958
Maximum,5,9441,interpolated,22,23558605.02320468,-6.565976795319468,6.141798271509117
Maximum,5,9441,interpolated,23,23558624.652047586,-6.546347952414304,6.315504845891098
Maximum,5,9441,interpolated,24,23558644.280890495,-6.526719109505415,6.489211420306049
Maximum,5,9441,interpolated,25,23558663.9097334,-6.507090266600251,6.66291799468803
Maximum,5,9441,interpolated,26,23558683.53857631,-6.487461423691363,6.83662456910298
Maximum,5,9441,interpolated,27,23558703.167419214,-6.467832580786198,7.01667741734002
Maximum,5,9441,interpolated,28,23558722.796262123,-6.44820373787731,7.297089458895584
Maximum,5,9441,interpolated,29,23558742.425105028,-6.4285748949721455,7.577501500397943
Maximum,5,9441,interpolated,30,23558762.053947937,-6.408946052063257,7.857913541953451
Maximum,5,9441,interpolated,31,23558781.682790846,-6.389317209154368,8.242069771140791
Maximum,5,9441,interpolated,32,23558801.31163375,-6.369688366249203,8.73279084376992
Maximum,5,9441,interpolated,33,23558820.94047666,-6.350059523340315,9.235275701570686
Maximum,5,9441,interpolated,34,23558840.569319565,-6.330430680435151,9.751824199074974
Maximum,5,9441,interpolated,35,23558860.198162474,-6.310801837526262,10.637385154608637
Maximum,5,9441,interpolated,36,23558879.82700538,-6.291172994621098,11.921800358593487
Maximum,5,9441,interpolated,37,23558899.455848288,-6.2715441517122095,12.485680218099787
Maximum,5,9441,interpolated,38,23558919.084691193,-6.251915308807045,13.002228715604076
Maximum,5,9441,interpolated,39,23558938.7135341,-6.232286465898157,13.51877721320642
Maximum,5,9441,interpolated,40,23558958.342377007,-6.212657622992992,14.014280606457532
Maximum,5,9441,interpolated,41,23558977.971219916,-6.193028780084103,14.223098084211642
Maximum,5,9441,interpolated,42,23558997.60006282,-6.17339993717894,14.43191556192619
Maximum,5,9441,interpolated,43,23559017.22890573,-6.15377109427005,14.640733039680299
Maximum,5,9441,interpolated,44,23559036.857748635,-6.134142251364887,14.849550517394846
Maximum,5,9441,interpolated,45,23559056.486591544,-6.114513408455998,15.099756209890927
Maximum,5,9441,interpolated,46,23559076.11543445,-6.094884565550834,15.456644262712132
Maximum,5,9441,interpolated,47,23559095.744277358,-6.075255722641945,15.81353231560098
Maximum,5,9441,interpolated,48,23559115.373120263,-6.055626879736781,18.169508590229896
Maximum,5,9441,interpolated,49,23559135.001963172,-6.035998036827892,19.129063922130797
Maximum,5,9441,interpolated,50,23559154.630806077,-6.016369193922729,19.44565816253663
Maximum,5,9441,interpolated,51,23559174.259648986,-5.996740351013839,19.762252403002606
Maximum,5,9441,interpolated,52,23559193.88849189,-5.977111508108676,21.00507709652186
Maximum,5,9441,interpolated,53,23559213.5173348,-5.9574826651997865,21.117241913144085
Maximum,5,9441,interpolated,54,23559233.146177705,-5.937853822294623,21.229406729744994
Maximum,5,9441,interpolated,55,23559252.775020614,-5.918224979385734,21.34157154636722
Maximum,5,9441,interpolated,56,23559272.40386352,-5.89859613648057,21.453736362968186
Maximum,5,9441,interpolated,57,23559292.03270643,-5.878967293571681,21.565901179590412
Maximum,5,9441,interpolated,58,23559311.661549333,-5.859338450666517,21.67806599619132
Maximum,5,9441,interpolated,59,23559331.290392242,-5.839709607757628,21.790230812813547
Maximum,5,9441,interpolated,60,23559350.919235148,-5.820080764852464,21.902395629414514
Maximum,5,9441,interpolated,61,23559370.548078056,-5.8004519219435755,22.149886944495563
Maximum,5,9441,interpolated,62,23559390.17692096,-5.780823079038411,23.0924450171712
Maximum,5,9441,interpolated,63,23559409.80576387,-5.761194236129523,23.442960069115657
Maximum,5,9441,interpolated,64,23559429.434606776,-5.741565393224358,23.793475120993605
Maximum,5,9441,interpolated,65,23559449.063449685,-5.72193655031547,24.087646192223133
Maximum,5,9441,interpolated,66,23559468.69229259,-5.702307707410306,24.301003180322766
Maximum,5,9441,interpolated,67,23559488.3211355,-5.682678864501417,24.514360168462872
Maximum,5,9441,interpolated,68,23559507.949978404,-5.663050021596253,24.72771715656245
Maximum,5,9441,interpolated,69,23559527.578821313,-5.643421178687364,24.941074144702554
Maximum,5,9441,interpolated,70,23559547.207664218,-5.6237923357822,25.089356378728326
Maximum,5,9441,interpolated,71,23559566.836507127,-5.604163492873311,25.212808220922568
Maximum,5,9441,interpolated,72,23559586.46535003,-5.584534649968147,25.33626006309339
Maximum,5,9441,interpolated,73,23559606.09419294,-5.564905807059258,25.45971190528769
Maximum,5,9441,interpolated,74,23559625.723035846,-5.545276964154095,25.583163747458514
Maximum,5,9441,interpolated,75,23559645.351878755,-5.525648121245205,25.706615589652813
Maximum,5,9441,interpolated,76,23559664.98072166,-5.506019278340042,25.830067431823636
Maximum,5,9441,interpolated,77,23559684.60956457,-5.486390435431153,25.953519274017935
Maximum,5,9441,interpolated,78,23559704.238407474,-5.466761592525989,26.050157407680388
Maximum,5,9441,interpolated,79,23559723.867250383,-5.4471327496171,26.13060348517581
Maximum,5,9441,interpolated,80,23559743.496093288,-5.427503906711936,26.211049562656
Maximum,5,9441,interpolated,81,23559763.124936197,-5.407875063803047,26.291495640151425
Maximum,5,9441,interpolated,82,23559782.753779106,-5.388246220894158,26.371941717646905
Maximum,5,9441,interpolated,83,23559802.38262201,-5.368617377988994,26.452387795127095
Maximum,5,9441,interpolated,84,23559822.01146492,-5.348988535080105,26.53283387262252
Maximum,5,9441,interpolated,85,23559841.640307825,-5.3293596921749415,26.613279950102708
Maximum,5,9441,interpolated,86,23559861.269150734,-5.309730849266052,26.69372602759813
Maximum,5,9441,interpolated,87,23559880.89799364,-5.290102006360889,26.77417210507832
Maximum,5,9441,interpolated,88,23559900.526836548,-5.2704731634519995,26.854618182573745
Maximum,5,9441,interpolated,89,23559920.155679453,-5.250844320546836,26.935064260053935
Maximum,5,9441,interpolated,90,23559939.784522362,-5.231215477637947,27.050460298160715
Maximum,5,9441,interpolated,91,23559959.413365267,-5.211586634732783,27.312178203562894
Maximum,5,9441,interpolated,92,23559979.042208176,-5.191957791823894,27.573896109014754
Maximum,5,9441,interpolated,93,23559998.67105108,-5.1723289489187305,27.835614014416933
Maximum,5,9441,interpolated,94,23560018.29989399,-5.152700106009841,28.208568399718843
Maximum,5,9441,interpolated,95,23560037.928736895,-5.133071263104677,28.769392482723504
Maximum,5,9441,interpolated,96,23560057.557579804,-5.113442420195788,29.256835106760263
Maximum,5,9441,interpolated,97,23560077.18642271,-5.093813577290624,29.693031615763914
Maximum,5,9441,interpolated,98,23560096.81526562,-5.074184734381736,30.30606661148761
Maximum,5,9441,interpolated,99,23560116.444108523,-5.054555891476571,31.06256416042163
Maximum,5,9441,interpolated,100,23560136.072951432,-5.034927048567683,31.25313545079922
Maximum,5,9441,interpolated,101,23560155.701794337,-5.015298205662519,31.443706741140602
Maximum,5,9441,interpolated,102,23560175.330637246,-4.99566936275363,31.634278031518136
Maximum,5,9441,interpolated,103,23560194.95948015,-4.976040519848466,31.824849321859574
Maximum,5,9441,interpolated,104,23560214.58832306,-4.956411676939577,32.05123622775557
Maximum,5,9441,interpolated,105,23560234.217165966,-4.936782834034413,32.68442470856729
Maximum,5,9441,interpolated,106,23560253.846008874,-4.917153991125524,34.01342871229326
Maximum,5,9441,interpolated,107,23560273.47485178,-4.89752514822036,34.324997647295845
Maximum,5,9441,interpolated,108,23560293.10369469,-4.877896305311471,34.6365665823576
Maximum,5,9441,interpolated,109,23560312.732537594,-4.858267462406308,34.948135517360186
Maximum,5,9441,interpolated,110,23560332.361380503,-4.838638619497418,35.20710608231116
Maximum,5,9441,interpolated,111,23560351.990223408,-4.819009776592255,35.45557244819929
Maximum,5,9441,interpolated,112,23560371.619066317,-4.7993809336833655,35.704038814134606
Maximum,5,9441,interpolated,113,23560391.24790922,-4.779752090778202,35.95250518002274
Maximum,5,9441,interpolated,114,23560410.87675213,-4.760123247869313,36.330765669389336
Maximum,5,9441,interpolated,115,23560430.505595036,-4.740494404964149,36.73969989658025
Maximum,5,9441,interpolated,116,23560450.134437945,-4.72086556205526,37.04820566178876
Maximum,5,9441,interpolated,117,23560469.76328085,-4.7012367191500966,37.18083297871556
Maximum,5,9441,interpolated,118,23560489.39212376,-4.681607876241207,37.31346029566754
Maximum,5,9441,interpolated,119,23560509.020966664,-4.661979033336044,37.44608761259428
Maximum,5,9441,interpolated,120,23560528.649809573,-4.6423501904271545,37.578714929546265
Maximum,5,9441,interpolated,121,23560548.278652478,-4.622721347521991,37.71134224647301
Maximum,5,9441,interpolated,122,23560567.907495387,-4.603092504613102,37.84396956342499
Maximum,5,9441,interpolated,123,23560587.536338292,-4.583463661707937,37.97659688035179
Maximum,5,9441,interpolated,124,23560607.1651812,-4.563834818799049,38.557420041412115
Maximum,5,9441,interpolated,125,23560626.794024106,-4.544205975893885,39.07384808810997
Maximum,5,9441,interpolated,126,23560646.422867015,-4.524577132984996,39.28720507625002
Maximum,5,9441,interpolated,127,23560666.05170992,-4.504948290079832,39.50056206434965
Maximum,5,9441,interpolated,128,23560685.68055283,-4.485319447170943,39.71391905248976
Maximum,5,9441,interpolated,129,23560705.309395734,-4.465690604265779,39.927276040589334
Maximum,5,9441,interpolated,130,23560724.938238643,-4.446061761356891,40.38053643067968
Maximum,5,9441,interpolated,131,23560744.56708155,-4.426432918451726,40.95785533965511
Maximum,5,9441,interpolated,132,23560764.195924457,-4.406804075542837,42.066622843625396
Maximum,5,9441,interpolated,133,23560783.824767366,-4.387175232633949,42.27768567060269
Maximum,5,9441,interpolated,134,23560803.45361027,-4.367546389728784,42.48874849753997
Maximum,5,9441,interpolated,135,23560823.08245318,-4.347917546819896,42.69981132451727
Maximum,5,9441,interpolated,136,23560842.711296085,-4.3282887039147315,42.91087415145449
Maximum,5,9441,interpolated,137,23560862.340138994,-4.308659861005843,43.08217492024755
Maximum,5,9441,interpolated,138,23560881.9689819,-4.289031018100679,43.22441291231394
Maximum,5,9441,interpolated,139,23560901.59782481,-4.26940217519179,43.366650904407265
Maximum,5,9441,interpolated,140,23560921.226667713,-4.249773332286626,43.50888889647376
Maximum,5,9441,interpolated,141,23560940.855510622,-4.230144489377738,43.65112688856709
Maximum,5,9441,interpolated,142,23560960.484353527,-4.210515646472573,43.793364880633476
Maximum,5,9441,interpolated,143,23560980.113196436,-4.190886803563684,43.93560287272692
Maximum,5,9441,interpolated,144,23560999.74203934,-4.1712579606585205,44.34651739811227
Maximum,5,9441,interpolated,145,23561019.37088225,-4.151629117749631,44.979705879044104
Maximum,5,9441,interpolated,146,23561038.999725156,-4.132000274844468,47.01149267330766
Maximum,5,9441,interpolated,147,23561058.628568064,-4.112371431935578,47.12430211531273
Maximum,5,9441,interpolated,148,23561078.25741097,-4.092742589030415,47.23711155729643
Maximum,5,9441,interpolated,149,23561097.88625388,-4.073113746121526,47.34992099930162
Maximum,5,9441,interpolated,150,23561117.515096784,-4.053484903216362,47.462730441285316
Maximum,5,9441,interpolated,151,23561137.143939693,-4.033856060307473,47.57553988329039
Maximum,5,9441,interpolated,152,23561156.772782598,-4.0142272174023095,47.68834932527409
Maximum,5,9441,interpolated,153,23561176.401625507,-3.99459837449342,47.80115876727916
Maximum,5,9441,interpolated,154,23561196.03046841,-3.9749695315882563,47.91396820926286
Maximum,5,9441,interpolated,155,23561215.65931132,-3.9553406886793674,48.1664039757369
Maximum,5,9441,interpolated,156,23561235.288154226,-3.9357118457742035,48.86743407949268
Maximum,5,9441,interpolated,157,23561254.916997135,-3.9160830028653146,49.48233324650562
Maximum,5,9441,interpolated,158,23561274.54584004,-3.8964541599601508,50.01361411786013
Maximum,5,9441,interpolated,159,23561294.17468295,-3.876825317051262,50.118581192239276
Maximum,5,9441,interpolated,160,23561313.803525854,-3.857196474146098,50.223548266598414
Maximum,5,9441,interpolated,161,23561333.432368763,-3.837567631237209,50.32851534097745
Maximum,5,9441,interpolated,162,23561353.061211668,-3.8179387883320453,50.4334824153367
Maximum,5,9441,interpolated,163,23561372.690054577,-3.798309945423156,50.53844948971573
Maximum,5,9441,interpolated,164,23561392.318897482,-3.7786811025179925,50.64341656407487
Maximum,5,9441,interpolated,165,23561411.94774039,-3.759052259609103,50.748383638454015
Maximum,5,9441,interpolated,166,23561431.576583296,-3.7394234167039393,50.85335071281315
Maximum,5,9441,interpolated,167,23561451.205426205,-3.7197945737950504,50.9583177871923
Maximum,5,9441,interpolated,168,23561470.83426911,-3.7001657308898865,51.34806673853279
Maximum,5,9441,interpolated,169,23561490.46311202,-3.6805368879809977,51.92538564761776
Maximum,5,9441,interpolated,170,23561510.091954924,-3.660908045075834,52.388453521003726
Maximum,5,9441,interpolated,171,23561529.720797833,-3.641279202166945,52.83456358711487
Maximum,5,9441,interpolated,172,23561549.34964074,-3.621650359261781,54.01426111717444
Maximum,5,9441,interpolated,173,23561568.978483647,-3.602021516352892,54.07861797917087
Maximum,5,9441,interpolated,174,23561588.607326552,-3.5823926734477283,54.142974841155024
Maximum,5,9441,interpolated,175,23561608.23616946,-3.5627638305388394,54.20733170315134
Maximum,5,9441,interpolated,176,23561627.865012366,-3.5431349876336755,54.27168856513549
Maximum,5,9441,interpolated,177,23561647.493855275,-3.523506144724786,54.33604542713181
Maximum,5,9441,interpolated,178,23561667.12269818,-3.5038773018196228,54.40040228911596
Maximum,5,9441,interpolated,179,23561686.75154109,-3.4842484589107334,54.46475915111239
Maximum,5,9441,interpolated,180,23561706.380383994,-3.4646196160055696,54.52911601309654
Maximum,5,9441,interpolated,181,23561726.009226903,-3.4449907730966807,54.59347287509286
Maximum,5,9441,interpolated,182,23561745.638069812,-3.425361930187792,54.65782973708917
Maximum,5,9441,interpolated,183,23561765.266912717,-3.405733087282628,54.722186599073325
Maximum,5,9441,interpolated,184,23561784.895755626,-3.386104244373739,54.786543461069755
Maximum,5,9441,interpolated,185,23561804.52459853,-3.366475401468575,54.85090032305391
Maximum,5,9441,interpolated,186,23561824.15344144,-3.346846558559686,54.91525718505022
Maximum,5,9441,interpolated,187,23561843.782284345,-3.3272177156545224,54.979614047034374
Maximum,5,9441,interpolated,188,23561863.411127254,-3.307588872745633,55.33527818135917
Maximum,5,9441,interpolated,189,23561883.03997016,-3.2879600298404696,55.82599925398824
Maximum,5,9441,interpolated,190,23561902.66881307,-3.2683311869315803,56.333389817590046
Maximum,5,9441,interpolated,191,23561922.297655974,-3.2487023440264164,56.84993831509428
Maximum,5,9441,interpolated,192,23561941.926498882,-3.2290735011175276,57.09538697864707
Maximum,5,9441,interpolated,193,23561961.555341788,-3.2094446582123637,57.229831108134476
Maximum,5,9441,interpolated,194,23561981.184184697,-3.189815815303475,57.36427523764746
Maximum,5,9441,interpolated,195,23562000.8130276,-3.170186972398311,57.49871936713487
Maximum,5,9441,interpolated,196,23562020.44187051,-3.150558129489422,57.63316349664774
Maximum,5,9441,interpolated,197,23562040.070713416,-3.130929286584258,57.76760762613526
Maximum,5,9441,interpolated,198,23562059.699556325,-3.1113004436753693,57.90205175564813
Maximum,5,9441,interpolated,199,23562079.32839923,-3.0916716007702054,58.064197581081885
Maximum,5,9441,interpolated,200,23562098.95724214,-3.072042757861316,58.30068966432145
Maximum,5,9441,interpolated,201,23562118.586085044,-3.0524139149561527,58.53718174751623
Maximum,5,9441,interpolated,202,23562138.214927953,-3.0327850720472633,58.77367383075591
Maximum,5,9441,interpolated,203,23562157.843770858,-3.0131562291420995,59.00590049550976
Maximum,5,9441,interpolated,204,23562177.472613767,-2.9935273862332106,59.14316513123629
Maximum,5,9441,interpolated,205,23562197.101456672,-2.9738985433280467,59.28042976693678
Maximum,5,9441,interpolated,206,23562216.73029958,-2.954269700419158,59.41769440266319
Maximum,5,9441,interpolated,207,23562236.359142486,-2.934640857513994,59.55495903836368
Maximum,5,9441,interpolated,208,23562255.987985395,-2.915012014605105,59.6922236740902
Maximum,5,9441,interpolated,209,23562275.6168283,-2.895383171699941,59.82948830979058
Maximum,5,9441,interpolated,210,23562295.24567121,-2.8757543287910523,59.9667529455171
Maximum,5,9441,interpolated,211,23562314.874514114,-2.8561254858858884,60.09414249439317
Maximum,5,9441,interpolated,212,23562334.503357023,-2.8364966429769995,60.21837567736077
Maximum,5,9441,interpolated,213,23562354.13219993,-2.8168678000718357,60.342608860304836
Maximum,5,9441,interpolated,214,23562373.761042837,-2.7972389571629463,60.466842043272436
Maximum,5,9441,interpolated,215,23562393.389885742,-2.777610114257783,60.59107522621662
Maximum,5,9441,interpolated,216,23562413.01872865,-2.7579812713488936,60.71530840918422
Maximum,5,9441,interpolated,217,23562432.647571556,-2.7383524284437297,60.839541592128285
Maximum,5,9441,interpolated,218,23562452.276414465,-2.718723585534841,60.963774775096
Maximum,5,9441,interpolated,219,23562471.90525737,-2.699094742629677,61.06528289845221
Maximum,5,9441,interpolated,220,23562491.53410028,-2.679465899720788,61.15743709051276
Maximum,5,9441,interpolated,221,23562511.162943184,-2.659837056815624,61.2495912825558
Maximum,5,9441,interpolated,222,23562530.791786093,-2.6402082139067353,61.34174547461623
Maximum,5,9441,interpolated,223,23562550.420629,-2.6205793710015715,61.43389966665927
Maximum,5,9441,interpolated,224,23562570.049471907,-2.6009505280926826,61.52605385871982
Maximum,5,9441,interpolated,225,23562589.678314812,-2.5813216851875187,61.61820805076286
Maximum,5,9441,interpolated,226,23562609.30715772,-2.56169284227863,61.710362242823294
Maximum,5,9441,interpolated,227,23562628.936000627,-2.542063999373466,61.802516434866334
Maximum,5,9441,interpolated,228,23562648.564843535,-2.5224351564645766,61.89467062692688
Maximum,5,9441,interpolated,229,23562668.19368644,-2.502806313559413,61.98682481896992
Maximum,5,9441,interpolated,230,23562687.82252935,-2.483177470650524,62.336450586989486
Maximum,5,9441,interpolated,231,23562707.451372255,-2.46354862774536,62.72902744509281
Maximum,5,9441,interpolated,232,23562727.080215164,-2.443919784836471,63.05790681108124
Maximum,5,9441,interpolated,233,23562746.709058072,-2.424290941927582,63.24484817211828
Maximum,5,9441,interpolated,234,23562766.337900978,-2.4046620990224183,63.431789533119854
Maximum,5,9441,interpolated,235,23562785.966743886,-2.3850332561135295,63.6187308941569
Maximum,5,9441,interpolated,236,23562805.59558679,-2.3654044132083656,63.80567225515847
Maximum,5,9441,interpolated,237,23562825.2244297,-2.3457755702994763,63.99261361619551
Maximum,5,9441,interpolated,238,23562844.853272606,-2.326146727394313,65.02155117171594
Maximum,5,9441,interpolated,239,23562864.482115515,-2.3065178844854235,65.08327709281309
Maximum,5,9441,interpolated,240,23562884.11095842,-2.2868890415802596,65.14500301389853
Maximum,5,9441,interpolated,241,23562903.73980133,-2.2672601986713707,65.20672893499568
Maximum,5,9441,interpolated,242,23562923.368644234,-2.247631355766207,65.26845485608112
Maximum,5,9441,interpolated,243,23562942.997487143,-2.228002512857318,65.33018077717827
Maximum,5,9441,interpolated,244,23562962.626330048,-2.208373669952154,65.39190669826371
Maximum,5,9441,interpolated,245,23562982.255172957,-2.1887448270432652,65.45363261936075
Maximum,5,9441,interpolated,246,23563001.884015862,-2.1691159841381014,65.51535854044619
Maximum,5,9441,interpolated,247,23563021.51285877,-2.1494871412292125,65.57708446154334
Maximum,5,9441,interpolated,248,23563041.141701676,-2.1298582983240486,65.63881038262878
Maximum,5,9441,interpolated,249,23563060.770544585,-2.1102294554151597,65.70053630372593
Maximum,5,9441,interpolated,250,23563080.39938749,-2.090600612509996,65.76226222481137
Maximum,5,9441,interpolated,251,23563100.0282304,-2.0709717696011065,65.82398814590852
Maximum,5,9441,interpolated,252,23563119.657073304,-2.051342926695943,65.88571406699384
Maximum,5,9441,interpolated,253,23563139.285916213,-2.0317140837870538,65.94743998809099
Maximum,5,9441,interpolated,254,23563158.914759118,-2.01208524088189,66.08572820935615
Maximum,5,9441,interpolated,255,23563178.543602027,-1.992456397973001,66.66304711844111
Maximum,5,9441,interpolated,256,23563198.172444932,-1.9728275550678374,67.48073205483308
Maximum,5,9441,interpolated,257,23563217.80128784,-1.9531987121589482,68.27003219602625
Maximum,5,9441,interpolated,258,23563237.430130746,-1.9335698692537844,68.76075326865544
Maximum,5,9441,interpolated,259,23563257.058973655,-1.9139410263448955,69.47899874548114
Maximum,5,9441,interpolated,260,23563276.68781656,-1.8943121834397316,70.0599159762777
Maximum,5,9441,interpolated,261,23563296.31665947,-1.8746833405308425,70.1952873066839
Maximum,5,9441,interpolated,262,23563315.945502374,-1.8550544976256789,70.33065863706429
Maximum,5,9441,interpolated,263,23563335.574345283,-1.8354256547167898,70.46602996747038
Maximum,5,9441,interpolated,264,23563355.20318819,-1.8157968118116259,70.60140129785088
Maximum,5,9441,interpolated,265,23563374.832031097,-1.796167968902737,70.73677262825697
Maximum,5,9441,interpolated,266,23563394.460874002,-1.7765391259975731,70.87214395863748
Maximum,5,9441,interpolated,267,23563414.08971691,-1.756910283088684,71.04737899614418
Maximum,5,9441,interpolated,268,23563433.718559816,-1.7372814401835204,71.9008069485426
Maximum,5,9441,interpolated,269,23563453.347402725,-1.7176525972746313,73.05118873165623
Maximum,5,9441,interpolated,270,23563472.97624563,-1.6980237543694676,73.20948585185909
Maximum,5,9441,interpolated,271,23563492.60508854,-1.6783949114605785,73.36778297209207
Maximum,5,9441,interpolated,272,23563512.233931445,-1.6587660685554146,73.52608009229505
Maximum,5,9441,interpolated,273,23563531.862774353,-1.6391372256465258,73.68437721252803
Maximum,5,9441,interpolated,274,23563551.49161726,-1.6195083827413619,73.84267433273101
Maximum,5,9441,interpolated,275,23563571.120460168,-1.5998795398324728,74.00501917364693
Maximum,5,9441,interpolated,276,23563590.749303073,-1.5802506969273091,74.82288762802875
Maximum,5,9441,interpolated,277,23563610.37814598,-1.56062185401842,75.24028353096219
Maximum,5,9441,interpolated,278,23563630.006988887,-1.5409930111132562,75.54698420135537
Maximum,5,9441,interpolated,279,23563649.635831796,-1.5213641682043673,75.85368487180676
Maximum,5,9441,interpolated,280,23563669.2646747,-1.5017353252992034,76.05106803333729
Maximum,5,9441,interpolated,281,23563688.89351761,-1.4821064823903143,76.14872396820738
Maximum,5,9441,interpolated,282,23563708.52236052,-1.4624776394814254,76.24637990307747
Maximum,5,9441,interpolated,283,23563728.151203424,-1.4428487965762615,76.34403583792903
Maximum,5,9441,interpolated,284,23563747.780046333,-1.4232199536673724,76.44169177279912
Maximum,5,9441,interpolated,285,23563767.408889238,-1.4035911107622088,76.53934770765068
Maximum,5,9441,interpolated,286,23563787.037732147,-1.3839622678533197,76.63700364252077
Maximum,5,9441,interpolated,287,23563806.66657505,-1.364333424948156,76.73465957737233
Maximum,5,9441,interpolated,288,23563826.29541796,-1.344704582039267,76.83231551224242
Maximum,5,9441,interpolated,289,23563845.924260866,-1.325075739134103,76.92997144709398
Maximum,5,9441,interpolated,290,23563865.553103775,-1.305446896225214,77.03856322065826
Maximum,5,9441,interpolated,291,23563885.18194668,-1.2858180533200503,77.1748746297219
Maximum,5,9441,interpolated,292,23563904.81078959,-1.2661892104111612,77.31118603881134
Maximum,5,9441,interpolated,293,23563924.439632494,-1.2465603675059975,77.44749744787498
Maximum,5,9441,interpolated,294,23563944.068475403,-1.2269315245971084,77.58380885696454
Maximum,5,9441,interpolated,295,23563963.697318308,-1.2073026816919445,77.72012026602818
Maximum,5,9441,interpolated,296,23563983.326161217,-1.1876738387830557,77.85643167511762
Maximum,5,9441,interpolated,297,23564002.955004122,-1.1680449958778918,77.99274308418126
Maximum,5,9441,interpolated,298,23564022.58384703,-1.1484161529690027,78.26174432438029
Maximum,5,9441,interpolated,299,23564042.212689936,-1.128787310063839,78.5382069005093
Maximum,5,9441,interpolated,300,23564061.841532845,-1.10915846715495,78.81466947669082
Maximum,5,9441,interpolated,301,23564081.47037575,-1.089529624249786,79.07795633433989
Maximum,5,9441,interpolated,302,23564101.09921866,-1.0699007813408972,79.31444841757957
Maximum,5,9441,interpolated,303,23564120.728061564,-1.0502719384357333,79.55094050077435
Maximum,5,9441,interpolated,304,23564140.356904473,-1.0306430955268442,79.78743258401391
Maximum,5,9441,interpolated,305,23564159.98574738,-1.0110142526216805,80.01256802138175
Maximum,5,9441,interpolated,306,23564179.614590287,-0.9913854097127914,80.13680120434947
Maximum,5,9441,interpolated,307,23564199.243433192,-0.9717565668076277,80.26103438729353
Maximum,5,9441,interpolated,308,23564218.8722761,-0.9521277238987387,80.38526757026114
Maximum,5,9441,interpolated,309,23564238.501119006,-0.9324988809935749,80.5095007532052
Maximum,5,9441,interpolated,310,23564258.129961915,-0.9128700380846858,80.63373393617292
Maximum,5,9441,interpolated,311,23564277.75880482,-0.893241195179522,80.75796711911698
Maximum,5,9441,interpolated,312,23564297.38764773,-0.873612352270633,80.88220030208458
Maximum,5,9441,interpolated,313,23564317.016490635,-0.8539835093654692,81.16941510575509
Maximum,5,9441,interpolated,314,23564336.645333543,-0.8343546664565802,82.09895495637443
Maximum,5,9441,interpolated,315,23564356.27417645,-0.8147258235514164,82.23158227330123
Maximum,5,9441,interpolated,316,23564375.903019357,-0.7950969806425273,82.36420959025315
Maximum,5,9441,interpolated,317,23564395.531862263,-0.7754681377373636,82.49683690717995
Maximum,5,9441,interpolated,318,23564415.16070517,-0.7558392948284746,82.62946422413188
Maximum,5,9441,interpolated,319,23564434.789548077,-0.7362104519233108,82.76209154105868
Maximum,5,9441,interpolated,320,23564454.418390986,-0.7165816090144217,82.89471885801072
Maximum,5,9441,interpolated,321,23564474.04723389,-0.6969527661092579,83.03212090389479
Maximum,5,9441,interpolated,322,23564493.6760768,-0.6773239232003689,83.1879053714257
Maximum,5,9441,interpolated,323,23564513.304919705,-0.6576950802952052,83.34368983892693
Maximum,5,9441,interpolated,324,23564532.933762614,-0.6380662373863161,83.49947430645784
Maximum,5,9441,interpolated,325,23564552.56260552,-0.6184373944811523,83.65525877395908
Maximum,5,9441,interpolated,326,23564572.191448428,-0.5988085515722632,83.81104324148998
Maximum,5,9441,interpolated,327,23564591.820291333,-0.5791797086670994,83.96682770899122
Maximum,5,9441,interpolated,328,23564611.44913424,-0.5595508657582104,84.249179584545
Maximum,5,9441,interpolated,329,23564631.077977147,-0.5399220228530467,84.56577382495084
Maximum,5,9441,interpolated,330,23564650.706820056,-0.5202931799441576,84.88236806541681
Maximum,5,9441,interpolated,331,23564670.33566296,-0.5006643370389938,85.47444857542337
Maximum,5,9441,interpolated,332,23564689.96450587,-0.48103549413010477,86.09777878475234
Maximum,5,9441,interpolated,333,23564709.59334878,-0.4614066512212157,86.41956309473414
Maximum,5,9441,interpolated,334,23564729.222191684,-0.44177780831605196,86.7413474046549
Maximum,5,9441,interpolated,335,23564748.851034593,-0.4221489654071629,87.08557854650746
Maximum,5,9441,interpolated,336,23564768.479877498,-0.40252012250199914,87.52177505551117
Maximum,5,9441,interpolated,337,23564788.108720407,-0.3828912795931101,87.95797156459753
Maximum,5,9441,interpolated,338,23564807.737563312,-0.36326243668794633,88.47939360302848
Maximum,5,9441,interpolated,339,23564827.36640622,-0.3436335937790573,89.05234374584893
Maximum,5,9441,interpolated,340,23564846.995249126,-0.3240047508738935,90.24065276159456
Maximum,5,9441,interpolated,341,23564866.624092035,-0.30437590796500447,90.60414985249997
Maximum,5,9441,interpolated,342,23564886.25293494,-0.2847470650598407,90.96764694333626
Maximum,5,9441,interpolated,343,23564905.88177785,-0.26511822215095165,91.85151323090702
Maximum,5,9441,interpolated,344,23564925.510620754,-0.24548937924578787,92.12321358771806
Maximum,5,9441,interpolated,345,23564945.139463663,-0.22586053633689882,92.26969749002319
Maximum,5,9441,interpolated,346,23564964.76830657,-0.20623169343173503,92.41618139230047
Maximum,5,9441,interpolated,347,23564984.397149477,-0.18660285052284598,92.56266529460561
Maximum,5,9441,interpolated,348,23565004.025992382,-0.16697400761768222,92.709149196883
Maximum,5,9441,interpolated,349,23565023.65483529,-0.14734516470879316,92.85563309918814
Maximum,5,9441,interpolated,350,23565043.283678196,-0.1277163218036294,93.00746521569397
Maximum,5,9441,interpolated,351,23565062.912521105,-0.10808747889474035,93.52401371329631
Maximum,5,9441,interpolated,352,23565082.54136401,-0.08845863598957658,94.05137880034749
Maximum,5,9441,interpolated,353,23565102.17020692,-0.06882979308068753,94.70567356397703
Maximum,5,9441,interpolated,354,23565121.799049824,-0.049200950175523755,95.23476195270598
Maximum,5,9441,interpolated,355,23565141.427892733,-0.029572107266634704,95.66147592898619
Maximum,5,9441,interpolated,356,23565161.05673564,-0.009943264361470939,96.67612260642147
Maximum,5,9441,interpolated,357,23565180.685578547,0.009685578547418118,96.98476694354224
Maximum,5,9441,interpolated,358,23565200.314421453,0.029314421452581882,96.96786010210803
Maximum,5,9441,interpolated,359,23565219.94326436,0.04894326436147094,96.95095326067053
Maximum,5,9441,interpolated,360,23565239.572107267,0.06857210726663471,96.93404641923632
Maximum,5,9441,interpolated,361,23565259.200950176,0.08820095017552376,96.91713957779882
Maximum,5,9441,interpolated,362,23565278.82979308,0.10782979308068752,96.90023273636461
Maximum,5,9441,interpolated,363,23565298.45863599,0.12745863598957657,96.88332589492711
Maximum,5,9441,interpolated,364,23565318.087478895,0.14708747889474036,96.8664190534929
Maximum,5,9441,interpolated,365,23565337.716321804,0.1667163218036294,96.8495122120554
Maximum,5,9441,interpolated,366,23565357.34516471,0.18634516470879317,96.8326053706212
Maximum,5,9441,interpolated,367,23565376.974007618,0.20597400761768223,96.81569852918369
Maximum,5,9441,interpolated,368,23565396.602850523,0.22560285052284598,96.79879168774949
Maximum,5,9441,interpolated,369,23565416.23169343,0.24523169343173504,96.78188484631198
Maximum,5,9441,interpolated,370,23565435.860536337,0.2648605363368988,96.76497800487778
Maximum,5,9441,interpolated,371,23565455.489379246,0.2844893792457879,96.74807116344027
Maximum,5,9441,interpolated,372,23565475.11822215,0.30411822215095163,96.73116432200607
Maximum,5,9441,interpolated,373,23565494.74706506,0.3237470650598407,96.71425748056856
Maximum,5,9441,interpolated,374,23565514.375907965,0.34337590796500445,96.69735063913436
Maximum,5,9441,interpolated,375,23565534.004750874,0.3630047508738935,96.68044379769685
Maximum,5,9441,interpolated,376,23565553.63359378,0.38263359377905726,96.66353695626265
Maximum,5,9441,interpolated,377,23565573.262436688,0.4022624366879463,96.64663011482514
Maximum,5,9441,interpolated,378,23565592.891279593,0.42189127959311007,96.62972327339094
Maximum,5,9441,interpolated,379,23565612.520122502,0.4415201225019991,96.61281643195343
Maximum,5,9441,interpolated,380,23565632.148965407,0.46114896540716294,96.59590959051923
Maximum,5,9441,interpolated,381,23565651.777808316,0.480777808316052,96.57900274908184
Maximum,5,9441,interpolated,382,23565671.40665122,0.5004066512212157,96.56209590764752
Maximum,5,9441,interpolated,383,23565691.03549413,0.5200354941301047,96.54518906621013
Maximum,5,9441,interpolated,384,23565710.66433704,0.5396643370389939,96.52828222477262
Maximum,5,9441,interpolated,385,23565730.293179944,0.5592931799441576,96.51137538333842
Maximum,5,9441,interpolated,386,23565749.922022853,0.5789220228530466,96.49446854190091
Maximum,5,9441,interpolated,387,23565769.55086576,0.5985508657582105,96.47756170046671
Maximum,5,9441,interpolated,388,23565789.179708667,0.6181797086670995,96.4606548590292
Maximum,5,9441,interpolated,389,23565808.808551572,0.6378085515722632,96.443748017595
Maximum,5,9441,interpolated,390,23565828.43739448,0.6574373944811523,96.4268411761575
Maximum,5,9441,interpolated,391,23565848.066237386,0.6770662373863161,96.40993433472329
Maximum,5,9441,interpolated,392,23565867.695080295,0.6966950802952051,96.39302749328579
Maximum,5,9441,interpolated,393,23565887.3239232,0.7163239232003689,96.37612065185158
Maximum,5,9441,interpolated,394,23565906.95276611,0.735952766109258,96.35921381041408
Maximum,5,9441,interpolated,395,23565926.581609014,0.7555816090144217,96.34230696897987
Maximum,5,9441,interpolated,396,23565946.210451923,0.7752104519233107,96.32540012754237
Maximum,5,9441,interpolated,397,23565965.83929483,0.7948392948284745,96.30849328610816
Maximum,5,9441,interpolated,398,23565985.468137737,0.8144681377373636,96.29158644467066
Maximum,5,9441,interpolated,399,23566005.096980643,0.8340969806425274,96.27467960323645
Maximum,5,9441,interpolated,400,23566024.72582355,0.8537258235514165,96.25777276179895
Maximum,5,9441,interpolated,401,23566044.354666457,0.8733546664565802,96.24086592036474
Maximum,5,9441,interpolated,402,23566063.983509365,0.8929835093654692,96.22395907892724
Maximum,5,9441,interpolated,403,23566083.61235227,0.912612352270633,96.20705223749303
Maximum,5,9441,interpolated,404,23566103.24119518,0.9322411951795221,96.19014539605553
Maximum,5,9441,interpolated,405,23566122.870038085,0.9518700380846858,96.17323855462132
Maximum,5,9441,interpolated,406,23566142.498880994,0.9714988809935748,96.15633171318382
Maximum,5,9441,interpolated,407,23566162.1277239,0.9911277238987386,96.13942487174961
Maximum,5,9441,interpolated,408,23566181.756566808,1.0107565668076277,96.12251803031211
Maximum,5,9441,interpolated,409,23566201.385409713,1.0303854097127914,96.1056111888779
Maximum,5,9441,interpolated,410,23566221.01425262,1.0500142526216805,96.0887043474404
Maximum,5,9441,interpolated,411,23566240.643095527,1.0696430955268443,96.07179750600619
Maximum,5,9441,interpolated,412,23566260.271938436,1.0892719384357334,96.05489066456869
Maximum,5,9441,interpolated,413,23566279.90078134,1.108900781340897,96.03798382313448
Maximum,5,9441,interpolated,414,23566299.52962425,1.1285296242497862,96.02107698169698
Maximum,5,9441,interpolated,415,23566319.158467155,1.1481584671549498,96.00417014026277
Maximum,5,9441,interpolated,416,23566338.787310064,1.167787310063839,93.98576199224124
Maximum,5,9441,interpolated,417,23566358.41615297,1.1874161529690028,93.91196934974062
Maximum,5,9441,interpolated,418,23566378.044995878,1.2070449958778917,93.83817670722601
Maximum,5,9441,interpolated,419,23566397.673838783,1.2266738387830556,93.76438406472539
Maximum,5,9441,interpolated,420,23566417.302681692,1.2463026816919447,93.69059142221079
Maximum,5,9441,interpolated,421,23566436.931524597,1.2659315245971083,93.61679877971017
Maximum,5,9441,interpolated,422,23566456.560367506,1.2855603675059974,93.54300613719545
Maximum,5,9441,interpolated,423,23566476.18921041,1.3051892104111613,93.46921349469483
Maximum,5,9441,interpolated,424,23566495.81805332,1.3248180533200502,93.39542085218022
Maximum,5,9441,interpolated,425,23566515.446896225,1.344446896225214,93.3216282096796
Maximum,5,9441,interpolated,426,23566535.075739134,1.3640757391341032,93.247835567165
Maximum,5,9441,interpolated,427,23566554.70458204,1.3837045820392668,93.17404292466438
Maximum,5,9441,interpolated,428,23566574.33342495,1.403333424948156,93.10025028214977
Maximum,5,9441,interpolated,429,23566593.962267853,1.4229622678533196,93.02645763964915
Maximum,5,9441,interpolated,430,23566613.591110762,1.4425911107622087,92.88232606764291
Maximum,5,9441,interpolated,431,23566633.219953667,1.4622199536673726,92.69887893768816
Maximum,5,9441,interpolated,432,23566652.848796576,1.4818487965762615,92.51543180769852
Maximum,5,9441,interpolated,433,23566672.477639485,1.5014776394851506,92.33198467770887
Maximum,5,9441,interpolated,434,23566692.10648239,1.5211064823903144,92.14853754775402
Maximum,5,9441,interpolated,435,23566711.7353253,1.5407353252992033,91.8832710843999
Maximum,5,9441,interpolated,436,23566731.364168204,1.5603641682043672,91.26986974361353
Maximum,5,9441,interpolated,437,23566750.993011113,1.5799930111132563,90.94391320860586
Maximum,5,9441,interpolated,438,23566770.62185402,1.59962185401842,90.84376605092643
Maximum,5,9441,interpolated,439,23566790.250696927,1.619250696927309,90.74361889322802
Maximum,5,9441,interpolated,440,23566809.879539832,1.638879539832473,90.64347173554859
Maximum,5,9441,interpolated,441,23566829.50838274,1.6585083827413618,90.54332457785017
Maximum,5,9441,interpolated,442,23566849.137225647,1.6781372256465257,90.44317742017074
Maximum,5,9441,interpolated,443,23566868.766068555,1.6977660685554148,90.34303026247233
Maximum,5,9441,interpolated,444,23566888.39491146,1.7173949114605784,90.24288310479301
Maximum,5,9441,interpolated,445,23566908.02375437,1.7370237543694675,90.1427359470946
Maximum,5,9441,interpolated,446,23566927.652597275,1.7566525972746312,90.04258878941516
Maximum,5,9441,interpolated,447,23566947.281440184,1.7762814401835203,88.9806128389398
Maximum,5,9441,interpolated,448,23566966.91028309,1.7959102830886842,88.92002999046701
Maximum,5,9441,interpolated,449,23566986.539125998,1.8155391259975733,88.85944714198286
Maximum,5,9441,interpolated,450,23567006.167968903,1.835167968902737,88.79886429351006
Maximum,5,9441,interpolated,451,23567025.79681181,1.854796811811626,88.73828144502579
Maximum,5,9441,interpolated,452,23567045.425654717,1.8744256547167897,88.67769859655311
Maximum,5,9441,interpolated,453,23567065.054497626,1.8940544976256788,88.61711574806884
Maximum,5,9441,interpolated,454,23567084.68334053,1.9136833405308427,88.55653289959616
Maximum,5,9441,interpolated,455,23567104.31218344,1.9333121834397315,88.49595005111189
Maximum,5,9441,interpolated,456,23567123.941026345,1.9529410263448954,88.43536720263921
Maximum,5,9441,interpolated,457,23567143.569869254,1.9725698692537845,88.37478435415494
Maximum,5,9441,interpolated,458,23567163.19871216,1.9921987121589482,88.31420150568226
Maximum,5,9441,interpolated,459,23567182.827555068,2.0118275550678373,88.25361865719799
Maximum,5,9441,interpolated,460,23567202.456397973,2.031456397973001,88.19303580872531
Maximum,5,9441,interpolated,461,23567222.085240882,2.05108524088189,88.13245296024104
Maximum,5,9441,interpolated,462,23567241.714083787,2.070714083787054,88.07187011176836
Maximum,5,9441,interpolated,463,23567261.342926696,2.090342926695943,88.01128726328409
Maximum,5,9441,interpolated,464,23567280.9717696,2.1099717696011067,87.60070575997236
Maximum,5,9441,interpolated,465,23567300.60061251,2.1296006125099955,87.10998468725006
Maximum,5,9441,interpolated,466,23567320.229455415,2.1492294554151594,86.53850135105574
Maximum,5,9441,interpolated,467,23567339.858298324,2.1688582983240488,85.97554870626254
Maximum,5,9441,interpolated,468,23567359.48714123,2.188487141229212,85.71727445751037
Maximum,5,9441,interpolated,469,23567379.115984138,2.2081159841381015,85.4590002087092
Maximum,5,9441,interpolated,470,23567398.744827043,2.227744827043265,85.20072595995703
Maximum,5,9441,interpolated,471,23567418.373669952,2.2473736699521543,84.97802175903439
Maximum,5,9441,interpolated,472,23567438.002512857,2.267002512857318,84.87938435750095
Maximum,5,9441,interpolated,473,23567457.631355766,2.286631355766207,84.78074695594876
Maximum,5,9441,interpolated,474,23567477.26019867,2.306260198671371,84.6821095544152
Maximum,5,9441,interpolated,475,23567496.88904158,2.3258890415802598,84.58347215286301
Maximum,5,9441,interpolated,476,23567516.517884485,2.3455178844854236,84.48483475132957
Maximum,5,9441,interpolated,477,23567536.146727394,2.3651467273943125,84.38619734977738
Maximum,5,9441,interpolated,478,23567555.7755703,2.3847755702994764,84.28755994824382
Maximum,5,9441,interpolated,479,23567575.40441321,2.4044044132083653,84.18892254669163
Maximum,5,9441,interpolated,480,23567595.033256114,2.424033256113529,84.09028514515819
Maximum,5,9441,interpolated,481,23567614.662099022,2.4436620990224185,83.91252110408323
Maximum,5,9441,interpolated,482,23567634.290941928,2.463290941927582,82.97878757474462
Maximum,5,9441,interpolated,483,23567653.919784836,2.4829197848364712,82.79703902929191
Maximum,5,9441,interpolated,484,23567673.548627745,2.50254862774536,82.6152904838392
Maximum,5,9441,interpolated,485,23567693.17747065,2.522177470650524,82.43354193842106
Maximum,5,9441,interpolated,486,23567712.80631356,2.541806313559413,82.25179339296835
Maximum,5,9441,interpolated,487,23567732.435156465,2.5614351564645768,82.07004484755021
Maximum,5,9441,interpolated,488,23567752.063999373,2.5810639993734656,81.19573337510224
Maximum,5,9441,interpolated,489,23567771.69284228,2.6006928422786295,80.8763493164546
Maximum,5,9441,interpolated,490,23567791.321685188,2.620321685187519,80.73095048009247
Maximum,5,9441,interpolated,491,23567810.950528093,2.6399505280926823,80.58555164375787
Maximum,5,9441,interpolated,492,23567830.579371,2.6595793710015716,80.44015280739575
Maximum,5,9441,interpolated,493,23567850.208213907,2.679208213906735,80.29475397106125
Maximum,5,9441,interpolated,494,23567869.837056816,2.6988370568156244,80.14935513469914
Maximum,5,9441,interpolated,495,23567889.46589972,2.7184658997207882,80.00395629836453
Maximum,5,9441,interpolated,496,23567909.09474263,2.738094742629677,79.60219286188169
Maximum,5,9441,interpolated,497,23567928.723585535,2.757723585534841,79.19325863469078
Maximum,5,9441,interpolated,498,23567948.352428444,2.77735242844373,78.94744960180844
Maximum,5,9441,interpolated,499,23567967.98127135,2.7969812713488937,78.8478108053356
Maximum,5,9441,interpolated,500,23567987.610114258,2.8166101142577826,78.74817200884377
Maximum,5,9441,interpolated,501,23568007.238957163,2.8362389571629465,78.64853321237081
Maximum,5,9441,interpolated,502,23568026.86780007,2.8558678000718354,78.54889441587898
Maximum,5,9441,interpolated,503,23568046.496642977,2.8754966429769993,78.44925561940613
Maximum,5,9441,interpolated,504,23568066.125485886,2.8951254858858886,78.3496168229143
Maximum,5,9441,interpolated,505,23568085.75432879,2.914754328791052,78.24997802644134
Maximum,5,9441,interpolated,506,23568105.3831717,2.9343831716999413,78.15033922994951
Maximum,5,9441,interpolated,507,23568125.012014605,2.9540120146051048,78.05070043347666
Maximum,5,9441,interpolated,508,23568144.640857514,2.973640857513994,77.97699079352265
Maximum,5,9441,interpolated,509,23568164.26970042,2.993269700419158,77.93014391308077
Maximum,5,9441,interpolated,510,23568183.898543328,3.012898543328047,77.88329703262991
Maximum,5,9441,interpolated,511,23568203.527386233,3.0325273862332107,77.83645015218804
Maximum,5,9441,interpolated,512,23568223.156229142,3.0521562291420996,77.78960327173718
Maximum,5,9441,interpolated,513,23568242.785072047,3.0717850720472635,77.7427563912953
Maximum,5,9441,interpolated,514,23568262.413914956,3.0914139149561524,77.69590951084456
Maximum,5,9441,interpolated,515,23568282.04275786,3.1110427578613162,77.64906263040257
Maximum,5,9441,interpolated,516,23568301.67160077,3.130671600770205,77.60221574995182
Maximum,5,9441,interpolated,517,23568321.300443675,3.150300443675369,77.55536886950983
Maximum,5,9441,interpolated,518,23568340.929286584,3.1699292865842583,77.50852198905909
Maximum,5,9441,interpolated,519,23568360.55812949,3.1895581294894217,77.4616751086171
Maximum,5,9441,interpolated,520,23568380.1869724,3.209186972398311,77.41482822816636
Maximum,5,9441,interpolated,521,23568399.815815303,3.228815815303475,77.36798134772437
Maximum,5,9441,interpolated,522,23568419.444658212,3.248444658212364,77.32113446727362
Maximum,5,9441,interpolated,523,23568439.073501118,3.2680735011175277,77.27428758683163
Maximum,5,9441,interpolated,524,23568458.702344026,3.2877023440264166,77.22744070638089
Maximum,5,9441,interpolated,525,23568478.33118693,3.3073311869315805,77.1805938259389
Maximum,5,9441,interpolated,526,23568497.96002984,3.3269600298404693,77.13374694548816
Maximum,5,9441,interpolated,527,23568517.588872746,3.346588872745633,77.08690006504617
Maximum,5,9441,interpolated,528,23568537.217715655,3.366217715654522,77.04005318459542
Maximum,5,9441,interpolated,529,23568556.84655856,3.385846558559686,76.96570411373875
Maximum,5,9441,interpolated,530,23568576.47540147,3.405475401468575,76.72921203049907
Maximum,5,9441,interpolated,531,23568596.104244374,3.4251042443737387,76.49271994730441
Maximum,5,9441,interpolated,532,23568615.733087283,3.444733087282628,76.25622786406473
Maximum,5,9441,interpolated,533,23568635.36193019,3.464361930191517,76.01973578082504
Maximum,5,9441,interpolated,534,23568654.990773097,3.483990773096681,75.92686677602978
Maximum,5,9441,interpolated,535,23568674.619616006,3.5036196160055697,75.84707473168464
Maximum,5,9441,interpolated,536,23568694.24845891,3.5232484589107336,75.76728268735474
Maximum,5,9441,interpolated,537,23568713.87730182,3.5428773018196225,75.68749064300971
Maximum,5,9441,interpolated,538,23568733.506144725,3.5625061447247863,75.60769859867969
Maximum,5,9441,interpolated,539,23568753.134987634,3.582134987633675,75.52790655433466
Maximum,5,9441,interpolated,540,23568772.76383054,3.601763830538839,75.44811451000476
Maximum,5,9441,interpolated,541,23568792.392673448,3.6213926734477284,75.36832246565962
Maximum,5,9441,interpolated,542,23568812.021516353,3.641021516352892,75.28853042132971
Maximum,5,9441,interpolated,543,23568831.65035926,3.660650359261781,75.20873837698468
Maximum,5,9441,interpolated,544,23568851.279202167,3.680279202166945,75.12894633265466
Maximum,5,9441,interpolated,545,23568870.908045076,3.699908045075834,75.04915428830964
Maximum,5,9441,interpolated,546,23568890.53688798,3.719536887980998,74.83251360042232
Maximum,5,9441,interpolated,547,23568910.16573089,3.7391657308898867,74.39631709133585
Maximum,5,9441,interpolated,548,23568929.794573795,3.7587945737950506,73.95622990743777
Maximum,5,9441,interpolated,549,23568949.423416704,3.7784234167039394,73.47747764136739
Maximum,5,9441,interpolated,550,23568969.05225961,3.7980522596091033,72.99977278430822
Maximum,5,9441,interpolated,551,23568988.681102518,3.817681102517992,72.91442998905222
Maximum,5,9441,interpolated,552,23569008.309945423,3.837309945423156,72.82908719381237
Maximum,5,9441,interpolated,553,23569027.938788332,3.856938788332045,72.74374439855637
Maximum,5,9441,interpolated,554,23569047.567631237,3.876567631237209,72.65840160331652
Maximum,5,9441,interpolated,555,23569067.196474146,3.896196474146098,72.57305880806041
Maximum,5,9441,interpolated,556,23569086.82531705,3.9158253170512616,72.48771601282056
Maximum,5,9441,interpolated,557,23569106.45415996,3.935454159960151,72.40237321756456
Maximum,5,9441,interpolated,558,23569126.083002865,3.955083002865315,72.3170304223247
Maximum,5,9441,interpolated,559,23569145.711845774,3.9747118457742037,72.23168762706871
Maximum,5,9441,interpolated,560,23569165.34068868,3.9943406886793675,72.14634483182886
Maximum,5,9441,interpolated,561,23569184.96953159,4.013969531588256,72.06100203657275
Maximum,5,9441,interpolated,562,23569204.598374493,4.03359837449342,71.62677503377199
Maximum,5,9441,interpolated,563,23569224.227217402,4.053227217402309,70.78693297078519
Maximum,5,9441,interpolated,564,23569243.856060307,4.072856060307473,70.37799874359428
Maximum,5,9441,interpolated,565,23569263.484903216,4.092484903216362,69.99415392434503
Maximum,5,9441,interpolated,566,23569283.11374612,4.112113746121526,69.91687501526962
Maximum,5,9441,interpolated,567,23569302.74258903,4.131742589030415,69.83959610617944
Maximum,5,9441,interpolated,568,23569322.371431936,4.151371431935579,69.76231719710404
Maximum,5,9441,interpolated,569,23569342.000274844,4.1710002748444674,69.68503828801386
Maximum,5,9441,interpolated,570,23569361.62911775,4.190629117749632,69.60775937893845
Maximum,5,9441,interpolated,571,23569381.25796066,4.21025796065852,69.53048046984838
Maximum,5,9441,interpolated,572,23569400.886803564,4.2298868035636845,69.45320156077287
Maximum,5,9441,interpolated,573,23569420.515646473,4.249515646472573,69.3759226516828
Maximum,5,9441,interpolated,574,23569440.144489378,4.269144489377737,69.29864374260728
Maximum,5,9441,interpolated,575,23569459.773332287,4.288773332286627,69.22136483351721
Maximum,5,9441,interpolated,576,23569479.40217519,4.30840217519179,69.14408592444181
Maximum,5,9441,interpolated,577,23569499.0310181,4.328031018100679,69.06680701535163
Maximum,5,9441,interpolated,578,23569518.659861006,4.347659861005843,68.89769765362144
Maximum,5,9441,interpolated,579,23569538.288703915,4.367288703914732,68.14274215712567
Maximum,5,9441,interpolated,580,23569557.91754682,4.3869175468198955,67.79851206557089
Maximum,5,9441,interpolated,581,23569577.54638973,4.406546389728785,67.55004569963569
Maximum,5,9441,interpolated,582,23569597.175232634,4.426175232633948,67.30157933374744
Maximum,5,9441,interpolated,583,23569616.804075543,4.445804075542838,67.05311296781224
Maximum,5,9441,interpolated,584,23569636.43291845,4.465432918451727,66.87653665238622
Maximum,5,9441,interpolated,585,23569656.061761357,4.48506176135689,66.71950590914491
Maximum,5,9441,interpolated,586,23569675.690604266,4.50469060426578,66.56247516587382
Maximum,5,9441,interpolated,587,23569695.31944717,4.524319447170943,66.4054444226324
Maximum,5,9441,interpolated,588,23569714.94829008,4.5439482900798325,66.2484136793613
Maximum,5,9441,interpolated,589,23569734.577132985,4.563577132984996,66.09138293612
Maximum,5,9441,interpolated,590,23569754.205975894,4.583205975893885,65.95466311660834
Maximum,5,9441,interpolated,591,23569773.8348188,4.602834818799049,65.84621647072345
Maximum,5,9441,interpolated,592,23569793.463661708,4.622463661707938,65.73776982481797
Maximum,5,9441,interpolated,593,23569813.092504613,4.642092504613101,65.62932317893319
Maximum,5,9441,interpolated,594,23569832.721347522,4.661721347521991,65.52087653302772
Maximum,5,9441,interpolated,595,23569852.350190427,4.681350190427154,65.41242988714282
Maximum,5,9441,interpolated,596,23569871.979033336,4.7009790333360435,65.30398324123735
Maximum,5,9441,interpolated,597,23569891.60787624,4.720607876241207,65.19553659535245
Maximum,5,9441,interpolated,598,23569911.23671915,4.740236719150096,65.08708994944698
Maximum,5,9441,interpolated,599,23569930.865562055,4.75986556205526,64.85683103499036
Maximum,5,9441,interpolated,600,23569950.494404964,4.779494404964149,64.12983685317965
Maximum,5,9441,interpolated,601,23569970.12324787,4.799123247869312,63.575704003439114
Maximum,5,9441,interpolated,602,23569989.75209078,4.818752090778202,63.05915550583677
Maximum,5,9441,interpolated,603,23570009.380933683,4.838380933683366,60.93498204455068
Maximum,5,9441,interpolated,604,23570029.009776592,4.8580097765922545,60.557504296302795
Maximum,5,9441,interpolated,605,23570048.638619497,4.877638619497419,60.180026548126534
Maximum,5,9441,interpolated,606,23570068.267462406,4.897267462406307,59.066594326699374
Maximum,5,9441,interpolated,607,23570087.89630531,4.916896305311472,58.76671228010525
Maximum,5,9441,interpolated,608,23570107.52514822,4.93652514822036,58.52438088616839
Maximum,5,9441,interpolated,609,23570127.153991126,4.956153991125524,58.28204949227745
Maximum,5,9441,interpolated,610,23570146.782834034,4.975782834034413,58.039718098340586
Maximum,5,9441,interpolated,611,23570166.41167694,4.995411676939577,57.721835984074914
Maximum,5,9441,interpolated,612,23570186.04051985,5.015040519848466,57.38914373138198
Maximum,5,9441,interpolated,613,23570205.669362754,5.03466936275363,57.056451478752024
Maximum,5,9441,interpolated,614,23570225.298205663,5.054298205662519,56.92275731913503
Maximum,5,9441,interpolated,615,23570244.927048568,5.073927048567683,56.82972962764131
Maximum,5,9441,interpolated,616,23570264.555891477,5.093555891476572,56.736701936129975
Maximum,5,9441,interpolated,617,23570284.18473438,5.113184734381735,56.64367424463637
Maximum,5,9441,interpolated,618,23570303.81357729,5.132813577290625,56.550646553125034
Maximum,5,9441,interpolated,619,23570323.442420196,5.152442420195788,56.45761886163132
Maximum,5,9441,interpolated,620,23570343.071263105,5.1720712631046775,56.36459117011998
Maximum,5,9441,interpolated,621,23570362.70010601,5.191700106009841,56.271563478626376
Maximum,5,9441,interpolated,622,23570382.32894892,5.21132894891873,56.17853578711504
Maximum,5,9441,interpolated,623,23570401.957791824,5.230957791823894,56.08550809562132
Maximum,5,9441,interpolated,624,23570421.586634733,5.250586634732783,55.801670658402145
Maximum,5,9441,interpolated,625,23570441.215477638,5.270215477637946,54.62241492463011
Maximum,5,9441,interpolated,626,23570460.844320547,5.289844320546836,54.06159084151898
Maximum,5,9441,interpolated,627,23570480.473163452,5.309473163451999,53.94194962308302
Maximum,5,9441,interpolated,628,23570500.10200636,5.3291020063608885,53.87673752039575
Maximum,5,9441,interpolated,629,23570519.730849266,5.348730849266053,53.81152541772076
Maximum,5,9441,interpolated,630,23570539.359692175,5.368359692174941,53.746313315033376
Maximum,5,9441,interpolated,631,23570558.98853508,5.387988535080106,53.6811012123585
Maximum,5,9441,interpolated,632,23570578.61737799,5.407617377988994,53.615889109671116
Maximum,5,9441,interpolated,633,23570598.246220894,5.427246220894158,53.550677006996125
Maximum,5,9441,interpolated,634,23570617.875063803,5.446875063803047,53.485464904308856
Maximum,5,9441,interpolated,635,23570637.503906712,5.466503906711936,53.42025280162147
Maximum,5,9441,interpolated,636,23570657.132749617,5.4861327496170995,53.35504069894648
Maximum,5,9441,interpolated,637,23570676.761592526,5.505761592525989,53.28982859625921
Maximum,5,9441,interpolated,638,23570696.39043543,5.525390435431152,53.22461649358422
Maximum,5,9441,interpolated,639,23570716.01927834,5.545019278340042,53.15940439089684
Maximum,5,9441,interpolated,640,23570735.648121245,5.564648121245206,53.09419228822196
Maximum,5,9441,interpolated,641,23570755.276964154,5.584276964154094,53.02898018553458
Maximum,5,9441,interpolated,642,23570774.90580706,5.603905807059259,52.83962048442265
Maximum,5,9441,interpolated,643,23570794.53464997,5.623534649968147,52.55096102988023
Maximum,5,9441,interpolated,644,23570814.163492873,5.643163492873311,52.262301575392485
Maximum,5,9441,interpolated,645,23570833.792335782,5.6627923357822,51.98926745040603
Maximum,5,9441,interpolated,646,23570853.421178687,5.682421178687364,51.87172946893793
Maximum,5,9441,interpolated,647,23570873.050021596,5.702050021596253,51.75419148744754
Maximum,5,9441,interpolated,648,23570892.6788645,5.721678864501417,51.63665350597955
Maximum,5,9441,interpolated,649,23570912.30770741,5.741307707410306,51.519115524489166
Maximum,5,9441,interpolated,650,23570931.936550315,5.76093655031547,51.401577543021176
Maximum,5,9441,interpolated,651,23570951.565393224,5.780565393224359,51.28403956153079
Maximum,5,9441,interpolated,652,23570971.19423613,5.8001942361295225,51.166501580062686
Maximum,5,9441,interpolated,653,23570990.82307904,5.819823079038412,51.04896359857241
Maximum,5,9441,interpolated,654,23571010.451921944,5.839451921943575,50.94186841653004
Maximum,5,9441,interpolated,655,23571030.080764852,5.8590807648524645,50.84222962003821
Maximum,5,9441,interpolated,656,23571049.709607758,5.878709607757628,50.742590823565365
Maximum,5,9441,interpolated,657,23571069.338450667,5.898338450666517,50.642952027073534
Maximum,5,9441,interpolated,658,23571088.96729357,5.917967293571681,50.543313230600575
Maximum,5,9441,interpolated,659,23571108.59613648,5.93759613648057,50.44367443410874
Maximum,5,9441,interpolated,660,23571128.224979386,5.9572249793857335,50.3440356376359
Maximum,5,9441,interpolated,661,23571147.853822295,5.976853822294623,50.24439684114407
Maximum,5,9441,interpolated,662,23571167.4826652,5.996482665199786,50.14475804467111
Maximum,5,9441,interpolated,663,23571187.11150811,6.016111508108676,50.045119248179276
Maximum,5,9441,interpolated,664,23571206.740351014,6.035740351013839,48.25107210957344
Maximum,5,9441,interpolated,665,23571226.369193923,6.055369193922728,47.68983582280839
Maximum,5,9441,interpolated,666,23571245.998036828,6.074998036827893,47.3393207709305
Maximum,5,9441,interpolated,667,23571265.626879737,6.094626879736781,46.993111211683754
Maximum,5,9441,interpolated,668,23571285.255722642,6.114255722641945,46.777409641297254
Maximum,5,9441,interpolated,669,23571304.88456555,6.133884565550834,46.56170807086994
Maximum,5,9441,interpolated,670,23571324.513408456,6.153513408455998,46.346006500483554
Maximum,5,9441,interpolated,671,23571344.142251365,6.173142251364887,46.13030493005624
Maximum,5,9441,interpolated,672,23571363.77109427,6.192771094270051,45.61144528649743
Maximum,5,9441,interpolated,673,23571383.39993718,6.212399937178939,44.96372579814249
Maximum,5,9441,interpolated,674,23571403.028780084,6.232028780084104,44.86750597997991
Maximum,5,9441,interpolated,675,23571422.657622993,6.251657622992992,44.771286161799026
Maximum,5,9441,interpolated,676,23571442.2864659,6.271286465898156,44.675066343636445
Maximum,5,9441,interpolated,677,23571461.915308807,6.290915308807046,44.578846525455674
Maximum,5,9441,interpolated,678,23571481.544151712,6.310544151712209,44.48262670729309
Maximum,5,9441,interpolated,679,23571501.17299462,6.3301729946210985,44.38640688911221
Maximum,5,9441,interpolated,680,23571520.801837526,6.349801837526262,44.29018707094974
Maximum,5,9441,interpolated,681,23571540.430680435,6.369430680435151,44.19396725276886
Maximum,5,9441,interpolated,682,23571560.05952334,6.389059523340315,44.097747434606276
Maximum,5,9441,interpolated,683,23571579.68836625,6.408688366249204,44.001527616425506
Maximum,5,9441,interpolated,684,23571599.317209154,6.428317209154367,43.78536434272928
Maximum,5,9441,interpolated,685,23571618.946052063,6.447946052063257,43.56726608818599
Maximum,5,9441,interpolated,686,23571638.574894972,6.467574894972146,43.34916783364281
Maximum,5,9441,interpolated,687,23571658.203737877,6.4872037378773095,43.13106957914101
Maximum,5,9441,interpolated,688,23571677.832580786,6.506832580786199,42.44052994384299
Maximum,5,9441,interpolated,689,23571697.46142369,6.526461423691362,41.918415613991726
Maximum,5,9441,interpolated,690,23571717.0902666,6.546090266600252,41.79945292969546
Maximum,5,9441,interpolated,691,23571736.719109505,6.565719109505415,41.68049024542171
Maximum,5,9441,interpolated,692,23571756.347952414,6.585347952414304,41.561527561125445
Maximum,5,9441,interpolated,693,23571775.97679532,6.604976795319468,41.44256487685169
Maximum,5,9441,interpolated,694,23571795.60563823,6.624605638228357,41.32360219255543
Maximum,5,9441,interpolated,695,23571815.234481134,6.6442344811335206,41.20463950828167
Maximum,5,9441,interpolated,696,23571834.863324042,6.66386332404241,41.08567682398541
Maximum,5,9441,interpolated,697,23571854.492166948,6.683492166947573,40.98765805180318
Maximum,5,9441,interpolated,698,23571874.121009856,6.703121009856463,40.943548292457365
Maximum,5,9441,interpolated,699,23571893.74985276,6.722749852761626,40.89943853311996
Maximum,5,9441,interpolated,700,23571913.37869567,6.742378695670515,40.85532877377415
Maximum,5,9441,interpolated,701,23571933.007538576,6.762007538575679,40.81121901443669
Maximum,5,9441,interpolated,702,23571952.636381485,6.781636381484568,40.76710925509087
Maximum,5,9441,interpolated,703,23571972.26522439,6.8012652243897325,40.72299949575341
Maximum,5,9441,interpolated,704,23571991.8940673,6.820894067298621,40.6788897364076
Maximum,5,9441,interpolated,705,23572011.522910204,6.840522910203785,40.63477997707014
Maximum,5,9441,interpolated,706,23572031.151753113,6.860151753112674,40.59067021772432
Maximum,5,9441,interpolated,707,23572050.780596018,6.879780596017838,40.546560458386864
Maximum,5,9441,interpolated,708,23572070.409438927,6.899409438926726,40.50245069904105
Maximum,5,9441,interpolated,709,23572090.038281832,6.919038281831891,40.45834093970359
Maximum,5,9441,interpolated,710,23572109.66712474,6.938667124740779,40.414231180357774
Maximum,5,9441,interpolated,711,23572129.295967646,6.9582959676459435,40.37012142102037
Maximum,5,9441,interpolated,712,23572148.924810555,6.977924810554832,40.326011661674556
Maximum,5,9441,interpolated,713,23572168.55365346,6.997553653459996,40.2819019023371
